2025-12-03 19:12:28 | CRITICAL | root |  Fatal error: BacktestExecutor.__init__() got an unexpected keyword argument 'initial_balance'
Traceback (most recent call last):
  File "D:\myBot\pyforex-1\main.py", line 179, in main
    run_backtest(args)
    ~~~~~~~~~~~~^^^^^^
  File "D:\myBot\pyforex-1\main.py", line 82, in run_backtest
    bot = BacktestBot(
        data=df,
        strategy_class=NeuralHybridStrategy,
        initial_balance=args.balance,
    )
  File "D:\myBot\pyforex-1\trading\bot.py", line 246, in __init__
    self.executor = BacktestExecutor(initial_balance=initial_balance)
                    ~~~~~~~~~~~~~~~~^^^^^^^^^^^^^^^^^^^^^^^^^^^^^^^^^
TypeError: BacktestExecutor.__init__() got an unexpected keyword argument 'initial_balance'
2025-12-03 19:13:11 | CRITICAL | root |  Fatal error: cannot import name 'pd' from 'pandas' (C:\Users\javad\miniconda3\Lib\site-packages\pandas\__init__.py)
Traceback (most recent call last):
  File "D:\myBot\pyforex-1\main.py", line 179, in main
    run_backtest(args)
    ~~~~~~~~~~~~^^^^^^
  File "D:\myBot\pyforex-1\main.py", line 58, in run_backtest
    from trading.bot import BacktestBot
  File "D:\myBot\pyforex-1\trading\bot.py", line 8, in <module>
    from pandas import pd
ImportError: cannot import name 'pd' from 'pandas' (C:\Users\javad\miniconda3\Lib\site-packages\pandas\__init__.py)
2025-12-03 19:16:26 | CRITICAL | root |  Fatal error: cannot import name 'pd' from 'pandas' (C:\Users\javad\miniconda3\Lib\site-packages\pandas\__init__.py)
Traceback (most recent call last):
  File "D:\myBot\pyforex-1\main.py", line 179, in main
    run_backtest(args)
    ~~~~~~~~~~~~^^^^^^
  File "D:\myBot\pyforex-1\main.py", line 58, in run_backtest
    from trading.bot import BacktestBot
  File "D:\myBot\pyforex-1\trading\bot.py", line 8, in <module>
    from pandas import pd
ImportError: cannot import name 'pd' from 'pandas' (C:\Users\javad\miniconda3\Lib\site-packages\pandas\__init__.py)
2025-12-03 19:18:17 | CRITICAL | root |  Fatal error: BacktestExecutor.__init__() got an unexpected keyword argument 'initial_balance'
Traceback (most recent call last):
  File "D:\myBot\pyforex-1\main.py", line 179, in main
    run_backtest(args)
    ~~~~~~~~~~~~^^^^^^
  File "D:\myBot\pyforex-1\main.py", line 82, in run_backtest
    bot = BacktestBot(
        data=df,
        strategy_class=NeuralHybridStrategy,
        initial_balance=args.balance,
    )
  File "D:\myBot\pyforex-1\trading\bot.py", line 261, in __init__
    self.executor = BacktestExecutor(initial_balance=initial_balance)
                    ~~~~~~~~~~~~~~~~^^^^^^^^^^^^^^^^^^^^^^^^^^^^^^^^^
TypeError: BacktestExecutor.__init__() got an unexpected keyword argument 'initial_balance'
2025-12-03 19:24:32 | INFO     | inference.predictor | Loading models from models\weights on cpu
2025-12-03 19:24:33 | INFO     | timm.models._builder | Loading pretrained weights from Hugging Face hub (timm/vit_base_patch16_224.augreg2_in21k_ft_in1k)
2025-12-03 19:24:34 | WARNING  | huggingface_hub.file_download | Xet Storage is enabled for this repo, but the 'hf_xet' package is not installed. Falling back to regular HTTP download. For better performance, install the package with: `pip install huggingface_hub[hf_xet]` or `pip install hf_xet`
2025-12-03 19:29:50 | ERROR    | inference.predictor | Failed to load models: ("Connection broken: ConnectionResetError(10054, 'An existing connection was forcibly closed by the remote host', None, 10054, None)", ConnectionResetError(10054, 'An existing connection was forcibly closed by the remote host', None, 10054, None))
2025-12-03 19:29:50 | CRITICAL | root |  Fatal error: ("Connection broken: ConnectionResetError(10054, 'An existing connection was forcibly closed by the remote host', None, 10054, None)", ConnectionResetError(10054, 'An existing connection was forcibly closed by the remote host', None, 10054, None))
Traceback (most recent call last):
  File "C:\Users\javad\miniconda3\Lib\site-packages\urllib3\response.py", line 779, in _error_catcher
    yield
  File "C:\Users\javad\miniconda3\Lib\site-packages\urllib3\response.py", line 904, in _raw_read
    data = self._fp_read(amt, read1=read1) if not fp_closed else b""
           ~~~~~~~~~~~~~^^^^^^^^^^^^^^^^^^
  File "C:\Users\javad\miniconda3\Lib\site-packages\urllib3\response.py", line 887, in _fp_read
    return self._fp.read(amt) if amt is not None else self._fp.read()
           ~~~~~~~~~~~~~^^^^^
  File "C:\Users\javad\miniconda3\Lib\http\client.py", line 479, in read
    s = self.fp.read(amt)
  File "C:\Users\javad\miniconda3\Lib\socket.py", line 719, in readinto
    return self._sock.recv_into(b)
           ~~~~~~~~~~~~~~~~~~~~^^^
  File "C:\Users\javad\miniconda3\Lib\ssl.py", line 1304, in recv_into
    return self.read(nbytes, buffer)
           ~~~~~~~~~^^^^^^^^^^^^^^^^
  File "C:\Users\javad\miniconda3\Lib\ssl.py", line 1138, in read
    return self._sslobj.read(len, buffer)
           ~~~~~~~~~~~~~~~~~^^^^^^^^^^^^^
ConnectionResetError: [WinError 10054] An existing connection was forcibly closed by the remote host

The above exception was the direct cause of the following exception:

Traceback (most recent call last):
  File "C:\Users\javad\miniconda3\Lib\site-packages\requests\models.py", line 820, in generate
    yield from self.raw.stream(chunk_size, decode_content=True)
  File "C:\Users\javad\miniconda3\Lib\site-packages\urllib3\response.py", line 1091, in stream
    data = self.read(amt=amt, decode_content=decode_content)
  File "C:\Users\javad\miniconda3\Lib\site-packages\urllib3\response.py", line 980, in read
    data = self._raw_read(amt)
  File "C:\Users\javad\miniconda3\Lib\site-packages\urllib3\response.py", line 903, in _raw_read
    with self._error_catcher():
         ~~~~~~~~~~~~~~~~~~~^^
  File "C:\Users\javad\miniconda3\Lib\contextlib.py", line 162, in __exit__
    self.gen.throw(value)
    ~~~~~~~~~~~~~~^^^^^^^
  File "C:\Users\javad\miniconda3\Lib\site-packages\urllib3\response.py", line 806, in _error_catcher
    raise ProtocolError(f"Connection broken: {e!r}", e) from e
urllib3.exceptions.ProtocolError: ("Connection broken: ConnectionResetError(10054, 'An existing connection was forcibly closed by the remote host', None, 10054, None)", ConnectionResetError(10054, 'An existing connection was forcibly closed by the remote host', None, 10054, None))

During handling of the above exception, another exception occurred:

Traceback (most recent call last):
  File "D:\myBot\pyforex-1\main.py", line 179, in main
    run_backtest(args)
    ~~~~~~~~~~~~^^^^^^
  File "D:\myBot\pyforex-1\main.py", line 82, in run_backtest
    bot = BacktestBot(
        data=df,
        strategy_class=NeuralHybridStrategy,
        initial_balance=args.balance,
    )
  File "D:\myBot\pyforex-1\trading\bot.py", line 257, in __init__
    self.strategy = strategy_class(
                    ~~~~~~~~~~~~~~^
        data_provider=self,  # Bot acts as data provider
        ^^^^^^^^^^^^^^^^^^^^^^^^^^^^^^^^^^^^^^^^^^^^^^^^
        executor=self.executor,
        ^^^^^^^^^^^^^^^^^^^^^^^
        risk_manager=self.risk_manager,
        ^^^^^^^^^^^^^^^^^^^^^^^^^^^^^^^
    )
    ^
  File "D:\myBot\pyforex-1\strategies\neural_hybrid.py", line 44, in __init__
    self.predictor = predictor or HybridPredictor()
                                  ~~~~~~~~~~~~~~~^^
  File "D:\myBot\pyforex-1\inference\predictor.py", line 64, in __init__
    self._load_models()
    ~~~~~~~~~~~~~~~~~^^
  File "D:\myBot\pyforex-1\inference\predictor.py", line 78, in _load_models
    self.vit = ViTExtractor(
               ~~~~~~~~~~~~^
        model_name="vit_base_patch16_224",
        ^^^^^^^^^^^^^^^^^^^^^^^^^^^^^^^^^^
        pretrained=True,
        ^^^^^^^^^^^^^^^^
    ).to(self.device)
    ^
  File "D:\myBot\pyforex-1\models\vit.py", line 37, in __init__
    self.vit = create_model(model_name, pretrained=pretrained)
               ~~~~~~~~~~~~^^^^^^^^^^^^^^^^^^^^^^^^^^^^^^^^^^^
  File "C:\Users\javad\miniconda3\Lib\site-packages\timm\models\_factory.py", line 138, in create_model
    model = create_fn(
        pretrained=pretrained,
    ...<3 lines>...
        **kwargs,
    )
  File "C:\Users\javad\miniconda3\Lib\site-packages\timm\models\vision_transformer.py", line 2820, in vit_base_patch16_224
    model = _create_vision_transformer('vit_base_patch16_224', pretrained=pretrained, **dict(model_args, **kwargs))
  File "C:\Users\javad\miniconda3\Lib\site-packages\timm\models\vision_transformer.py", line 2720, in _create_vision_transformer
    return build_model_with_cfg(
        VisionTransformer,
    ...<5 lines>...
        **kwargs,
    )
  File "C:\Users\javad\miniconda3\Lib\site-packages\timm\models\_builder.py", line 457, in build_model_with_cfg
    load_pretrained(
    ~~~~~~~~~~~~~~~^
        model,
        ^^^^^^
    ...<5 lines>...
        cache_dir=cache_dir,
        ^^^^^^^^^^^^^^^^^^^^
    )
    ^
  File "C:\Users\javad\miniconda3\Lib\site-packages\timm\models\_builder.py", line 226, in load_pretrained
    state_dict = load_state_dict_from_hf(pretrained_loc, weights_only=True, cache_dir=cache_dir)
  File "C:\Users\javad\miniconda3\Lib\site-packages\timm\models\_hub.py", line 226, in load_state_dict_from_hf
    cached_safe_file = hf_hub_download(
        repo_id=hf_model_id,
    ...<2 lines>...
        cache_dir=cache_dir,
    )
  File "C:\Users\javad\miniconda3\Lib\site-packages\huggingface_hub\utils\_validators.py", line 114, in _inner_fn
    return fn(*args, **kwargs)
  File "C:\Users\javad\miniconda3\Lib\site-packages\huggingface_hub\file_download.py", line 1010, in hf_hub_download
    return _hf_hub_download_to_cache_dir(
        # Destination
    ...<14 lines>...
        force_download=force_download,
    )
  File "C:\Users\javad\miniconda3\Lib\site-packages\huggingface_hub\file_download.py", line 1171, in _hf_hub_download_to_cache_dir
    _download_to_tmp_and_move(
    ~~~~~~~~~~~~~~~~~~~~~~~~~^
        incomplete_path=Path(blob_path + ".incomplete"),
        ^^^^^^^^^^^^^^^^^^^^^^^^^^^^^^^^^^^^^^^^^^^^^^^^
    ...<8 lines>...
        xet_file_data=xet_file_data,
        ^^^^^^^^^^^^^^^^^^^^^^^^^^^^
    )
    ^
  File "C:\Users\javad\miniconda3\Lib\site-packages\huggingface_hub\file_download.py", line 1738, in _download_to_tmp_and_move
    http_get(
    ~~~~~~~~^
        url_to_download,
        ^^^^^^^^^^^^^^^^
    ...<4 lines>...
        expected_size=expected_size,
        ^^^^^^^^^^^^^^^^^^^^^^^^^^^^
    )
    ^
  File "C:\Users\javad\miniconda3\Lib\site-packages\huggingface_hub\file_download.py", line 496, in http_get
    for chunk in r.iter_content(chunk_size=constants.DOWNLOAD_CHUNK_SIZE):
                 ~~~~~~~~~~~~~~^^^^^^^^^^^^^^^^^^^^^^^^^^^^^^^^^^^^^^^^^^
  File "C:\Users\javad\miniconda3\Lib\site-packages\requests\models.py", line 822, in generate
    raise ChunkedEncodingError(e)
requests.exceptions.ChunkedEncodingError: ("Connection broken: ConnectionResetError(10054, 'An existing connection was forcibly closed by the remote host', None, 10054, None)", ConnectionResetError(10054, 'An existing connection was forcibly closed by the remote host', None, 10054, None))
2025-12-03 19:31:28 | INFO     | inference.predictor | Loading models from models\weights on cpu
2025-12-03 19:31:29 | INFO     | timm.models._builder | Loading pretrained weights from Hugging Face hub (timm/vit_base_patch16_224.augreg2_in21k_ft_in1k)
2025-12-03 19:31:31 | WARNING  | huggingface_hub.file_download | Xet Storage is enabled for this repo, but the 'hf_xet' package is not installed. Falling back to regular HTTP download. For better performance, install the package with: `pip install huggingface_hub[hf_xet]` or `pip install hf_xet`
2025-12-03 19:33:31 | INFO     | timm.models._hub | [timm/vit_base_patch16_224.augreg2_in21k_ft_in1k] Safe alternative available for 'pytorch_model.bin' (as 'model.safetensors'). Loading weights using safetensors.
2025-12-03 19:33:33 | WARNING  | models.yolo_detector | Failed to load YOLO model: [Errno 2] No such file or directory: 'models\\weights\\yolo_best.pt'. Using fallback.
2025-12-03 19:33:33 | INFO     | inference.predictor | Loaded weights: models\weights\lstm_best.pt
2025-12-03 19:33:33 | WARNING  | inference.predictor | Weight file not found: models\weights\vit_best.pt (using random/pretrained)
2025-12-03 19:33:33 | WARNING  | inference.predictor | Weight file not found: models\weights\fusion_best.pt (using random/pretrained)
2025-12-03 19:33:33 | INFO     | inference.predictor | All models loaded successfully
2025-12-03 19:33:33 | INFO     | inference.predictor | Loading models from models\weights on cpu
2025-12-03 19:33:34 | INFO     | timm.models._builder | Loading pretrained weights from Hugging Face hub (timm/vit_base_patch16_224.augreg2_in21k_ft_in1k)
2025-12-03 19:33:34 | INFO     | timm.models._hub | [timm/vit_base_patch16_224.augreg2_in21k_ft_in1k] Safe alternative available for 'pytorch_model.bin' (as 'model.safetensors'). Loading weights using safetensors.
2025-12-03 19:33:35 | WARNING  | models.yolo_detector | Failed to load YOLO model: [Errno 2] No such file or directory: 'models\\weights\\yolo_best.pt'. Using fallback.
2025-12-03 19:33:35 | INFO     | inference.predictor | Loaded weights: models\weights\lstm_best.pt
2025-12-03 19:33:35 | WARNING  | inference.predictor | Weight file not found: models\weights\vit_best.pt (using random/pretrained)
2025-12-03 19:33:35 | WARNING  | inference.predictor | Weight file not found: models\weights\fusion_best.pt (using random/pretrained)
2025-12-03 19:33:35 | INFO     | inference.predictor | All models loaded successfully
2025-12-03 19:33:36 | INFO     | strategies.neural_hybrid | [DECISION] NO_TRADE | Pattern weak (0.37) | Conf: 0.00
2025-12-03 19:33:36 | INFO     | strategies.neural_hybrid | [DECISION] NO_TRADE | Pattern weak (0.38) | Conf: 0.00
2025-12-03 19:33:36 | INFO     | strategies.neural_hybrid | [DECISION] NO_TRADE | Pattern weak (0.38) | Conf: 0.00
2025-12-03 19:33:37 | INFO     | strategies.neural_hybrid | [DECISION] NO_TRADE | Pattern weak (0.37) | Conf: 0.00
2025-12-03 19:33:37 | INFO     | strategies.neural_hybrid | [DECISION] NO_TRADE | Pattern weak (0.37) | Conf: 0.00
2025-12-03 19:33:37 | INFO     | strategies.neural_hybrid | [DECISION] NO_TRADE | Pattern weak (0.36) | Conf: 0.00
2025-12-03 19:33:37 | INFO     | strategies.neural_hybrid | [DECISION] NO_TRADE | Pattern weak (0.36) | Conf: 0.00
2025-12-03 19:33:38 | INFO     | strategies.neural_hybrid | [DECISION] NO_TRADE | Pattern weak (0.36) | Conf: 0.00
2025-12-03 19:33:38 | INFO     | strategies.neural_hybrid | [DECISION] NO_TRADE | Pattern weak (0.36) | Conf: 0.00
2025-12-03 19:33:38 | INFO     | strategies.neural_hybrid | [DECISION] NO_TRADE | Pattern weak (0.37) | Conf: 0.00
2025-12-03 19:33:38 | INFO     | strategies.neural_hybrid | [DECISION] NO_TRADE | Pattern weak (0.36) | Conf: 0.00
2025-12-03 19:33:39 | INFO     | strategies.neural_hybrid | [DECISION] NO_TRADE | Pattern weak (0.36) | Conf: 0.00
2025-12-03 19:33:39 | INFO     | strategies.neural_hybrid | [DECISION] NO_TRADE | Pattern weak (0.37) | Conf: 0.00
2025-12-03 19:33:39 | INFO     | strategies.neural_hybrid | [DECISION] NO_TRADE | Pattern weak (0.37) | Conf: 0.00
2025-12-03 19:33:40 | INFO     | strategies.neural_hybrid | [DECISION] NO_TRADE | Pattern weak (0.37) | Conf: 0.00
2025-12-03 19:33:40 | INFO     | strategies.neural_hybrid | [DECISION] NO_TRADE | Pattern weak (0.38) | Conf: 0.00
2025-12-03 19:33:40 | INFO     | strategies.neural_hybrid | [DECISION] NO_TRADE | Pattern weak (0.38) | Conf: 0.00
2025-12-03 19:33:40 | INFO     | strategies.neural_hybrid | [DECISION] NO_TRADE | Pattern weak (0.38) | Conf: 0.00
2025-12-03 19:33:41 | INFO     | strategies.neural_hybrid | [DECISION] NO_TRADE | Pattern weak (0.38) | Conf: 0.00
2025-12-03 19:33:41 | INFO     | strategies.neural_hybrid | [DECISION] NO_TRADE | Pattern weak (0.38) | Conf: 0.00
2025-12-03 19:33:41 | INFO     | strategies.neural_hybrid | [DECISION] NO_TRADE | Pattern weak (0.38) | Conf: 0.00
2025-12-03 19:33:41 | INFO     | strategies.neural_hybrid | [DECISION] NO_TRADE | Pattern weak (0.38) | Conf: 0.00
2025-12-03 19:33:42 | INFO     | strategies.neural_hybrid | [DECISION] NO_TRADE | Pattern weak (0.38) | Conf: 0.00
2025-12-03 19:33:42 | INFO     | strategies.neural_hybrid | [DECISION] NO_TRADE | Pattern weak (0.35) | Conf: 0.00
2025-12-03 19:33:42 | INFO     | strategies.neural_hybrid | [DECISION] NO_TRADE | Pattern weak (0.34) | Conf: 0.00
2025-12-03 19:33:42 | INFO     | strategies.neural_hybrid | [DECISION] NO_TRADE | Pattern weak (0.34) | Conf: 0.00
2025-12-03 19:33:43 | INFO     | strategies.neural_hybrid | [DECISION] NO_TRADE | Pattern weak (0.34) | Conf: 0.00
2025-12-03 19:33:43 | INFO     | strategies.neural_hybrid | [DECISION] NO_TRADE | Pattern weak (0.34) | Conf: 0.00
2025-12-03 19:33:43 | INFO     | strategies.neural_hybrid | [DECISION] NO_TRADE | Pattern weak (0.35) | Conf: 0.00
2025-12-03 19:33:43 | INFO     | strategies.neural_hybrid | [DECISION] NO_TRADE | Pattern weak (0.35) | Conf: 0.00
2025-12-03 19:33:44 | INFO     | strategies.neural_hybrid | [DECISION] NO_TRADE | Pattern weak (0.35) | Conf: 0.00
2025-12-03 19:33:44 | INFO     | strategies.neural_hybrid | [DECISION] NO_TRADE | Pattern weak (0.35) | Conf: 0.00
2025-12-03 19:33:44 | INFO     | strategies.neural_hybrid | [DECISION] NO_TRADE | Pattern weak (0.35) | Conf: 0.00
2025-12-03 19:33:45 | INFO     | strategies.neural_hybrid | [DECISION] NO_TRADE | Pattern weak (0.36) | Conf: 0.00
2025-12-03 19:33:45 | INFO     | strategies.neural_hybrid | [DECISION] NO_TRADE | Pattern weak (0.36) | Conf: 0.00
2025-12-03 19:33:45 | INFO     | strategies.neural_hybrid | [DECISION] NO_TRADE | Pattern weak (0.35) | Conf: 0.00
2025-12-03 19:33:45 | INFO     | strategies.neural_hybrid | [DECISION] NO_TRADE | Pattern weak (0.36) | Conf: 0.00
2025-12-03 19:33:46 | INFO     | strategies.neural_hybrid | [DECISION] NO_TRADE | Pattern weak (0.37) | Conf: 0.00
2025-12-03 19:33:46 | INFO     | strategies.neural_hybrid | [DECISION] NO_TRADE | Pattern weak (0.36) | Conf: 0.00
2025-12-03 19:33:46 | INFO     | strategies.neural_hybrid | [DECISION] NO_TRADE | Pattern weak (0.37) | Conf: 0.00
2025-12-03 19:33:46 | INFO     | strategies.neural_hybrid | [DECISION] NO_TRADE | Pattern weak (0.36) | Conf: 0.00
2025-12-03 19:33:47 | INFO     | strategies.neural_hybrid | [DECISION] NO_TRADE | Pattern weak (0.36) | Conf: 0.00
2025-12-03 19:33:47 | INFO     | strategies.neural_hybrid | [DECISION] NO_TRADE | Pattern weak (0.36) | Conf: 0.00
2025-12-03 19:33:47 | INFO     | strategies.neural_hybrid | [DECISION] NO_TRADE | Pattern weak (0.37) | Conf: 0.00
2025-12-03 19:33:48 | INFO     | strategies.neural_hybrid | [DECISION] NO_TRADE | Pattern weak (0.36) | Conf: 0.00
2025-12-03 19:33:48 | INFO     | strategies.neural_hybrid | [DECISION] NO_TRADE | Pattern weak (0.38) | Conf: 0.00
2025-12-03 19:33:48 | INFO     | strategies.neural_hybrid | [DECISION] NO_TRADE | Pattern weak (0.37) | Conf: 0.00
2025-12-03 19:33:48 | INFO     | strategies.neural_hybrid | [DECISION] NO_TRADE | Pattern weak (0.38) | Conf: 0.00
2025-12-03 19:33:49 | INFO     | strategies.neural_hybrid | [DECISION] NO_TRADE | Pattern weak (0.37) | Conf: 0.00
2025-12-03 19:33:49 | INFO     | strategies.neural_hybrid | [DECISION] NO_TRADE | Pattern weak (0.37) | Conf: 0.00
2025-12-03 19:33:49 | INFO     | strategies.neural_hybrid | [DECISION] NO_TRADE | Pattern weak (0.35) | Conf: 0.00
2025-12-03 19:33:49 | INFO     | strategies.neural_hybrid | [DECISION] NO_TRADE | Pattern weak (0.35) | Conf: 0.00
2025-12-03 19:33:50 | INFO     | strategies.neural_hybrid | [DECISION] NO_TRADE | Pattern weak (0.36) | Conf: 0.00
2025-12-03 19:33:50 | INFO     | strategies.neural_hybrid | [DECISION] NO_TRADE | Pattern weak (0.36) | Conf: 0.00
2025-12-03 19:33:50 | INFO     | strategies.neural_hybrid | [DECISION] NO_TRADE | Pattern weak (0.36) | Conf: 0.00
2025-12-03 19:33:50 | INFO     | strategies.neural_hybrid | [DECISION] NO_TRADE | Pattern weak (0.36) | Conf: 0.00
2025-12-03 19:33:51 | INFO     | strategies.neural_hybrid | [DECISION] NO_TRADE | Pattern weak (0.35) | Conf: 0.00
2025-12-03 19:33:51 | INFO     | strategies.neural_hybrid | [DECISION] NO_TRADE | Pattern weak (0.35) | Conf: 0.00
2025-12-03 19:33:51 | INFO     | strategies.neural_hybrid | [DECISION] NO_TRADE | Pattern weak (0.36) | Conf: 0.00
2025-12-03 19:33:52 | INFO     | strategies.neural_hybrid | [DECISION] NO_TRADE | Pattern weak (0.35) | Conf: 0.00
2025-12-03 19:33:52 | INFO     | strategies.neural_hybrid | [DECISION] NO_TRADE | Pattern weak (0.36) | Conf: 0.00
2025-12-03 19:33:52 | INFO     | strategies.neural_hybrid | [DECISION] NO_TRADE | Pattern weak (0.35) | Conf: 0.00
2025-12-03 19:33:52 | INFO     | strategies.neural_hybrid | [DECISION] NO_TRADE | Pattern weak (0.35) | Conf: 0.00
2025-12-03 19:33:53 | INFO     | strategies.neural_hybrid | [DECISION] NO_TRADE | Pattern weak (0.36) | Conf: 0.00
2025-12-03 19:33:53 | INFO     | strategies.neural_hybrid | [DECISION] NO_TRADE | Pattern weak (0.37) | Conf: 0.00
2025-12-03 19:33:53 | INFO     | strategies.neural_hybrid | [DECISION] NO_TRADE | Pattern weak (0.36) | Conf: 0.00
2025-12-03 19:33:53 | INFO     | strategies.neural_hybrid | [DECISION] NO_TRADE | Pattern weak (0.36) | Conf: 0.00
2025-12-03 19:33:54 | INFO     | strategies.neural_hybrid | [DECISION] NO_TRADE | Pattern weak (0.36) | Conf: 0.00
2025-12-03 19:33:54 | INFO     | strategies.neural_hybrid | [DECISION] NO_TRADE | Pattern weak (0.36) | Conf: 0.00
2025-12-03 19:33:54 | INFO     | strategies.neural_hybrid | [DECISION] NO_TRADE | Pattern weak (0.38) | Conf: 0.00
2025-12-03 19:33:54 | INFO     | strategies.neural_hybrid | [DECISION] NO_TRADE | Pattern weak (0.38) | Conf: 0.00
2025-12-03 19:33:55 | INFO     | strategies.neural_hybrid | [DECISION] NO_TRADE | Pattern weak (0.37) | Conf: 0.00
2025-12-03 19:33:55 | INFO     | strategies.neural_hybrid | [DECISION] NO_TRADE | Pattern weak (0.36) | Conf: 0.00
2025-12-03 19:33:55 | INFO     | strategies.neural_hybrid | [DECISION] NO_TRADE | Pattern weak (0.36) | Conf: 0.00
2025-12-03 19:33:55 | INFO     | strategies.neural_hybrid | [DECISION] NO_TRADE | Pattern weak (0.36) | Conf: 0.00
2025-12-03 19:33:56 | INFO     | strategies.neural_hybrid | [DECISION] NO_TRADE | Pattern weak (0.36) | Conf: 0.00
2025-12-03 19:33:56 | INFO     | strategies.neural_hybrid | [DECISION] NO_TRADE | Pattern weak (0.36) | Conf: 0.00
2025-12-03 19:33:56 | INFO     | strategies.neural_hybrid | [DECISION] NO_TRADE | Pattern weak (0.36) | Conf: 0.00
2025-12-03 19:33:57 | INFO     | strategies.neural_hybrid | [DECISION] NO_TRADE | Pattern weak (0.36) | Conf: 0.00
2025-12-03 19:33:57 | INFO     | strategies.neural_hybrid | [DECISION] NO_TRADE | Pattern weak (0.36) | Conf: 0.00
2025-12-03 19:33:57 | INFO     | strategies.neural_hybrid | [DECISION] NO_TRADE | Pattern weak (0.36) | Conf: 0.00
2025-12-03 19:33:57 | INFO     | strategies.neural_hybrid | [DECISION] NO_TRADE | Pattern weak (0.36) | Conf: 0.00
2025-12-03 19:33:58 | INFO     | strategies.neural_hybrid | [DECISION] NO_TRADE | Pattern weak (0.36) | Conf: 0.00
2025-12-03 19:33:58 | INFO     | strategies.neural_hybrid | [DECISION] NO_TRADE | Pattern weak (0.36) | Conf: 0.00
2025-12-03 19:33:58 | INFO     | strategies.neural_hybrid | [DECISION] NO_TRADE | Pattern weak (0.35) | Conf: 0.00
2025-12-03 19:33:58 | INFO     | strategies.neural_hybrid | [DECISION] NO_TRADE | Pattern weak (0.35) | Conf: 0.00
2025-12-03 19:33:59 | INFO     | strategies.neural_hybrid | [DECISION] NO_TRADE | Pattern weak (0.36) | Conf: 0.00
2025-12-03 19:33:59 | INFO     | strategies.neural_hybrid | [DECISION] NO_TRADE | Pattern weak (0.37) | Conf: 0.00
2025-12-03 19:33:59 | INFO     | strategies.neural_hybrid | [DECISION] NO_TRADE | Pattern weak (0.37) | Conf: 0.00
2025-12-03 19:33:59 | INFO     | strategies.neural_hybrid | [DECISION] NO_TRADE | Pattern weak (0.36) | Conf: 0.00
2025-12-03 19:34:00 | INFO     | strategies.neural_hybrid | [DECISION] NO_TRADE | Pattern weak (0.37) | Conf: 0.00
2025-12-03 19:34:00 | INFO     | strategies.neural_hybrid | [DECISION] NO_TRADE | Pattern weak (0.37) | Conf: 0.00
2025-12-03 19:34:00 | INFO     | strategies.neural_hybrid | [DECISION] NO_TRADE | Pattern weak (0.36) | Conf: 0.00
2025-12-03 19:34:01 | INFO     | strategies.neural_hybrid | [DECISION] NO_TRADE | Pattern weak (0.36) | Conf: 0.00
2025-12-03 19:34:01 | INFO     | strategies.neural_hybrid | [DECISION] NO_TRADE | Pattern weak (0.36) | Conf: 0.00
2025-12-03 19:34:01 | INFO     | strategies.neural_hybrid | [DECISION] NO_TRADE | Pattern weak (0.34) | Conf: 0.00
2025-12-03 19:34:01 | INFO     | strategies.neural_hybrid | [DECISION] NO_TRADE | Pattern weak (0.33) | Conf: 0.00
2025-12-03 19:34:02 | INFO     | strategies.neural_hybrid | [DECISION] NO_TRADE | Pattern weak (0.34) | Conf: 0.00
2025-12-03 19:34:02 | INFO     | strategies.neural_hybrid | [DECISION] NO_TRADE | Pattern weak (0.35) | Conf: 0.00
2025-12-03 19:34:02 | INFO     | strategies.neural_hybrid | [DECISION] NO_TRADE | Pattern weak (0.35) | Conf: 0.00
2025-12-03 19:34:02 | INFO     | strategies.neural_hybrid | [DECISION] NO_TRADE | Pattern weak (0.35) | Conf: 0.00
2025-12-03 19:34:03 | INFO     | strategies.neural_hybrid | [DECISION] NO_TRADE | Pattern weak (0.35) | Conf: 0.00
2025-12-03 19:34:03 | INFO     | strategies.neural_hybrid | [DECISION] NO_TRADE | Pattern weak (0.35) | Conf: 0.00
2025-12-03 19:34:03 | INFO     | strategies.neural_hybrid | [DECISION] NO_TRADE | Pattern weak (0.35) | Conf: 0.00
2025-12-03 19:34:03 | INFO     | strategies.neural_hybrid | [DECISION] NO_TRADE | Pattern weak (0.36) | Conf: 0.00
2025-12-03 19:34:04 | INFO     | strategies.neural_hybrid | [DECISION] NO_TRADE | Pattern weak (0.36) | Conf: 0.00
2025-12-03 19:34:04 | INFO     | strategies.neural_hybrid | [DECISION] NO_TRADE | Pattern weak (0.36) | Conf: 0.00
2025-12-03 19:34:04 | INFO     | strategies.neural_hybrid | [DECISION] NO_TRADE | Pattern weak (0.36) | Conf: 0.00
2025-12-03 19:34:05 | INFO     | strategies.neural_hybrid | [DECISION] NO_TRADE | Pattern weak (0.36) | Conf: 0.00
2025-12-03 19:34:05 | INFO     | strategies.neural_hybrid | [DECISION] NO_TRADE | Pattern weak (0.36) | Conf: 0.00
2025-12-03 19:34:05 | INFO     | strategies.neural_hybrid | [DECISION] NO_TRADE | Pattern weak (0.36) | Conf: 0.00
2025-12-03 19:34:05 | INFO     | strategies.neural_hybrid | [DECISION] NO_TRADE | Pattern weak (0.37) | Conf: 0.00
2025-12-03 19:34:06 | INFO     | strategies.neural_hybrid | [DECISION] NO_TRADE | Pattern weak (0.37) | Conf: 0.00
2025-12-03 19:34:06 | INFO     | strategies.neural_hybrid | [DECISION] NO_TRADE | Pattern weak (0.36) | Conf: 0.00
2025-12-03 19:34:06 | INFO     | strategies.neural_hybrid | [DECISION] NO_TRADE | Pattern weak (0.36) | Conf: 0.00
2025-12-03 19:34:06 | INFO     | strategies.neural_hybrid | [DECISION] NO_TRADE | Pattern weak (0.37) | Conf: 0.00
2025-12-03 19:34:07 | INFO     | strategies.neural_hybrid | [DECISION] NO_TRADE | Pattern weak (0.38) | Conf: 0.00
2025-12-03 19:34:07 | INFO     | strategies.neural_hybrid | [DECISION] NO_TRADE | Pattern weak (0.38) | Conf: 0.00
2025-12-03 19:34:07 | INFO     | strategies.neural_hybrid | [DECISION] NO_TRADE | Pattern weak (0.38) | Conf: 0.00
2025-12-03 19:34:07 | INFO     | strategies.neural_hybrid | [DECISION] NO_TRADE | Pattern weak (0.38) | Conf: 0.00
2025-12-03 19:34:08 | INFO     | strategies.neural_hybrid | [DECISION] NO_TRADE | Pattern weak (0.38) | Conf: 0.00
2025-12-03 19:34:08 | INFO     | strategies.neural_hybrid | [DECISION] NO_TRADE | Pattern weak (0.38) | Conf: 0.00
2025-12-03 19:34:08 | INFO     | strategies.neural_hybrid | [DECISION] NO_TRADE | Pattern weak (0.36) | Conf: 0.00
2025-12-03 19:34:09 | INFO     | strategies.neural_hybrid | [DECISION] NO_TRADE | Pattern weak (0.35) | Conf: 0.00
2025-12-03 19:34:09 | INFO     | strategies.neural_hybrid | [DECISION] NO_TRADE | Pattern weak (0.35) | Conf: 0.00
2025-12-03 19:34:09 | INFO     | strategies.neural_hybrid | [DECISION] NO_TRADE | Pattern weak (0.36) | Conf: 0.00
2025-12-03 19:34:09 | INFO     | strategies.neural_hybrid | [DECISION] NO_TRADE | Pattern weak (0.37) | Conf: 0.00
2025-12-03 19:34:10 | INFO     | strategies.neural_hybrid | [DECISION] NO_TRADE | Pattern weak (0.37) | Conf: 0.00
2025-12-03 19:34:10 | INFO     | strategies.neural_hybrid | [DECISION] NO_TRADE | Pattern weak (0.36) | Conf: 0.00
2025-12-03 19:34:10 | INFO     | strategies.neural_hybrid | [DECISION] NO_TRADE | Pattern weak (0.36) | Conf: 0.00
2025-12-03 19:34:10 | INFO     | strategies.neural_hybrid | [DECISION] NO_TRADE | Pattern weak (0.35) | Conf: 0.00
2025-12-03 19:34:11 | INFO     | strategies.neural_hybrid | [DECISION] NO_TRADE | Pattern weak (0.36) | Conf: 0.00
2025-12-03 19:34:11 | INFO     | strategies.neural_hybrid | [DECISION] NO_TRADE | Pattern weak (0.37) | Conf: 0.00
2025-12-03 19:34:11 | INFO     | strategies.neural_hybrid | [DECISION] NO_TRADE | Pattern weak (0.36) | Conf: 0.00
2025-12-03 19:34:11 | INFO     | strategies.neural_hybrid | [DECISION] NO_TRADE | Pattern weak (0.36) | Conf: 0.00
2025-12-03 19:34:12 | INFO     | strategies.neural_hybrid | [DECISION] NO_TRADE | Pattern weak (0.36) | Conf: 0.00
2025-12-03 19:34:12 | INFO     | strategies.neural_hybrid | [DECISION] NO_TRADE | Pattern weak (0.37) | Conf: 0.00
2025-12-03 19:34:12 | INFO     | strategies.neural_hybrid | [DECISION] NO_TRADE | Pattern weak (0.37) | Conf: 0.00
2025-12-03 19:34:12 | INFO     | strategies.neural_hybrid | [DECISION] NO_TRADE | Pattern weak (0.36) | Conf: 0.00
2025-12-03 19:34:13 | INFO     | strategies.neural_hybrid | [DECISION] NO_TRADE | Pattern weak (0.37) | Conf: 0.00
2025-12-03 19:34:13 | INFO     | strategies.neural_hybrid | [DECISION] NO_TRADE | Pattern weak (0.38) | Conf: 0.00
2025-12-03 19:34:13 | INFO     | strategies.neural_hybrid | [DECISION] NO_TRADE | Pattern weak (0.38) | Conf: 0.00
2025-12-03 19:34:14 | INFO     | strategies.neural_hybrid | [DECISION] NO_TRADE | Pattern weak (0.38) | Conf: 0.00
2025-12-03 19:34:14 | INFO     | strategies.neural_hybrid | [DECISION] NO_TRADE | Pattern weak (0.38) | Conf: 0.00
2025-12-03 19:34:14 | INFO     | strategies.neural_hybrid | [DECISION] NO_TRADE | Pattern weak (0.38) | Conf: 0.00
2025-12-03 19:34:14 | INFO     | strategies.neural_hybrid | [DECISION] NO_TRADE | Pattern weak (0.38) | Conf: 0.00
2025-12-03 19:34:15 | INFO     | strategies.neural_hybrid | [DECISION] NO_TRADE | Pattern weak (0.38) | Conf: 0.00
2025-12-03 19:34:15 | INFO     | strategies.neural_hybrid | [DECISION] NO_TRADE | Pattern weak (0.37) | Conf: 0.00
2025-12-03 19:34:15 | INFO     | strategies.neural_hybrid | [DECISION] NO_TRADE | Pattern weak (0.37) | Conf: 0.00
2025-12-03 19:34:15 | INFO     | strategies.neural_hybrid | [DECISION] NO_TRADE | Pattern weak (0.37) | Conf: 0.00
2025-12-03 19:34:16 | INFO     | strategies.neural_hybrid | [DECISION] NO_TRADE | Pattern weak (0.37) | Conf: 0.00
2025-12-03 19:34:16 | INFO     | strategies.neural_hybrid | [DECISION] NO_TRADE | Pattern weak (0.36) | Conf: 0.00
2025-12-03 19:34:16 | INFO     | strategies.neural_hybrid | [DECISION] NO_TRADE | Pattern weak (0.36) | Conf: 0.00
2025-12-03 19:34:16 | INFO     | strategies.neural_hybrid | [DECISION] NO_TRADE | Pattern weak (0.37) | Conf: 0.00
2025-12-03 19:34:17 | INFO     | strategies.neural_hybrid | [DECISION] NO_TRADE | Pattern weak (0.37) | Conf: 0.00
2025-12-03 19:34:17 | INFO     | strategies.neural_hybrid | [DECISION] NO_TRADE | Pattern weak (0.36) | Conf: 0.00
2025-12-03 19:34:17 | INFO     | strategies.neural_hybrid | [DECISION] NO_TRADE | Pattern weak (0.36) | Conf: 0.00
2025-12-03 19:34:18 | INFO     | strategies.neural_hybrid | [DECISION] NO_TRADE | Pattern weak (0.36) | Conf: 0.00
2025-12-03 19:34:18 | INFO     | strategies.neural_hybrid | [DECISION] NO_TRADE | Pattern weak (0.36) | Conf: 0.00
2025-12-03 19:34:18 | INFO     | strategies.neural_hybrid | [DECISION] NO_TRADE | Pattern weak (0.37) | Conf: 0.00
2025-12-03 19:34:18 | INFO     | strategies.neural_hybrid | [DECISION] NO_TRADE | Pattern weak (0.36) | Conf: 0.00
2025-12-03 19:34:19 | INFO     | strategies.neural_hybrid | [DECISION] NO_TRADE | Pattern weak (0.37) | Conf: 0.00
2025-12-03 19:34:19 | INFO     | strategies.neural_hybrid | [DECISION] NO_TRADE | Pattern weak (0.37) | Conf: 0.00
2025-12-03 19:34:19 | INFO     | strategies.neural_hybrid | [DECISION] NO_TRADE | Pattern weak (0.37) | Conf: 0.00
2025-12-03 19:34:19 | INFO     | strategies.neural_hybrid | [DECISION] NO_TRADE | Pattern weak (0.37) | Conf: 0.00
2025-12-03 19:34:20 | INFO     | strategies.neural_hybrid | [DECISION] NO_TRADE | Pattern weak (0.37) | Conf: 0.00
2025-12-03 19:34:20 | INFO     | strategies.neural_hybrid | [DECISION] NO_TRADE | Pattern weak (0.37) | Conf: 0.00
2025-12-03 19:34:20 | INFO     | strategies.neural_hybrid | [DECISION] NO_TRADE | Pattern weak (0.37) | Conf: 0.00
2025-12-03 19:34:21 | INFO     | strategies.neural_hybrid | [DECISION] NO_TRADE | Pattern weak (0.37) | Conf: 0.00
2025-12-03 19:34:21 | INFO     | strategies.neural_hybrid | [DECISION] NO_TRADE | Pattern weak (0.38) | Conf: 0.00
2025-12-03 19:34:21 | INFO     | strategies.neural_hybrid | [DECISION] NO_TRADE | Pattern weak (0.37) | Conf: 0.00
2025-12-03 19:34:21 | INFO     | strategies.neural_hybrid | [DECISION] NO_TRADE | Pattern weak (0.37) | Conf: 0.00
2025-12-03 19:34:22 | INFO     | strategies.neural_hybrid | [DECISION] NO_TRADE | Pattern weak (0.36) | Conf: 0.00
2025-12-03 19:34:22 | INFO     | strategies.neural_hybrid | [DECISION] NO_TRADE | Pattern weak (0.36) | Conf: 0.00
2025-12-03 19:34:22 | INFO     | strategies.neural_hybrid | [DECISION] NO_TRADE | Pattern weak (0.36) | Conf: 0.00
2025-12-03 19:34:23 | INFO     | strategies.neural_hybrid | [DECISION] NO_TRADE | Pattern weak (0.35) | Conf: 0.00
2025-12-03 19:34:23 | INFO     | strategies.neural_hybrid | [DECISION] NO_TRADE | Pattern weak (0.35) | Conf: 0.00
2025-12-03 19:34:23 | INFO     | strategies.neural_hybrid | [DECISION] NO_TRADE | Pattern weak (0.36) | Conf: 0.00
2025-12-03 19:34:23 | INFO     | strategies.neural_hybrid | [DECISION] NO_TRADE | Pattern weak (0.35) | Conf: 0.00
2025-12-03 19:34:24 | INFO     | strategies.neural_hybrid | [DECISION] NO_TRADE | Pattern weak (0.36) | Conf: 0.00
2025-12-03 19:34:24 | INFO     | strategies.neural_hybrid | [DECISION] NO_TRADE | Pattern weak (0.35) | Conf: 0.00
2025-12-03 19:34:24 | INFO     | strategies.neural_hybrid | [DECISION] NO_TRADE | Pattern weak (0.35) | Conf: 0.00
2025-12-03 19:34:25 | INFO     | strategies.neural_hybrid | [DECISION] NO_TRADE | Pattern weak (0.36) | Conf: 0.00
2025-12-03 19:34:25 | INFO     | strategies.neural_hybrid | [DECISION] NO_TRADE | Pattern weak (0.36) | Conf: 0.00
2025-12-03 19:34:25 | INFO     | strategies.neural_hybrid | [DECISION] NO_TRADE | Pattern weak (0.37) | Conf: 0.00
2025-12-03 19:34:25 | INFO     | strategies.neural_hybrid | [DECISION] NO_TRADE | Pattern weak (0.37) | Conf: 0.00
2025-12-03 19:34:26 | INFO     | strategies.neural_hybrid | [DECISION] NO_TRADE | Pattern weak (0.36) | Conf: 0.00
2025-12-03 19:34:26 | INFO     | strategies.neural_hybrid | [DECISION] NO_TRADE | Pattern weak (0.35) | Conf: 0.00
2025-12-03 19:34:26 | INFO     | strategies.neural_hybrid | [DECISION] NO_TRADE | Pattern weak (0.33) | Conf: 0.00
2025-12-03 19:34:26 | INFO     | strategies.neural_hybrid | [DECISION] NO_TRADE | Pattern weak (0.33) | Conf: 0.00
2025-12-03 19:34:27 | INFO     | strategies.neural_hybrid | [DECISION] NO_TRADE | Pattern weak (0.34) | Conf: 0.00
2025-12-03 19:34:27 | INFO     | strategies.neural_hybrid | [DECISION] NO_TRADE | Pattern weak (0.34) | Conf: 0.00
2025-12-03 19:34:27 | INFO     | strategies.neural_hybrid | [DECISION] NO_TRADE | Pattern weak (0.35) | Conf: 0.00
2025-12-03 19:34:27 | INFO     | strategies.neural_hybrid | [DECISION] NO_TRADE | Pattern weak (0.35) | Conf: 0.00
2025-12-03 19:34:28 | INFO     | strategies.neural_hybrid | [DECISION] NO_TRADE | Pattern weak (0.35) | Conf: 0.00
2025-12-03 19:34:28 | INFO     | strategies.neural_hybrid | [DECISION] NO_TRADE | Pattern weak (0.35) | Conf: 0.00
2025-12-03 19:34:28 | INFO     | strategies.neural_hybrid | [DECISION] NO_TRADE | Pattern weak (0.36) | Conf: 0.00
2025-12-03 19:34:29 | INFO     | strategies.neural_hybrid | [DECISION] NO_TRADE | Pattern weak (0.36) | Conf: 0.00
2025-12-03 19:34:29 | INFO     | strategies.neural_hybrid | [DECISION] NO_TRADE | Pattern weak (0.35) | Conf: 0.00
2025-12-03 19:34:29 | INFO     | strategies.neural_hybrid | [DECISION] NO_TRADE | Pattern weak (0.36) | Conf: 0.00
2025-12-03 19:34:29 | INFO     | strategies.neural_hybrid | [DECISION] NO_TRADE | Pattern weak (0.36) | Conf: 0.00
2025-12-03 19:34:30 | INFO     | strategies.neural_hybrid | [DECISION] NO_TRADE | Pattern weak (0.36) | Conf: 0.00
2025-12-03 19:34:30 | INFO     | strategies.neural_hybrid | [DECISION] NO_TRADE | Pattern weak (0.36) | Conf: 0.00
2025-12-03 19:34:30 | INFO     | strategies.neural_hybrid | [DECISION] NO_TRADE | Pattern weak (0.36) | Conf: 0.00
2025-12-03 19:34:30 | INFO     | strategies.neural_hybrid | [DECISION] NO_TRADE | Pattern weak (0.36) | Conf: 0.00
2025-12-03 19:34:31 | INFO     | strategies.neural_hybrid | [DECISION] NO_TRADE | Pattern weak (0.35) | Conf: 0.00
2025-12-03 19:34:31 | INFO     | strategies.neural_hybrid | [DECISION] NO_TRADE | Pattern weak (0.36) | Conf: 0.00
2025-12-03 19:34:31 | INFO     | strategies.neural_hybrid | [DECISION] NO_TRADE | Pattern weak (0.36) | Conf: 0.00
2025-12-03 19:34:31 | INFO     | strategies.neural_hybrid | [DECISION] NO_TRADE | Pattern weak (0.35) | Conf: 0.00
2025-12-03 19:34:32 | INFO     | strategies.neural_hybrid | [DECISION] NO_TRADE | Pattern weak (0.34) | Conf: 0.00
2025-12-03 19:34:32 | INFO     | strategies.neural_hybrid | [DECISION] NO_TRADE | Pattern weak (0.33) | Conf: 0.00
2025-12-03 19:34:32 | INFO     | strategies.neural_hybrid | [DECISION] NO_TRADE | Pattern weak (0.34) | Conf: 0.00
2025-12-03 19:34:33 | INFO     | strategies.neural_hybrid | [DECISION] NO_TRADE | Pattern weak (0.33) | Conf: 0.00
2025-12-03 19:34:33 | INFO     | strategies.neural_hybrid | [DECISION] NO_TRADE | Pattern weak (0.34) | Conf: 0.00
2025-12-03 19:34:33 | INFO     | strategies.neural_hybrid | [DECISION] NO_TRADE | Pattern weak (0.34) | Conf: 0.00
2025-12-03 19:34:33 | INFO     | strategies.neural_hybrid | [DECISION] NO_TRADE | Pattern weak (0.34) | Conf: 0.00
2025-12-03 19:34:34 | INFO     | strategies.neural_hybrid | [DECISION] NO_TRADE | Pattern weak (0.34) | Conf: 0.00
2025-12-03 19:34:34 | INFO     | strategies.neural_hybrid | [DECISION] NO_TRADE | Pattern weak (0.33) | Conf: 0.00
2025-12-03 19:34:34 | INFO     | strategies.neural_hybrid | [DECISION] NO_TRADE | Pattern weak (0.34) | Conf: 0.00
2025-12-03 19:34:35 | INFO     | strategies.neural_hybrid | [DECISION] NO_TRADE | Pattern weak (0.34) | Conf: 0.00
2025-12-03 19:34:35 | INFO     | strategies.neural_hybrid | [DECISION] NO_TRADE | Pattern weak (0.34) | Conf: 0.00
2025-12-03 19:34:35 | INFO     | strategies.neural_hybrid | [DECISION] NO_TRADE | Pattern weak (0.34) | Conf: 0.00
2025-12-03 19:34:35 | INFO     | strategies.neural_hybrid | [DECISION] NO_TRADE | Pattern weak (0.34) | Conf: 0.00
2025-12-03 19:34:36 | INFO     | strategies.neural_hybrid | [DECISION] NO_TRADE | Pattern weak (0.35) | Conf: 0.00
2025-12-03 19:34:36 | INFO     | strategies.neural_hybrid | [DECISION] NO_TRADE | Pattern weak (0.35) | Conf: 0.00
2025-12-03 19:34:36 | INFO     | strategies.neural_hybrid | [DECISION] NO_TRADE | Pattern weak (0.35) | Conf: 0.00
2025-12-03 19:34:36 | INFO     | strategies.neural_hybrid | [DECISION] NO_TRADE | Pattern weak (0.35) | Conf: 0.00
2025-12-03 19:34:37 | INFO     | strategies.neural_hybrid | [DECISION] NO_TRADE | Pattern weak (0.36) | Conf: 0.00
2025-12-03 19:34:37 | INFO     | strategies.neural_hybrid | [DECISION] NO_TRADE | Pattern weak (0.35) | Conf: 0.00
2025-12-03 19:34:37 | INFO     | strategies.neural_hybrid | [DECISION] NO_TRADE | Pattern weak (0.35) | Conf: 0.00
2025-12-03 19:34:38 | INFO     | strategies.neural_hybrid | [DECISION] NO_TRADE | Pattern weak (0.35) | Conf: 0.00
2025-12-03 19:34:38 | INFO     | strategies.neural_hybrid | [DECISION] NO_TRADE | Pattern weak (0.35) | Conf: 0.00
2025-12-03 19:34:38 | INFO     | strategies.neural_hybrid | [DECISION] NO_TRADE | Pattern weak (0.34) | Conf: 0.00
2025-12-03 19:34:38 | INFO     | strategies.neural_hybrid | [DECISION] NO_TRADE | Pattern weak (0.33) | Conf: 0.00
2025-12-03 19:34:39 | INFO     | strategies.neural_hybrid | [DECISION] NO_TRADE | Pattern weak (0.33) | Conf: 0.00
2025-12-03 19:34:39 | INFO     | strategies.neural_hybrid | [DECISION] NO_TRADE | Pattern weak (0.34) | Conf: 0.00
2025-12-03 19:34:39 | INFO     | strategies.neural_hybrid | [DECISION] NO_TRADE | Pattern weak (0.33) | Conf: 0.00
2025-12-03 19:34:39 | INFO     | strategies.neural_hybrid | [DECISION] NO_TRADE | Pattern weak (0.33) | Conf: 0.00
2025-12-03 19:34:40 | INFO     | strategies.neural_hybrid | [DECISION] NO_TRADE | Pattern weak (0.34) | Conf: 0.00
2025-12-03 19:34:40 | INFO     | strategies.neural_hybrid | [DECISION] NO_TRADE | Pattern weak (0.35) | Conf: 0.00
2025-12-03 19:34:40 | INFO     | strategies.neural_hybrid | [DECISION] NO_TRADE | Pattern weak (0.35) | Conf: 0.00
2025-12-03 19:34:41 | INFO     | strategies.neural_hybrid | [DECISION] NO_TRADE | Pattern weak (0.35) | Conf: 0.00
2025-12-03 19:34:41 | INFO     | strategies.neural_hybrid | [DECISION] NO_TRADE | Pattern weak (0.34) | Conf: 0.00
2025-12-03 19:34:41 | INFO     | strategies.neural_hybrid | [DECISION] NO_TRADE | Pattern weak (0.35) | Conf: 0.00
2025-12-03 19:34:41 | INFO     | strategies.neural_hybrid | [DECISION] NO_TRADE | Pattern weak (0.35) | Conf: 0.00
2025-12-03 19:34:42 | INFO     | strategies.neural_hybrid | [DECISION] NO_TRADE | Pattern weak (0.35) | Conf: 0.00
2025-12-03 19:34:42 | INFO     | strategies.neural_hybrid | [DECISION] NO_TRADE | Pattern weak (0.36) | Conf: 0.00
2025-12-03 19:34:42 | INFO     | strategies.neural_hybrid | [DECISION] NO_TRADE | Pattern weak (0.35) | Conf: 0.00
2025-12-03 19:34:42 | INFO     | strategies.neural_hybrid | [DECISION] NO_TRADE | Pattern weak (0.34) | Conf: 0.00
2025-12-03 19:34:43 | INFO     | strategies.neural_hybrid | [DECISION] NO_TRADE | Pattern weak (0.35) | Conf: 0.00
2025-12-03 19:34:43 | INFO     | strategies.neural_hybrid | [DECISION] NO_TRADE | Pattern weak (0.34) | Conf: 0.00
2025-12-03 19:34:43 | INFO     | strategies.neural_hybrid | [DECISION] NO_TRADE | Pattern weak (0.34) | Conf: 0.00
2025-12-03 19:34:43 | INFO     | strategies.neural_hybrid | [DECISION] NO_TRADE | Pattern weak (0.35) | Conf: 0.00
2025-12-03 19:34:44 | INFO     | strategies.neural_hybrid | [DECISION] NO_TRADE | Pattern weak (0.35) | Conf: 0.00
2025-12-03 19:34:44 | INFO     | strategies.neural_hybrid | [DECISION] NO_TRADE | Pattern weak (0.36) | Conf: 0.00
2025-12-03 19:34:44 | INFO     | strategies.neural_hybrid | [DECISION] NO_TRADE | Pattern weak (0.35) | Conf: 0.00
2025-12-03 19:34:45 | INFO     | strategies.neural_hybrid | [DECISION] NO_TRADE | Pattern weak (0.36) | Conf: 0.00
2025-12-03 19:34:45 | INFO     | strategies.neural_hybrid | [DECISION] NO_TRADE | Pattern weak (0.35) | Conf: 0.00
2025-12-03 19:34:45 | INFO     | strategies.neural_hybrid | [DECISION] NO_TRADE | Pattern weak (0.33) | Conf: 0.00
2025-12-03 19:34:45 | INFO     | strategies.neural_hybrid | [DECISION] NO_TRADE | Pattern weak (0.34) | Conf: 0.00
2025-12-03 19:34:46 | INFO     | strategies.neural_hybrid | [DECISION] NO_TRADE | Pattern weak (0.36) | Conf: 0.00
2025-12-03 19:34:46 | INFO     | strategies.neural_hybrid | [DECISION] NO_TRADE | Pattern weak (0.36) | Conf: 0.00
2025-12-03 19:34:46 | INFO     | strategies.neural_hybrid | [DECISION] NO_TRADE | Pattern weak (0.34) | Conf: 0.00
2025-12-03 19:34:46 | INFO     | strategies.neural_hybrid | [DECISION] NO_TRADE | Pattern weak (0.34) | Conf: 0.00
2025-12-03 19:34:47 | INFO     | strategies.neural_hybrid | [DECISION] NO_TRADE | Pattern weak (0.34) | Conf: 0.00
2025-12-03 19:34:47 | INFO     | strategies.neural_hybrid | [DECISION] NO_TRADE | Pattern weak (0.34) | Conf: 0.00
2025-12-03 19:34:47 | INFO     | strategies.neural_hybrid | [DECISION] NO_TRADE | Pattern weak (0.34) | Conf: 0.00
2025-12-03 19:34:48 | INFO     | strategies.neural_hybrid | [DECISION] NO_TRADE | Pattern weak (0.34) | Conf: 0.00
2025-12-03 19:34:48 | INFO     | strategies.neural_hybrid | [DECISION] NO_TRADE | Pattern weak (0.35) | Conf: 0.00
2025-12-03 19:34:48 | INFO     | strategies.neural_hybrid | [DECISION] NO_TRADE | Pattern weak (0.35) | Conf: 0.00
2025-12-03 19:34:48 | INFO     | strategies.neural_hybrid | [DECISION] NO_TRADE | Pattern weak (0.35) | Conf: 0.00
2025-12-03 19:34:49 | INFO     | strategies.neural_hybrid | [DECISION] NO_TRADE | Pattern weak (0.34) | Conf: 0.00
2025-12-03 19:34:49 | INFO     | strategies.neural_hybrid | [DECISION] NO_TRADE | Pattern weak (0.36) | Conf: 0.00
2025-12-03 19:34:49 | INFO     | strategies.neural_hybrid | [DECISION] NO_TRADE | Pattern weak (0.37) | Conf: 0.00
2025-12-03 19:34:49 | INFO     | strategies.neural_hybrid | [DECISION] NO_TRADE | Pattern weak (0.36) | Conf: 0.00
2025-12-03 19:34:50 | INFO     | strategies.neural_hybrid | [DECISION] NO_TRADE | Pattern weak (0.35) | Conf: 0.00
2025-12-03 19:34:50 | INFO     | strategies.neural_hybrid | [DECISION] NO_TRADE | Pattern weak (0.37) | Conf: 0.00
2025-12-03 19:34:50 | INFO     | strategies.neural_hybrid | [DECISION] NO_TRADE | Pattern weak (0.37) | Conf: 0.00
2025-12-03 19:34:51 | INFO     | strategies.neural_hybrid | [DECISION] NO_TRADE | Pattern weak (0.36) | Conf: 0.00
2025-12-03 19:34:51 | INFO     | strategies.neural_hybrid | [DECISION] NO_TRADE | Pattern weak (0.35) | Conf: 0.00
2025-12-03 19:34:51 | INFO     | strategies.neural_hybrid | [DECISION] NO_TRADE | Pattern weak (0.36) | Conf: 0.00
2025-12-03 19:34:51 | INFO     | strategies.neural_hybrid | [DECISION] NO_TRADE | Pattern weak (0.36) | Conf: 0.00
2025-12-03 19:34:52 | INFO     | strategies.neural_hybrid | [DECISION] NO_TRADE | Pattern weak (0.35) | Conf: 0.00
2025-12-03 19:34:52 | INFO     | strategies.neural_hybrid | [DECISION] NO_TRADE | Pattern weak (0.34) | Conf: 0.00
2025-12-03 19:34:52 | INFO     | strategies.neural_hybrid | [DECISION] NO_TRADE | Pattern weak (0.34) | Conf: 0.00
2025-12-03 19:34:52 | INFO     | strategies.neural_hybrid | [DECISION] NO_TRADE | Pattern weak (0.35) | Conf: 0.00
2025-12-03 19:34:53 | INFO     | strategies.neural_hybrid | [DECISION] NO_TRADE | Pattern weak (0.34) | Conf: 0.00
2025-12-03 19:34:53 | INFO     | strategies.neural_hybrid | [DECISION] NO_TRADE | Pattern weak (0.34) | Conf: 0.00
2025-12-03 19:34:53 | INFO     | strategies.neural_hybrid | [DECISION] NO_TRADE | Pattern weak (0.33) | Conf: 0.00
2025-12-03 19:34:53 | INFO     | strategies.neural_hybrid | [DECISION] NO_TRADE | Pattern weak (0.35) | Conf: 0.00
2025-12-03 19:34:54 | INFO     | strategies.neural_hybrid | [DECISION] NO_TRADE | Pattern weak (0.35) | Conf: 0.00
2025-12-03 19:34:54 | INFO     | strategies.neural_hybrid | [DECISION] NO_TRADE | Pattern weak (0.36) | Conf: 0.00
2025-12-03 19:34:54 | INFO     | strategies.neural_hybrid | [DECISION] NO_TRADE | Pattern weak (0.35) | Conf: 0.00
2025-12-03 19:34:55 | INFO     | strategies.neural_hybrid | [DECISION] NO_TRADE | Pattern weak (0.36) | Conf: 0.00
2025-12-03 19:34:55 | INFO     | strategies.neural_hybrid | [DECISION] NO_TRADE | Pattern weak (0.36) | Conf: 0.00
2025-12-03 19:34:55 | INFO     | strategies.neural_hybrid | [DECISION] NO_TRADE | Pattern weak (0.35) | Conf: 0.00
2025-12-03 19:34:55 | INFO     | strategies.neural_hybrid | [DECISION] NO_TRADE | Pattern weak (0.35) | Conf: 0.00
2025-12-03 19:34:56 | INFO     | strategies.neural_hybrid | [DECISION] NO_TRADE | Pattern weak (0.37) | Conf: 0.00
2025-12-03 19:34:56 | INFO     | strategies.neural_hybrid | [DECISION] NO_TRADE | Pattern weak (0.37) | Conf: 0.00
2025-12-03 19:34:56 | INFO     | strategies.neural_hybrid | [DECISION] NO_TRADE | Pattern weak (0.36) | Conf: 0.00
2025-12-03 19:34:56 | INFO     | strategies.neural_hybrid | [DECISION] NO_TRADE | Pattern weak (0.36) | Conf: 0.00
2025-12-03 19:34:57 | INFO     | strategies.neural_hybrid | [DECISION] NO_TRADE | Pattern weak (0.37) | Conf: 0.00
2025-12-03 19:34:57 | INFO     | strategies.neural_hybrid | [DECISION] NO_TRADE | Pattern weak (0.37) | Conf: 0.00
2025-12-03 19:34:57 | INFO     | strategies.neural_hybrid | [DECISION] NO_TRADE | Pattern weak (0.36) | Conf: 0.00
2025-12-03 19:34:58 | INFO     | strategies.neural_hybrid | [DECISION] NO_TRADE | Pattern weak (0.37) | Conf: 0.00
2025-12-03 19:34:58 | INFO     | strategies.neural_hybrid | [DECISION] NO_TRADE | Pattern weak (0.36) | Conf: 0.00
2025-12-03 19:34:58 | INFO     | strategies.neural_hybrid | [DECISION] NO_TRADE | Pattern weak (0.36) | Conf: 0.00
2025-12-03 19:34:58 | INFO     | strategies.neural_hybrid | [DECISION] NO_TRADE | Pattern weak (0.35) | Conf: 0.00
2025-12-03 19:34:59 | INFO     | strategies.neural_hybrid | [DECISION] NO_TRADE | Pattern weak (0.35) | Conf: 0.00
2025-12-03 19:34:59 | INFO     | strategies.neural_hybrid | [DECISION] NO_TRADE | Pattern weak (0.35) | Conf: 0.00
2025-12-03 19:34:59 | INFO     | strategies.neural_hybrid | [DECISION] NO_TRADE | Pattern weak (0.35) | Conf: 0.00
2025-12-03 19:34:59 | INFO     | strategies.neural_hybrid | [DECISION] NO_TRADE | Pattern weak (0.35) | Conf: 0.00
2025-12-03 19:35:00 | INFO     | strategies.neural_hybrid | [DECISION] NO_TRADE | Pattern weak (0.36) | Conf: 0.00
2025-12-03 19:35:00 | INFO     | strategies.neural_hybrid | [DECISION] NO_TRADE | Pattern weak (0.36) | Conf: 0.00
2025-12-03 19:35:00 | INFO     | strategies.neural_hybrid | [DECISION] NO_TRADE | Pattern weak (0.36) | Conf: 0.00
2025-12-03 19:35:01 | INFO     | strategies.neural_hybrid | [DECISION] NO_TRADE | Pattern weak (0.37) | Conf: 0.00
2025-12-03 19:35:01 | INFO     | strategies.neural_hybrid | [DECISION] NO_TRADE | Pattern weak (0.37) | Conf: 0.00
2025-12-03 19:35:01 | INFO     | strategies.neural_hybrid | [DECISION] NO_TRADE | Pattern weak (0.37) | Conf: 0.00
2025-12-03 19:35:01 | INFO     | strategies.neural_hybrid | [DECISION] NO_TRADE | Pattern weak (0.37) | Conf: 0.00
2025-12-03 19:35:02 | INFO     | strategies.neural_hybrid | [DECISION] NO_TRADE | Pattern weak (0.36) | Conf: 0.00
2025-12-03 19:35:02 | INFO     | strategies.neural_hybrid | [DECISION] NO_TRADE | Pattern weak (0.36) | Conf: 0.00
2025-12-03 19:35:02 | INFO     | strategies.neural_hybrid | [DECISION] NO_TRADE | Pattern weak (0.37) | Conf: 0.00
2025-12-03 19:35:02 | INFO     | strategies.neural_hybrid | [DECISION] NO_TRADE | Pattern weak (0.36) | Conf: 0.00
2025-12-03 19:35:03 | INFO     | strategies.neural_hybrid | [DECISION] NO_TRADE | Pattern weak (0.36) | Conf: 0.00
2025-12-03 19:35:03 | INFO     | strategies.neural_hybrid | [DECISION] NO_TRADE | Pattern weak (0.36) | Conf: 0.00
2025-12-03 19:35:03 | INFO     | strategies.neural_hybrid | [DECISION] NO_TRADE | Pattern weak (0.36) | Conf: 0.00
2025-12-03 19:35:04 | INFO     | strategies.neural_hybrid | [DECISION] NO_TRADE | Pattern weak (0.35) | Conf: 0.00
2025-12-03 19:35:04 | INFO     | strategies.neural_hybrid | [DECISION] NO_TRADE | Pattern weak (0.33) | Conf: 0.00
2025-12-03 19:35:04 | INFO     | strategies.neural_hybrid | [DECISION] NO_TRADE | Pattern weak (0.33) | Conf: 0.00
2025-12-03 19:35:04 | INFO     | strategies.neural_hybrid | [DECISION] NO_TRADE | Pattern weak (0.34) | Conf: 0.00
2025-12-03 19:35:05 | INFO     | strategies.neural_hybrid | [DECISION] NO_TRADE | Pattern weak (0.35) | Conf: 0.00
2025-12-03 19:35:05 | INFO     | strategies.neural_hybrid | [DECISION] NO_TRADE | Pattern weak (0.35) | Conf: 0.00
2025-12-03 19:35:05 | INFO     | strategies.neural_hybrid | [DECISION] NO_TRADE | Pattern weak (0.34) | Conf: 0.00
2025-12-03 19:35:05 | INFO     | strategies.neural_hybrid | [DECISION] NO_TRADE | Pattern weak (0.34) | Conf: 0.00
2025-12-03 19:35:06 | INFO     | strategies.neural_hybrid | [DECISION] NO_TRADE | Pattern weak (0.35) | Conf: 0.00
2025-12-03 19:35:06 | INFO     | strategies.neural_hybrid | [DECISION] NO_TRADE | Pattern weak (0.35) | Conf: 0.00
2025-12-03 19:35:06 | INFO     | strategies.neural_hybrid | [DECISION] NO_TRADE | Pattern weak (0.35) | Conf: 0.00
2025-12-03 19:35:07 | INFO     | strategies.neural_hybrid | [DECISION] NO_TRADE | Pattern weak (0.35) | Conf: 0.00
2025-12-03 19:35:07 | INFO     | strategies.neural_hybrid | [DECISION] NO_TRADE | Pattern weak (0.36) | Conf: 0.00
2025-12-03 19:35:07 | INFO     | strategies.neural_hybrid | [DECISION] NO_TRADE | Pattern weak (0.35) | Conf: 0.00
2025-12-03 19:35:07 | INFO     | strategies.neural_hybrid | [DECISION] NO_TRADE | Pattern weak (0.35) | Conf: 0.00
2025-12-03 19:35:08 | INFO     | strategies.neural_hybrid | [DECISION] NO_TRADE | Pattern weak (0.35) | Conf: 0.00
2025-12-03 19:35:08 | INFO     | strategies.neural_hybrid | [DECISION] NO_TRADE | Pattern weak (0.36) | Conf: 0.00
2025-12-03 19:35:08 | INFO     | strategies.neural_hybrid | [DECISION] NO_TRADE | Pattern weak (0.35) | Conf: 0.00
2025-12-03 19:35:08 | INFO     | strategies.neural_hybrid | [DECISION] NO_TRADE | Pattern weak (0.36) | Conf: 0.00
2025-12-03 19:35:09 | INFO     | strategies.neural_hybrid | [DECISION] NO_TRADE | Pattern weak (0.36) | Conf: 0.00
2025-12-03 19:35:09 | INFO     | strategies.neural_hybrid | [DECISION] NO_TRADE | Pattern weak (0.36) | Conf: 0.00
2025-12-03 19:35:09 | INFO     | strategies.neural_hybrid | [DECISION] NO_TRADE | Pattern weak (0.36) | Conf: 0.00
2025-12-03 19:35:10 | INFO     | strategies.neural_hybrid | [DECISION] NO_TRADE | Pattern weak (0.36) | Conf: 0.00
2025-12-03 19:35:10 | INFO     | strategies.neural_hybrid | [DECISION] NO_TRADE | Pattern weak (0.36) | Conf: 0.00
2025-12-03 19:35:10 | INFO     | strategies.neural_hybrid | [DECISION] NO_TRADE | Pattern weak (0.36) | Conf: 0.00
2025-12-03 19:35:10 | INFO     | strategies.neural_hybrid | [DECISION] NO_TRADE | Pattern weak (0.37) | Conf: 0.00
2025-12-03 19:35:11 | INFO     | strategies.neural_hybrid | [DECISION] NO_TRADE | Pattern weak (0.36) | Conf: 0.00
2025-12-03 19:35:11 | INFO     | strategies.neural_hybrid | [DECISION] NO_TRADE | Pattern weak (0.35) | Conf: 0.00
2025-12-03 19:35:11 | INFO     | strategies.neural_hybrid | [DECISION] NO_TRADE | Pattern weak (0.36) | Conf: 0.00
2025-12-03 19:35:11 | INFO     | strategies.neural_hybrid | [DECISION] NO_TRADE | Pattern weak (0.38) | Conf: 0.00
2025-12-03 19:35:12 | INFO     | strategies.neural_hybrid | [DECISION] NO_TRADE | Pattern weak (0.37) | Conf: 0.00
2025-12-03 19:35:12 | INFO     | strategies.neural_hybrid | [DECISION] NO_TRADE | Pattern weak (0.37) | Conf: 0.00
2025-12-03 19:35:12 | INFO     | strategies.neural_hybrid | [DECISION] NO_TRADE | Pattern weak (0.36) | Conf: 0.00
2025-12-03 19:35:12 | INFO     | strategies.neural_hybrid | [DECISION] NO_TRADE | Pattern weak (0.35) | Conf: 0.00
2025-12-03 19:35:13 | INFO     | strategies.neural_hybrid | [DECISION] NO_TRADE | Pattern weak (0.35) | Conf: 0.00
2025-12-03 19:35:13 | INFO     | strategies.neural_hybrid | [DECISION] NO_TRADE | Pattern weak (0.36) | Conf: 0.00
2025-12-03 19:35:13 | INFO     | strategies.neural_hybrid | [DECISION] NO_TRADE | Pattern weak (0.36) | Conf: 0.00
2025-12-03 19:35:14 | INFO     | strategies.neural_hybrid | [DECISION] NO_TRADE | Pattern weak (0.36) | Conf: 0.00
2025-12-03 19:35:14 | INFO     | strategies.neural_hybrid | [DECISION] NO_TRADE | Pattern weak (0.36) | Conf: 0.00
2025-12-03 19:35:14 | INFO     | strategies.neural_hybrid | [DECISION] NO_TRADE | Pattern weak (0.36) | Conf: 0.00
2025-12-03 19:35:14 | INFO     | strategies.neural_hybrid | [DECISION] NO_TRADE | Pattern weak (0.36) | Conf: 0.00
2025-12-03 19:35:15 | INFO     | strategies.neural_hybrid | [DECISION] NO_TRADE | Pattern weak (0.36) | Conf: 0.00
2025-12-03 19:35:15 | INFO     | strategies.neural_hybrid | [DECISION] NO_TRADE | Pattern weak (0.38) | Conf: 0.00
2025-12-03 19:35:15 | INFO     | strategies.neural_hybrid | [DECISION] NO_TRADE | Pattern weak (0.37) | Conf: 0.00
2025-12-03 19:35:15 | INFO     | strategies.neural_hybrid | [DECISION] NO_TRADE | Pattern weak (0.36) | Conf: 0.00
2025-12-03 19:35:16 | INFO     | strategies.neural_hybrid | [DECISION] NO_TRADE | Pattern weak (0.37) | Conf: 0.00
2025-12-03 19:35:16 | INFO     | strategies.neural_hybrid | [DECISION] NO_TRADE | Pattern weak (0.37) | Conf: 0.00
2025-12-03 19:35:16 | INFO     | strategies.neural_hybrid | [DECISION] NO_TRADE | Pattern weak (0.36) | Conf: 0.00
2025-12-03 19:35:17 | INFO     | strategies.neural_hybrid | [DECISION] NO_TRADE | Pattern weak (0.36) | Conf: 0.00
2025-12-03 19:35:17 | INFO     | strategies.neural_hybrid | [DECISION] NO_TRADE | Pattern weak (0.37) | Conf: 0.00
2025-12-03 19:35:17 | INFO     | strategies.neural_hybrid | [DECISION] NO_TRADE | Pattern weak (0.37) | Conf: 0.00
2025-12-03 19:35:17 | INFO     | strategies.neural_hybrid | [DECISION] NO_TRADE | Pattern weak (0.37) | Conf: 0.00
2025-12-03 19:35:18 | INFO     | strategies.neural_hybrid | [DECISION] NO_TRADE | Pattern weak (0.38) | Conf: 0.00
2025-12-03 19:35:18 | INFO     | strategies.neural_hybrid | [DECISION] NO_TRADE | Pattern weak (0.38) | Conf: 0.00
2025-12-03 19:35:18 | INFO     | strategies.neural_hybrid | [DECISION] NO_TRADE | Pattern weak (0.38) | Conf: 0.00
2025-12-03 19:35:18 | INFO     | strategies.neural_hybrid | [DECISION] NO_TRADE | Pattern weak (0.38) | Conf: 0.00
2025-12-03 19:35:19 | INFO     | strategies.neural_hybrid | [DECISION] NO_TRADE | Pattern weak (0.38) | Conf: 0.00
2025-12-03 19:35:19 | INFO     | strategies.neural_hybrid | [DECISION] NO_TRADE | Pattern weak (0.38) | Conf: 0.00
2025-12-03 19:35:19 | INFO     | strategies.neural_hybrid | [DECISION] NO_TRADE | Pattern weak (0.37) | Conf: 0.00
2025-12-03 19:35:20 | INFO     | strategies.neural_hybrid | [DECISION] NO_TRADE | Pattern weak (0.37) | Conf: 0.00
2025-12-03 19:35:20 | INFO     | strategies.neural_hybrid | [DECISION] NO_TRADE | Pattern weak (0.37) | Conf: 0.00
2025-12-03 19:35:20 | INFO     | strategies.neural_hybrid | [DECISION] NO_TRADE | Pattern weak (0.37) | Conf: 0.00
2025-12-03 19:35:20 | INFO     | strategies.neural_hybrid | [DECISION] NO_TRADE | Pattern weak (0.36) | Conf: 0.00
2025-12-03 19:35:21 | INFO     | strategies.neural_hybrid | [DECISION] NO_TRADE | Pattern weak (0.37) | Conf: 0.00
2025-12-03 19:35:21 | INFO     | strategies.neural_hybrid | [DECISION] NO_TRADE | Pattern weak (0.36) | Conf: 0.00
2025-12-03 19:35:21 | INFO     | strategies.neural_hybrid | [DECISION] NO_TRADE | Pattern weak (0.36) | Conf: 0.00
2025-12-03 19:35:22 | INFO     | strategies.neural_hybrid | [DECISION] NO_TRADE | Pattern weak (0.36) | Conf: 0.00
2025-12-03 19:35:22 | INFO     | strategies.neural_hybrid | [DECISION] NO_TRADE | Pattern weak (0.37) | Conf: 0.00
2025-12-03 19:35:22 | INFO     | strategies.neural_hybrid | [DECISION] NO_TRADE | Pattern weak (0.36) | Conf: 0.00
2025-12-03 19:35:22 | INFO     | strategies.neural_hybrid | [DECISION] NO_TRADE | Pattern weak (0.36) | Conf: 0.00
2025-12-03 19:35:23 | INFO     | strategies.neural_hybrid | [DECISION] NO_TRADE | Pattern weak (0.36) | Conf: 0.00
2025-12-03 19:35:23 | INFO     | strategies.neural_hybrid | [DECISION] NO_TRADE | Pattern weak (0.36) | Conf: 0.00
2025-12-03 19:35:23 | INFO     | strategies.neural_hybrid | [DECISION] NO_TRADE | Pattern weak (0.37) | Conf: 0.00
2025-12-03 19:35:23 | INFO     | strategies.neural_hybrid | [DECISION] NO_TRADE | Pattern weak (0.37) | Conf: 0.00
2025-12-03 19:35:24 | INFO     | strategies.neural_hybrid | [DECISION] NO_TRADE | Pattern weak (0.37) | Conf: 0.00
2025-12-03 19:35:24 | INFO     | strategies.neural_hybrid | [DECISION] NO_TRADE | Pattern weak (0.38) | Conf: 0.00
2025-12-03 19:35:24 | INFO     | strategies.neural_hybrid | [DECISION] NO_TRADE | Pattern weak (0.38) | Conf: 0.00
2025-12-03 19:35:25 | INFO     | strategies.neural_hybrid | [DECISION] NO_TRADE | Pattern weak (0.37) | Conf: 0.00
2025-12-03 19:35:25 | INFO     | strategies.neural_hybrid | [DECISION] NO_TRADE | Pattern weak (0.37) | Conf: 0.00
2025-12-03 19:35:25 | INFO     | strategies.neural_hybrid | [DECISION] NO_TRADE | Pattern weak (0.38) | Conf: 0.00
2025-12-03 19:35:25 | INFO     | strategies.neural_hybrid | [DECISION] NO_TRADE | Pattern weak (0.36) | Conf: 0.00
2025-12-03 19:35:26 | INFO     | strategies.neural_hybrid | [DECISION] NO_TRADE | Pattern weak (0.35) | Conf: 0.00
2025-12-03 19:35:26 | INFO     | strategies.neural_hybrid | [DECISION] NO_TRADE | Pattern weak (0.34) | Conf: 0.00
2025-12-03 19:35:26 | INFO     | strategies.neural_hybrid | [DECISION] NO_TRADE | Pattern weak (0.36) | Conf: 0.00
2025-12-03 19:35:27 | INFO     | strategies.neural_hybrid | [DECISION] NO_TRADE | Pattern weak (0.36) | Conf: 0.00
2025-12-03 19:35:27 | INFO     | strategies.neural_hybrid | [DECISION] NO_TRADE | Pattern weak (0.36) | Conf: 0.00
2025-12-03 19:35:27 | INFO     | strategies.neural_hybrid | [DECISION] NO_TRADE | Pattern weak (0.35) | Conf: 0.00
2025-12-03 19:35:27 | INFO     | strategies.neural_hybrid | [DECISION] NO_TRADE | Pattern weak (0.36) | Conf: 0.00
2025-12-03 19:35:28 | INFO     | strategies.neural_hybrid | [DECISION] NO_TRADE | Pattern weak (0.36) | Conf: 0.00
2025-12-03 19:35:28 | INFO     | strategies.neural_hybrid | [DECISION] NO_TRADE | Pattern weak (0.36) | Conf: 0.00
2025-12-03 19:35:28 | INFO     | strategies.neural_hybrid | [DECISION] NO_TRADE | Pattern weak (0.36) | Conf: 0.00
2025-12-03 19:35:29 | INFO     | strategies.neural_hybrid | [DECISION] NO_TRADE | Pattern weak (0.36) | Conf: 0.00
2025-12-03 19:35:29 | INFO     | strategies.neural_hybrid | [DECISION] NO_TRADE | Pattern weak (0.36) | Conf: 0.00
2025-12-03 19:35:29 | INFO     | strategies.neural_hybrid | [DECISION] NO_TRADE | Pattern weak (0.36) | Conf: 0.00
2025-12-03 19:35:29 | INFO     | strategies.neural_hybrid | [DECISION] NO_TRADE | Pattern weak (0.36) | Conf: 0.00
2025-12-03 19:35:30 | INFO     | strategies.neural_hybrid | [DECISION] NO_TRADE | Pattern weak (0.35) | Conf: 0.00
2025-12-03 19:35:30 | INFO     | strategies.neural_hybrid | [DECISION] NO_TRADE | Pattern weak (0.36) | Conf: 0.00
2025-12-03 19:35:30 | INFO     | strategies.neural_hybrid | [DECISION] NO_TRADE | Pattern weak (0.35) | Conf: 0.00
2025-12-03 19:35:31 | INFO     | strategies.neural_hybrid | [DECISION] NO_TRADE | Pattern weak (0.35) | Conf: 0.00
2025-12-03 19:35:31 | INFO     | strategies.neural_hybrid | [DECISION] NO_TRADE | Pattern weak (0.35) | Conf: 0.00
2025-12-03 19:35:31 | INFO     | strategies.neural_hybrid | [DECISION] NO_TRADE | Pattern weak (0.35) | Conf: 0.00
2025-12-03 19:35:31 | INFO     | strategies.neural_hybrid | [DECISION] NO_TRADE | Pattern weak (0.36) | Conf: 0.00
2025-12-03 19:35:32 | INFO     | strategies.neural_hybrid | [DECISION] NO_TRADE | Pattern weak (0.35) | Conf: 0.00
2025-12-03 19:35:32 | INFO     | strategies.neural_hybrid | [DECISION] NO_TRADE | Pattern weak (0.35) | Conf: 0.00
2025-12-03 19:35:32 | INFO     | strategies.neural_hybrid | [DECISION] NO_TRADE | Pattern weak (0.35) | Conf: 0.00
2025-12-03 19:35:33 | INFO     | strategies.neural_hybrid | [DECISION] NO_TRADE | Pattern weak (0.35) | Conf: 0.00
2025-12-03 19:35:33 | INFO     | strategies.neural_hybrid | [DECISION] NO_TRADE | Pattern weak (0.36) | Conf: 0.00
2025-12-03 19:35:33 | INFO     | strategies.neural_hybrid | [DECISION] NO_TRADE | Pattern weak (0.35) | Conf: 0.00
2025-12-03 19:35:33 | INFO     | strategies.neural_hybrid | [DECISION] NO_TRADE | Pattern weak (0.35) | Conf: 0.00
2025-12-03 19:35:34 | INFO     | strategies.neural_hybrid | [DECISION] NO_TRADE | Pattern weak (0.35) | Conf: 0.00
2025-12-03 19:35:34 | INFO     | strategies.neural_hybrid | [DECISION] NO_TRADE | Pattern weak (0.35) | Conf: 0.00
2025-12-03 19:35:34 | INFO     | strategies.neural_hybrid | [DECISION] NO_TRADE | Pattern weak (0.36) | Conf: 0.00
2025-12-03 19:35:34 | INFO     | strategies.neural_hybrid | [DECISION] NO_TRADE | Pattern weak (0.35) | Conf: 0.00
2025-12-03 19:35:35 | INFO     | strategies.neural_hybrid | [DECISION] NO_TRADE | Pattern weak (0.36) | Conf: 0.00
2025-12-03 19:35:35 | INFO     | strategies.neural_hybrid | [DECISION] NO_TRADE | Pattern weak (0.36) | Conf: 0.00
2025-12-03 19:35:35 | INFO     | strategies.neural_hybrid | [DECISION] NO_TRADE | Pattern weak (0.36) | Conf: 0.00
2025-12-03 19:35:36 | INFO     | strategies.neural_hybrid | [DECISION] NO_TRADE | Pattern weak (0.36) | Conf: 0.00
2025-12-03 19:35:36 | INFO     | strategies.neural_hybrid | [DECISION] NO_TRADE | Pattern weak (0.36) | Conf: 0.00
2025-12-03 19:35:36 | INFO     | strategies.neural_hybrid | [DECISION] NO_TRADE | Pattern weak (0.37) | Conf: 0.00
2025-12-03 19:35:36 | INFO     | strategies.neural_hybrid | [DECISION] NO_TRADE | Pattern weak (0.36) | Conf: 0.00
2025-12-03 19:35:37 | INFO     | strategies.neural_hybrid | [DECISION] NO_TRADE | Pattern weak (0.34) | Conf: 0.00
2025-12-03 19:35:37 | INFO     | strategies.neural_hybrid | [DECISION] NO_TRADE | Pattern weak (0.35) | Conf: 0.00
2025-12-03 19:35:37 | INFO     | strategies.neural_hybrid | [DECISION] NO_TRADE | Pattern weak (0.34) | Conf: 0.00
2025-12-03 19:35:38 | INFO     | strategies.neural_hybrid | [DECISION] NO_TRADE | Pattern weak (0.34) | Conf: 0.00
2025-12-03 19:35:38 | INFO     | strategies.neural_hybrid | [DECISION] NO_TRADE | Pattern weak (0.34) | Conf: 0.00
2025-12-03 19:35:38 | INFO     | strategies.neural_hybrid | [DECISION] NO_TRADE | Pattern weak (0.35) | Conf: 0.00
2025-12-03 19:35:38 | INFO     | strategies.neural_hybrid | [DECISION] NO_TRADE | Pattern weak (0.35) | Conf: 0.00
2025-12-03 19:35:39 | INFO     | strategies.neural_hybrid | [DECISION] NO_TRADE | Pattern weak (0.35) | Conf: 0.00
2025-12-03 19:35:39 | INFO     | strategies.neural_hybrid | [DECISION] NO_TRADE | Pattern weak (0.34) | Conf: 0.00
2025-12-03 19:35:39 | INFO     | strategies.neural_hybrid | [DECISION] NO_TRADE | Pattern weak (0.34) | Conf: 0.00
2025-12-03 19:35:40 | INFO     | strategies.neural_hybrid | [DECISION] NO_TRADE | Pattern weak (0.34) | Conf: 0.00
2025-12-03 19:35:40 | INFO     | strategies.neural_hybrid | [DECISION] NO_TRADE | Pattern weak (0.35) | Conf: 0.00
2025-12-03 19:35:40 | INFO     | strategies.neural_hybrid | [DECISION] NO_TRADE | Pattern weak (0.35) | Conf: 0.00
2025-12-03 19:35:40 | INFO     | strategies.neural_hybrid | [DECISION] NO_TRADE | Pattern weak (0.35) | Conf: 0.00
2025-12-03 19:35:41 | INFO     | strategies.neural_hybrid | [DECISION] NO_TRADE | Pattern weak (0.35) | Conf: 0.00
2025-12-03 19:35:41 | INFO     | strategies.neural_hybrid | [DECISION] NO_TRADE | Pattern weak (0.35) | Conf: 0.00
2025-12-03 19:35:41 | INFO     | strategies.neural_hybrid | [DECISION] NO_TRADE | Pattern weak (0.35) | Conf: 0.00
2025-12-03 19:35:41 | INFO     | strategies.neural_hybrid | [DECISION] NO_TRADE | Pattern weak (0.36) | Conf: 0.00
2025-12-03 19:35:42 | INFO     | strategies.neural_hybrid | [DECISION] NO_TRADE | Pattern weak (0.35) | Conf: 0.00
2025-12-03 19:35:42 | INFO     | strategies.neural_hybrid | [DECISION] NO_TRADE | Pattern weak (0.36) | Conf: 0.00
2025-12-03 19:35:42 | INFO     | strategies.neural_hybrid | [DECISION] NO_TRADE | Pattern weak (0.37) | Conf: 0.00
2025-12-03 19:35:43 | INFO     | strategies.neural_hybrid | [DECISION] NO_TRADE | Pattern weak (0.37) | Conf: 0.00
2025-12-03 19:35:43 | INFO     | strategies.neural_hybrid | [DECISION] NO_TRADE | Pattern weak (0.36) | Conf: 0.00
2025-12-03 19:35:43 | INFO     | strategies.neural_hybrid | [DECISION] NO_TRADE | Pattern weak (0.36) | Conf: 0.00
2025-12-03 19:35:43 | INFO     | strategies.neural_hybrid | [DECISION] NO_TRADE | Pattern weak (0.37) | Conf: 0.00
2025-12-03 19:35:44 | INFO     | strategies.neural_hybrid | [DECISION] NO_TRADE | Pattern weak (0.38) | Conf: 0.00
2025-12-03 19:35:44 | INFO     | strategies.neural_hybrid | [DECISION] NO_TRADE | Pattern weak (0.37) | Conf: 0.00
2025-12-03 19:35:44 | INFO     | strategies.neural_hybrid | [DECISION] NO_TRADE | Pattern weak (0.37) | Conf: 0.00
2025-12-03 19:35:45 | INFO     | strategies.neural_hybrid | [DECISION] NO_TRADE | Pattern weak (0.38) | Conf: 0.00
2025-12-03 19:35:45 | INFO     | strategies.neural_hybrid | [DECISION] NO_TRADE | Pattern weak (0.38) | Conf: 0.00
2025-12-03 19:35:45 | INFO     | strategies.neural_hybrid | [DECISION] NO_TRADE | Pattern weak (0.38) | Conf: 0.00
2025-12-03 19:35:45 | INFO     | strategies.neural_hybrid | [DECISION] NO_TRADE | Pattern weak (0.38) | Conf: 0.00
2025-12-03 19:35:46 | INFO     | strategies.neural_hybrid | [DECISION] NO_TRADE | Pattern weak (0.37) | Conf: 0.00
2025-12-03 19:35:46 | INFO     | strategies.neural_hybrid | [DECISION] NO_TRADE | Pattern weak (0.38) | Conf: 0.00
2025-12-03 19:35:46 | INFO     | strategies.neural_hybrid | [DECISION] NO_TRADE | Pattern weak (0.38) | Conf: 0.00
2025-12-03 19:35:47 | INFO     | strategies.neural_hybrid | [DECISION] NO_TRADE | Pattern weak (0.38) | Conf: 0.00
2025-12-03 19:35:47 | INFO     | strategies.neural_hybrid | [DECISION] NO_TRADE | Pattern weak (0.37) | Conf: 0.00
2025-12-03 19:35:47 | INFO     | strategies.neural_hybrid | [DECISION] NO_TRADE | Pattern weak (0.37) | Conf: 0.00
2025-12-03 19:35:47 | INFO     | strategies.neural_hybrid | [DECISION] NO_TRADE | Pattern weak (0.37) | Conf: 0.00
2025-12-03 19:35:48 | INFO     | strategies.neural_hybrid | [DECISION] NO_TRADE | Pattern weak (0.36) | Conf: 0.00
2025-12-03 19:35:48 | INFO     | strategies.neural_hybrid | [DECISION] NO_TRADE | Pattern weak (0.35) | Conf: 0.00
2025-12-03 19:35:48 | INFO     | strategies.neural_hybrid | [DECISION] NO_TRADE | Pattern weak (0.35) | Conf: 0.00
2025-12-03 19:35:49 | INFO     | strategies.neural_hybrid | [DECISION] NO_TRADE | Pattern weak (0.36) | Conf: 0.00
2025-12-03 19:35:49 | INFO     | strategies.neural_hybrid | [DECISION] NO_TRADE | Pattern weak (0.36) | Conf: 0.00
2025-12-03 19:35:49 | INFO     | strategies.neural_hybrid | [DECISION] NO_TRADE | Pattern weak (0.35) | Conf: 0.00
2025-12-03 19:35:49 | INFO     | strategies.neural_hybrid | [DECISION] NO_TRADE | Pattern weak (0.35) | Conf: 0.00
2025-12-03 19:35:50 | INFO     | strategies.neural_hybrid | [DECISION] NO_TRADE | Pattern weak (0.36) | Conf: 0.00
2025-12-03 19:35:50 | INFO     | strategies.neural_hybrid | [DECISION] NO_TRADE | Pattern weak (0.37) | Conf: 0.00
2025-12-03 19:35:50 | INFO     | strategies.neural_hybrid | [DECISION] NO_TRADE | Pattern weak (0.37) | Conf: 0.00
2025-12-03 19:35:50 | INFO     | strategies.neural_hybrid | [DECISION] NO_TRADE | Pattern weak (0.37) | Conf: 0.00
2025-12-03 19:35:51 | INFO     | strategies.neural_hybrid | [DECISION] NO_TRADE | Pattern weak (0.38) | Conf: 0.00
2025-12-03 19:35:51 | INFO     | strategies.neural_hybrid | [DECISION] NO_TRADE | Pattern weak (0.38) | Conf: 0.00
2025-12-03 19:35:51 | INFO     | strategies.neural_hybrid | [DECISION] NO_TRADE | Pattern weak (0.37) | Conf: 0.00
2025-12-03 19:35:52 | INFO     | strategies.neural_hybrid | [DECISION] NO_TRADE | Pattern weak (0.38) | Conf: 0.00
2025-12-03 19:35:52 | INFO     | strategies.neural_hybrid | [DECISION] NO_TRADE | Pattern weak (0.38) | Conf: 0.00
2025-12-03 19:35:52 | INFO     | strategies.neural_hybrid | [DECISION] NO_TRADE | Pattern weak (0.38) | Conf: 0.00
2025-12-03 19:35:52 | INFO     | strategies.neural_hybrid | [DECISION] NO_TRADE | Pattern weak (0.38) | Conf: 0.00
2025-12-03 19:35:53 | INFO     | strategies.neural_hybrid | [DECISION] NO_TRADE | Pattern weak (0.37) | Conf: 0.00
2025-12-03 19:35:53 | INFO     | strategies.neural_hybrid | [DECISION] NO_TRADE | Pattern weak (0.36) | Conf: 0.00
2025-12-03 19:35:53 | INFO     | strategies.neural_hybrid | [DECISION] NO_TRADE | Pattern weak (0.37) | Conf: 0.00
2025-12-03 19:35:54 | INFO     | strategies.neural_hybrid | [DECISION] NO_TRADE | Pattern weak (0.37) | Conf: 0.00
2025-12-03 19:35:54 | INFO     | strategies.neural_hybrid | [DECISION] NO_TRADE | Pattern weak (0.36) | Conf: 0.00
2025-12-03 19:35:54 | INFO     | strategies.neural_hybrid | [DECISION] NO_TRADE | Pattern weak (0.36) | Conf: 0.00
2025-12-03 19:35:54 | INFO     | strategies.neural_hybrid | [DECISION] NO_TRADE | Pattern weak (0.36) | Conf: 0.00
2025-12-03 19:35:55 | INFO     | strategies.neural_hybrid | [DECISION] NO_TRADE | Pattern weak (0.36) | Conf: 0.00
2025-12-03 19:35:55 | INFO     | strategies.neural_hybrid | [DECISION] NO_TRADE | Pattern weak (0.36) | Conf: 0.00
2025-12-03 19:35:55 | INFO     | strategies.neural_hybrid | [DECISION] NO_TRADE | Pattern weak (0.36) | Conf: 0.00
2025-12-03 19:35:55 | INFO     | strategies.neural_hybrid | [DECISION] NO_TRADE | Pattern weak (0.36) | Conf: 0.00
2025-12-03 19:35:56 | INFO     | strategies.neural_hybrid | [DECISION] NO_TRADE | Pattern weak (0.36) | Conf: 0.00
2025-12-03 19:35:56 | INFO     | strategies.neural_hybrid | [DECISION] NO_TRADE | Pattern weak (0.36) | Conf: 0.00
2025-12-03 19:35:56 | INFO     | strategies.neural_hybrid | [DECISION] NO_TRADE | Pattern weak (0.36) | Conf: 0.00
2025-12-03 19:35:57 | INFO     | strategies.neural_hybrid | [DECISION] NO_TRADE | Pattern weak (0.36) | Conf: 0.00
2025-12-03 19:35:57 | INFO     | strategies.neural_hybrid | [DECISION] NO_TRADE | Pattern weak (0.37) | Conf: 0.00
2025-12-03 19:35:57 | INFO     | strategies.neural_hybrid | [DECISION] NO_TRADE | Pattern weak (0.37) | Conf: 0.00
2025-12-03 19:35:57 | INFO     | strategies.neural_hybrid | [DECISION] NO_TRADE | Pattern weak (0.37) | Conf: 0.00
2025-12-03 19:35:58 | INFO     | strategies.neural_hybrid | [DECISION] NO_TRADE | Pattern weak (0.37) | Conf: 0.00
2025-12-03 19:35:58 | INFO     | strategies.neural_hybrid | [DECISION] NO_TRADE | Pattern weak (0.37) | Conf: 0.00
2025-12-03 19:35:58 | INFO     | strategies.neural_hybrid | [DECISION] NO_TRADE | Pattern weak (0.38) | Conf: 0.00
2025-12-03 19:35:59 | INFO     | strategies.neural_hybrid | [DECISION] NO_TRADE | Pattern weak (0.37) | Conf: 0.00
2025-12-03 19:35:59 | INFO     | strategies.neural_hybrid | [DECISION] NO_TRADE | Pattern weak (0.37) | Conf: 0.00
2025-12-03 19:35:59 | INFO     | strategies.neural_hybrid | [DECISION] NO_TRADE | Pattern weak (0.37) | Conf: 0.00
2025-12-03 19:35:59 | INFO     | strategies.neural_hybrid | [DECISION] NO_TRADE | Pattern weak (0.37) | Conf: 0.00
2025-12-03 19:36:00 | INFO     | strategies.neural_hybrid | [DECISION] NO_TRADE | Pattern weak (0.37) | Conf: 0.00
2025-12-03 19:36:00 | INFO     | strategies.neural_hybrid | [DECISION] NO_TRADE | Pattern weak (0.36) | Conf: 0.00
2025-12-03 19:36:00 | INFO     | strategies.neural_hybrid | [DECISION] NO_TRADE | Pattern weak (0.36) | Conf: 0.00
2025-12-03 19:36:00 | INFO     | strategies.neural_hybrid | [DECISION] NO_TRADE | Pattern weak (0.36) | Conf: 0.00
2025-12-03 19:36:01 | INFO     | strategies.neural_hybrid | [DECISION] NO_TRADE | Pattern weak (0.36) | Conf: 0.00
2025-12-03 19:36:01 | INFO     | strategies.neural_hybrid | [DECISION] NO_TRADE | Pattern weak (0.36) | Conf: 0.00
2025-12-03 19:36:01 | INFO     | strategies.neural_hybrid | [DECISION] NO_TRADE | Pattern weak (0.35) | Conf: 0.00
2025-12-03 19:36:02 | INFO     | strategies.neural_hybrid | [DECISION] NO_TRADE | Pattern weak (0.36) | Conf: 0.00
2025-12-03 19:36:02 | INFO     | strategies.neural_hybrid | [DECISION] NO_TRADE | Pattern weak (0.36) | Conf: 0.00
2025-12-03 19:36:02 | INFO     | strategies.neural_hybrid | [DECISION] NO_TRADE | Pattern weak (0.36) | Conf: 0.00
2025-12-03 19:36:02 | INFO     | strategies.neural_hybrid | [DECISION] NO_TRADE | Pattern weak (0.36) | Conf: 0.00
2025-12-03 19:36:03 | INFO     | strategies.neural_hybrid | [DECISION] NO_TRADE | Pattern weak (0.36) | Conf: 0.00
2025-12-03 19:36:03 | INFO     | strategies.neural_hybrid | [DECISION] NO_TRADE | Pattern weak (0.37) | Conf: 0.00
2025-12-03 19:36:03 | INFO     | strategies.neural_hybrid | [DECISION] NO_TRADE | Pattern weak (0.37) | Conf: 0.00
2025-12-03 19:36:04 | INFO     | strategies.neural_hybrid | [DECISION] NO_TRADE | Pattern weak (0.37) | Conf: 0.00
2025-12-03 19:36:04 | INFO     | strategies.neural_hybrid | [DECISION] NO_TRADE | Pattern weak (0.37) | Conf: 0.00
2025-12-03 19:36:04 | INFO     | strategies.neural_hybrid | [DECISION] NO_TRADE | Pattern weak (0.37) | Conf: 0.00
2025-12-03 19:36:04 | INFO     | strategies.neural_hybrid | [DECISION] NO_TRADE | Pattern weak (0.38) | Conf: 0.00
2025-12-03 19:36:05 | INFO     | strategies.neural_hybrid | [DECISION] NO_TRADE | Pattern weak (0.38) | Conf: 0.00
2025-12-03 19:36:05 | INFO     | strategies.neural_hybrid | [DECISION] NO_TRADE | Pattern weak (0.38) | Conf: 0.00
2025-12-03 19:36:05 | INFO     | strategies.neural_hybrid | [DECISION] NO_TRADE | Pattern weak (0.38) | Conf: 0.00
2025-12-03 19:36:05 | INFO     | strategies.neural_hybrid | [DECISION] NO_TRADE | Pattern weak (0.37) | Conf: 0.00
2025-12-03 19:36:06 | INFO     | strategies.neural_hybrid | [DECISION] NO_TRADE | Pattern weak (0.37) | Conf: 0.00
2025-12-03 19:36:06 | INFO     | strategies.neural_hybrid | [DECISION] NO_TRADE | Pattern weak (0.38) | Conf: 0.00
2025-12-03 19:36:06 | INFO     | strategies.neural_hybrid | [DECISION] NO_TRADE | Pattern weak (0.37) | Conf: 0.00
2025-12-03 19:36:07 | INFO     | strategies.neural_hybrid | [DECISION] NO_TRADE | Pattern weak (0.37) | Conf: 0.00
2025-12-03 19:36:07 | INFO     | strategies.neural_hybrid | [DECISION] NO_TRADE | Pattern weak (0.37) | Conf: 0.00
2025-12-03 19:36:07 | INFO     | strategies.neural_hybrid | [DECISION] NO_TRADE | Pattern weak (0.37) | Conf: 0.00
2025-12-03 19:36:07 | INFO     | strategies.neural_hybrid | [DECISION] NO_TRADE | Pattern weak (0.36) | Conf: 0.00
2025-12-03 19:36:08 | INFO     | strategies.neural_hybrid | [DECISION] NO_TRADE | Pattern weak (0.36) | Conf: 0.00
2025-12-03 19:36:08 | INFO     | strategies.neural_hybrid | [DECISION] NO_TRADE | Pattern weak (0.36) | Conf: 0.00
2025-12-03 19:36:08 | INFO     | strategies.neural_hybrid | [DECISION] NO_TRADE | Pattern weak (0.36) | Conf: 0.00
2025-12-03 19:36:08 | INFO     | strategies.neural_hybrid | [DECISION] NO_TRADE | Pattern weak (0.36) | Conf: 0.00
2025-12-03 19:36:09 | INFO     | strategies.neural_hybrid | [DECISION] NO_TRADE | Pattern weak (0.36) | Conf: 0.00
2025-12-03 19:36:09 | INFO     | strategies.neural_hybrid | [DECISION] NO_TRADE | Pattern weak (0.36) | Conf: 0.00
2025-12-03 19:36:09 | INFO     | strategies.neural_hybrid | [DECISION] NO_TRADE | Pattern weak (0.37) | Conf: 0.00
2025-12-03 19:36:10 | INFO     | strategies.neural_hybrid | [DECISION] NO_TRADE | Pattern weak (0.37) | Conf: 0.00
2025-12-03 19:36:10 | INFO     | strategies.neural_hybrid | [DECISION] NO_TRADE | Pattern weak (0.37) | Conf: 0.00
2025-12-03 19:36:10 | INFO     | strategies.neural_hybrid | [DECISION] NO_TRADE | Pattern weak (0.38) | Conf: 0.00
2025-12-03 19:36:10 | INFO     | strategies.neural_hybrid | [DECISION] NO_TRADE | Pattern weak (0.37) | Conf: 0.00
2025-12-03 19:36:11 | INFO     | strategies.neural_hybrid | [DECISION] NO_TRADE | Pattern weak (0.38) | Conf: 0.00
2025-12-03 19:36:11 | INFO     | strategies.neural_hybrid | [DECISION] NO_TRADE | Pattern weak (0.37) | Conf: 0.00
2025-12-03 19:36:11 | INFO     | strategies.neural_hybrid | [DECISION] NO_TRADE | Pattern weak (0.38) | Conf: 0.00
2025-12-03 19:36:12 | INFO     | strategies.neural_hybrid | [DECISION] NO_TRADE | Pattern weak (0.37) | Conf: 0.00
2025-12-03 19:36:12 | INFO     | strategies.neural_hybrid | [DECISION] NO_TRADE | Pattern weak (0.38) | Conf: 0.00
2025-12-03 19:36:12 | INFO     | strategies.neural_hybrid | [DECISION] NO_TRADE | Pattern weak (0.38) | Conf: 0.00
2025-12-03 19:36:12 | INFO     | strategies.neural_hybrid | [DECISION] NO_TRADE | Pattern weak (0.37) | Conf: 0.00
2025-12-03 19:36:13 | INFO     | strategies.neural_hybrid | [DECISION] NO_TRADE | Pattern weak (0.37) | Conf: 0.00
2025-12-03 19:36:13 | INFO     | strategies.neural_hybrid | [DECISION] NO_TRADE | Pattern weak (0.37) | Conf: 0.00
2025-12-03 19:36:13 | INFO     | strategies.neural_hybrid | [DECISION] NO_TRADE | Pattern weak (0.36) | Conf: 0.00
2025-12-03 19:36:13 | INFO     | strategies.neural_hybrid | [DECISION] NO_TRADE | Pattern weak (0.36) | Conf: 0.00
2025-12-03 19:36:14 | INFO     | strategies.neural_hybrid | [DECISION] NO_TRADE | Pattern weak (0.35) | Conf: 0.00
2025-12-03 19:36:14 | INFO     | strategies.neural_hybrid | [DECISION] NO_TRADE | Pattern weak (0.36) | Conf: 0.00
2025-12-03 19:36:14 | INFO     | strategies.neural_hybrid | [DECISION] NO_TRADE | Pattern weak (0.36) | Conf: 0.00
2025-12-03 19:36:15 | INFO     | strategies.neural_hybrid | [DECISION] NO_TRADE | Pattern weak (0.36) | Conf: 0.00
2025-12-03 19:36:15 | INFO     | strategies.neural_hybrid | [DECISION] NO_TRADE | Pattern weak (0.36) | Conf: 0.00
2025-12-03 19:36:15 | INFO     | strategies.neural_hybrid | [DECISION] NO_TRADE | Pattern weak (0.36) | Conf: 0.00
2025-12-03 19:36:15 | INFO     | strategies.neural_hybrid | [DECISION] NO_TRADE | Pattern weak (0.36) | Conf: 0.00
2025-12-03 19:36:16 | INFO     | strategies.neural_hybrid | [DECISION] NO_TRADE | Pattern weak (0.36) | Conf: 0.00
2025-12-03 19:36:16 | INFO     | strategies.neural_hybrid | [DECISION] NO_TRADE | Pattern weak (0.36) | Conf: 0.00
2025-12-03 19:36:16 | INFO     | strategies.neural_hybrid | [DECISION] NO_TRADE | Pattern weak (0.37) | Conf: 0.00
2025-12-03 19:36:16 | INFO     | strategies.neural_hybrid | [DECISION] NO_TRADE | Pattern weak (0.38) | Conf: 0.00
2025-12-03 19:36:17 | INFO     | strategies.neural_hybrid | [DECISION] NO_TRADE | Pattern weak (0.38) | Conf: 0.00
2025-12-03 19:36:17 | INFO     | strategies.neural_hybrid | [DECISION] NO_TRADE | Pattern weak (0.37) | Conf: 0.00
2025-12-03 19:36:17 | INFO     | strategies.neural_hybrid | [DECISION] NO_TRADE | Pattern weak (0.37) | Conf: 0.00
2025-12-03 19:36:17 | INFO     | strategies.neural_hybrid | [DECISION] NO_TRADE | Pattern weak (0.38) | Conf: 0.00
2025-12-03 19:36:18 | INFO     | strategies.neural_hybrid | [DECISION] NO_TRADE | Pattern weak (0.38) | Conf: 0.00
2025-12-03 19:36:18 | INFO     | strategies.neural_hybrid | [DECISION] NO_TRADE | Pattern weak (0.38) | Conf: 0.00
2025-12-03 19:36:18 | INFO     | strategies.neural_hybrid | [DECISION] NO_TRADE | Pattern weak (0.38) | Conf: 0.00
2025-12-03 19:36:19 | INFO     | strategies.neural_hybrid | [DECISION] NO_TRADE | Pattern weak (0.38) | Conf: 0.00
2025-12-03 19:36:19 | INFO     | strategies.neural_hybrid | [DECISION] NO_TRADE | Pattern weak (0.38) | Conf: 0.00
2025-12-03 19:36:19 | INFO     | strategies.neural_hybrid | [DECISION] NO_TRADE | Pattern weak (0.37) | Conf: 0.00
2025-12-03 19:36:19 | INFO     | strategies.neural_hybrid | [DECISION] NO_TRADE | Pattern weak (0.37) | Conf: 0.00
2025-12-03 19:36:20 | INFO     | strategies.neural_hybrid | [DECISION] NO_TRADE | Pattern weak (0.37) | Conf: 0.00
2025-12-03 19:36:20 | INFO     | strategies.neural_hybrid | [DECISION] NO_TRADE | Pattern weak (0.37) | Conf: 0.00
2025-12-03 19:36:20 | INFO     | strategies.neural_hybrid | [DECISION] NO_TRADE | Pattern weak (0.37) | Conf: 0.00
2025-12-03 19:36:20 | INFO     | strategies.neural_hybrid | [DECISION] NO_TRADE | Pattern weak (0.36) | Conf: 0.00
2025-12-03 19:36:21 | INFO     | strategies.neural_hybrid | [DECISION] NO_TRADE | Pattern weak (0.37) | Conf: 0.00
2025-12-03 19:36:21 | INFO     | strategies.neural_hybrid | [DECISION] NO_TRADE | Pattern weak (0.37) | Conf: 0.00
2025-12-03 19:36:21 | INFO     | strategies.neural_hybrid | [DECISION] NO_TRADE | Pattern weak (0.37) | Conf: 0.00
2025-12-03 19:36:22 | INFO     | strategies.neural_hybrid | [DECISION] NO_TRADE | Pattern weak (0.36) | Conf: 0.00
2025-12-03 19:36:22 | INFO     | strategies.neural_hybrid | [DECISION] NO_TRADE | Pattern weak (0.35) | Conf: 0.00
2025-12-03 19:36:22 | INFO     | strategies.neural_hybrid | [DECISION] NO_TRADE | Pattern weak (0.36) | Conf: 0.00
2025-12-03 19:36:22 | INFO     | strategies.neural_hybrid | [DECISION] NO_TRADE | Pattern weak (0.37) | Conf: 0.00
2025-12-03 19:36:23 | INFO     | strategies.neural_hybrid | [DECISION] NO_TRADE | Pattern weak (0.37) | Conf: 0.00
2025-12-03 19:36:23 | INFO     | strategies.neural_hybrid | [DECISION] NO_TRADE | Pattern weak (0.37) | Conf: 0.00
2025-12-03 19:36:23 | INFO     | strategies.neural_hybrid | [DECISION] NO_TRADE | Pattern weak (0.38) | Conf: 0.00
2025-12-03 19:36:23 | INFO     | strategies.neural_hybrid | [DECISION] NO_TRADE | Pattern weak (0.38) | Conf: 0.00
2025-12-03 19:36:24 | INFO     | strategies.neural_hybrid | [DECISION] NO_TRADE | Pattern weak (0.38) | Conf: 0.00
2025-12-03 19:36:24 | INFO     | strategies.neural_hybrid | [DECISION] NO_TRADE | Pattern weak (0.37) | Conf: 0.00
2025-12-03 19:36:24 | INFO     | strategies.neural_hybrid | [DECISION] NO_TRADE | Pattern weak (0.37) | Conf: 0.00
2025-12-03 19:36:25 | INFO     | strategies.neural_hybrid | [DECISION] NO_TRADE | Pattern weak (0.38) | Conf: 0.00
2025-12-03 19:36:25 | INFO     | strategies.neural_hybrid | [DECISION] NO_TRADE | Pattern weak (0.38) | Conf: 0.00
2025-12-03 19:36:25 | INFO     | strategies.neural_hybrid | [DECISION] NO_TRADE | Pattern weak (0.37) | Conf: 0.00
2025-12-03 19:36:25 | INFO     | strategies.neural_hybrid | [DECISION] NO_TRADE | Pattern weak (0.36) | Conf: 0.00
2025-12-03 19:36:26 | INFO     | strategies.neural_hybrid | [DECISION] NO_TRADE | Pattern weak (0.35) | Conf: 0.00
2025-12-03 19:36:26 | INFO     | strategies.neural_hybrid | [DECISION] NO_TRADE | Pattern weak (0.36) | Conf: 0.00
2025-12-03 19:36:26 | INFO     | strategies.neural_hybrid | [DECISION] NO_TRADE | Pattern weak (0.36) | Conf: 0.00
2025-12-03 19:36:26 | INFO     | strategies.neural_hybrid | [DECISION] NO_TRADE | Pattern weak (0.35) | Conf: 0.00
2025-12-03 19:36:27 | INFO     | strategies.neural_hybrid | [DECISION] NO_TRADE | Pattern weak (0.36) | Conf: 0.00
2025-12-03 19:36:27 | INFO     | strategies.neural_hybrid | [DECISION] NO_TRADE | Pattern weak (0.37) | Conf: 0.00
2025-12-03 19:36:27 | INFO     | strategies.neural_hybrid | [DECISION] NO_TRADE | Pattern weak (0.37) | Conf: 0.00
2025-12-03 19:36:27 | INFO     | strategies.neural_hybrid | [DECISION] NO_TRADE | Pattern weak (0.36) | Conf: 0.00
2025-12-03 19:36:28 | INFO     | strategies.neural_hybrid | [DECISION] NO_TRADE | Pattern weak (0.36) | Conf: 0.00
2025-12-03 19:36:28 | INFO     | strategies.neural_hybrid | [DECISION] NO_TRADE | Pattern weak (0.37) | Conf: 0.00
2025-12-03 19:36:28 | INFO     | strategies.neural_hybrid | [DECISION] NO_TRADE | Pattern weak (0.37) | Conf: 0.00
2025-12-03 19:36:29 | INFO     | strategies.neural_hybrid | [DECISION] NO_TRADE | Pattern weak (0.36) | Conf: 0.00
2025-12-03 19:36:29 | INFO     | strategies.neural_hybrid | [DECISION] NO_TRADE | Pattern weak (0.37) | Conf: 0.00
2025-12-03 19:36:29 | INFO     | strategies.neural_hybrid | [DECISION] NO_TRADE | Pattern weak (0.36) | Conf: 0.00
2025-12-03 19:36:29 | INFO     | strategies.neural_hybrid | [DECISION] NO_TRADE | Pattern weak (0.36) | Conf: 0.00
2025-12-03 19:36:30 | INFO     | strategies.neural_hybrid | [DECISION] NO_TRADE | Pattern weak (0.37) | Conf: 0.00
2025-12-03 19:36:30 | INFO     | strategies.neural_hybrid | [DECISION] NO_TRADE | Pattern weak (0.37) | Conf: 0.00
2025-12-03 19:36:30 | INFO     | strategies.neural_hybrid | [DECISION] NO_TRADE | Pattern weak (0.37) | Conf: 0.00
2025-12-03 19:36:30 | INFO     | strategies.neural_hybrid | [DECISION] NO_TRADE | Pattern weak (0.37) | Conf: 0.00
2025-12-03 19:36:31 | INFO     | strategies.neural_hybrid | [DECISION] NO_TRADE | Pattern weak (0.38) | Conf: 0.00
2025-12-03 19:36:31 | INFO     | strategies.neural_hybrid | [DECISION] NO_TRADE | Pattern weak (0.37) | Conf: 0.00
2025-12-03 19:36:31 | INFO     | strategies.neural_hybrid | [DECISION] NO_TRADE | Pattern weak (0.34) | Conf: 0.00
2025-12-03 19:36:31 | INFO     | strategies.neural_hybrid | [DECISION] NO_TRADE | Pattern weak (0.35) | Conf: 0.00
2025-12-03 19:36:32 | INFO     | strategies.neural_hybrid | [DECISION] NO_TRADE | Pattern weak (0.34) | Conf: 0.00
2025-12-03 19:36:32 | INFO     | strategies.neural_hybrid | [DECISION] NO_TRADE | Pattern weak (0.35) | Conf: 0.00
2025-12-03 19:36:32 | INFO     | strategies.neural_hybrid | [DECISION] NO_TRADE | Pattern weak (0.34) | Conf: 0.00
2025-12-03 19:36:33 | INFO     | strategies.neural_hybrid | [DECISION] NO_TRADE | Pattern weak (0.35) | Conf: 0.00
2025-12-03 19:36:33 | INFO     | strategies.neural_hybrid | [DECISION] NO_TRADE | Pattern weak (0.36) | Conf: 0.00
2025-12-03 19:36:33 | INFO     | strategies.neural_hybrid | [DECISION] NO_TRADE | Pattern weak (0.36) | Conf: 0.00
2025-12-03 19:36:33 | INFO     | strategies.neural_hybrid | [DECISION] NO_TRADE | Pattern weak (0.35) | Conf: 0.00
2025-12-03 19:36:34 | INFO     | strategies.neural_hybrid | [DECISION] NO_TRADE | Pattern weak (0.36) | Conf: 0.00
2025-12-03 19:36:34 | INFO     | strategies.neural_hybrid | [DECISION] NO_TRADE | Pattern weak (0.36) | Conf: 0.00
2025-12-03 19:36:34 | INFO     | strategies.neural_hybrid | [DECISION] NO_TRADE | Pattern weak (0.36) | Conf: 0.00
2025-12-03 19:36:34 | INFO     | strategies.neural_hybrid | [DECISION] NO_TRADE | Pattern weak (0.36) | Conf: 0.00
2025-12-03 19:36:35 | INFO     | strategies.neural_hybrid | [DECISION] NO_TRADE | Pattern weak (0.36) | Conf: 0.00
2025-12-03 19:36:35 | INFO     | strategies.neural_hybrid | [DECISION] NO_TRADE | Pattern weak (0.37) | Conf: 0.00
2025-12-03 19:36:35 | INFO     | strategies.neural_hybrid | [DECISION] NO_TRADE | Pattern weak (0.37) | Conf: 0.00
2025-12-03 19:36:35 | INFO     | strategies.neural_hybrid | [DECISION] NO_TRADE | Pattern weak (0.36) | Conf: 0.00
2025-12-03 19:36:36 | INFO     | strategies.neural_hybrid | [DECISION] NO_TRADE | Pattern weak (0.36) | Conf: 0.00
2025-12-03 19:36:36 | INFO     | strategies.neural_hybrid | [DECISION] NO_TRADE | Pattern weak (0.36) | Conf: 0.00
2025-12-03 19:36:36 | INFO     | strategies.neural_hybrid | [DECISION] NO_TRADE | Pattern weak (0.36) | Conf: 0.00
2025-12-03 19:36:37 | INFO     | strategies.neural_hybrid | [DECISION] NO_TRADE | Pattern weak (0.36) | Conf: 0.00
2025-12-03 19:36:37 | INFO     | strategies.neural_hybrid | [DECISION] NO_TRADE | Pattern weak (0.36) | Conf: 0.00
2025-12-03 19:36:37 | INFO     | strategies.neural_hybrid | [DECISION] NO_TRADE | Pattern weak (0.37) | Conf: 0.00
2025-12-03 19:36:37 | INFO     | strategies.neural_hybrid | [DECISION] NO_TRADE | Pattern weak (0.38) | Conf: 0.00
2025-12-03 19:36:38 | INFO     | strategies.neural_hybrid | [DECISION] NO_TRADE | Pattern weak (0.38) | Conf: 0.00
2025-12-03 19:36:38 | INFO     | strategies.neural_hybrid | [DECISION] NO_TRADE | Pattern weak (0.37) | Conf: 0.00
2025-12-03 19:36:38 | INFO     | strategies.neural_hybrid | [DECISION] NO_TRADE | Pattern weak (0.36) | Conf: 0.00
2025-12-03 19:36:38 | INFO     | strategies.neural_hybrid | [DECISION] NO_TRADE | Pattern weak (0.36) | Conf: 0.00
2025-12-03 19:36:39 | INFO     | strategies.neural_hybrid | [DECISION] NO_TRADE | Pattern weak (0.36) | Conf: 0.00
2025-12-03 19:36:39 | INFO     | strategies.neural_hybrid | [DECISION] NO_TRADE | Pattern weak (0.36) | Conf: 0.00
2025-12-03 19:36:39 | INFO     | strategies.neural_hybrid | [DECISION] NO_TRADE | Pattern weak (0.36) | Conf: 0.00
2025-12-03 19:36:40 | INFO     | strategies.neural_hybrid | [DECISION] NO_TRADE | Pattern weak (0.37) | Conf: 0.00
2025-12-03 19:36:40 | INFO     | strategies.neural_hybrid | [DECISION] NO_TRADE | Pattern weak (0.37) | Conf: 0.00
2025-12-03 19:36:40 | INFO     | strategies.neural_hybrid | [DECISION] NO_TRADE | Pattern weak (0.37) | Conf: 0.00
2025-12-03 19:36:40 | INFO     | strategies.neural_hybrid | [DECISION] NO_TRADE | Pattern weak (0.37) | Conf: 0.00
2025-12-03 19:36:41 | INFO     | strategies.neural_hybrid | [DECISION] NO_TRADE | Pattern weak (0.37) | Conf: 0.00
2025-12-03 19:36:41 | INFO     | strategies.neural_hybrid | [DECISION] NO_TRADE | Pattern weak (0.38) | Conf: 0.00
2025-12-03 19:36:41 | INFO     | strategies.neural_hybrid | [DECISION] NO_TRADE | Pattern weak (0.37) | Conf: 0.00
2025-12-03 19:36:41 | INFO     | strategies.neural_hybrid | [DECISION] NO_TRADE | Pattern weak (0.37) | Conf: 0.00
2025-12-03 19:36:42 | INFO     | strategies.neural_hybrid | [DECISION] NO_TRADE | Pattern weak (0.37) | Conf: 0.00
2025-12-03 19:36:42 | INFO     | strategies.neural_hybrid | [DECISION] NO_TRADE | Pattern weak (0.36) | Conf: 0.00
2025-12-03 19:36:42 | INFO     | strategies.neural_hybrid | [DECISION] NO_TRADE | Pattern weak (0.37) | Conf: 0.00
2025-12-03 19:36:42 | INFO     | strategies.neural_hybrid | [DECISION] NO_TRADE | Pattern weak (0.37) | Conf: 0.00
2025-12-03 19:36:43 | INFO     | strategies.neural_hybrid | [DECISION] NO_TRADE | Pattern weak (0.37) | Conf: 0.00
2025-12-03 19:36:43 | INFO     | strategies.neural_hybrid | [DECISION] NO_TRADE | Pattern weak (0.38) | Conf: 0.00
2025-12-03 19:36:43 | INFO     | strategies.neural_hybrid | [DECISION] NO_TRADE | Pattern weak (0.38) | Conf: 0.00
2025-12-03 19:36:44 | INFO     | strategies.neural_hybrid | [DECISION] NO_TRADE | Pattern weak (0.38) | Conf: 0.00
2025-12-03 19:36:44 | INFO     | strategies.neural_hybrid | [DECISION] NO_TRADE | Pattern weak (0.38) | Conf: 0.00
2025-12-03 19:36:44 | INFO     | strategies.neural_hybrid | [DECISION] NO_TRADE | Pattern weak (0.38) | Conf: 0.00
2025-12-03 19:36:44 | INFO     | strategies.neural_hybrid | [DECISION] NO_TRADE | Pattern weak (0.38) | Conf: 0.00
2025-12-03 19:36:45 | INFO     | strategies.neural_hybrid | [DECISION] NO_TRADE | Pattern weak (0.38) | Conf: 0.00
2025-12-03 19:36:45 | INFO     | strategies.neural_hybrid | [DECISION] NO_TRADE | Pattern weak (0.37) | Conf: 0.00
2025-12-03 19:36:45 | INFO     | strategies.neural_hybrid | [DECISION] NO_TRADE | Pattern weak (0.36) | Conf: 0.00
2025-12-03 19:36:45 | INFO     | strategies.neural_hybrid | [DECISION] NO_TRADE | Pattern weak (0.36) | Conf: 0.00
2025-12-03 19:36:46 | INFO     | strategies.neural_hybrid | [DECISION] NO_TRADE | Pattern weak (0.36) | Conf: 0.00
2025-12-03 19:36:46 | INFO     | strategies.neural_hybrid | [DECISION] NO_TRADE | Pattern weak (0.36) | Conf: 0.00
2025-12-03 19:36:46 | INFO     | strategies.neural_hybrid | [DECISION] NO_TRADE | Pattern weak (0.36) | Conf: 0.00
2025-12-03 19:36:46 | INFO     | strategies.neural_hybrid | [DECISION] NO_TRADE | Pattern weak (0.36) | Conf: 0.00
2025-12-03 19:36:47 | INFO     | strategies.neural_hybrid | [DECISION] NO_TRADE | Pattern weak (0.36) | Conf: 0.00
2025-12-03 19:36:47 | INFO     | strategies.neural_hybrid | [DECISION] NO_TRADE | Pattern weak (0.36) | Conf: 0.00
2025-12-03 19:36:47 | INFO     | strategies.neural_hybrid | [DECISION] NO_TRADE | Pattern weak (0.36) | Conf: 0.00
2025-12-03 19:36:48 | INFO     | strategies.neural_hybrid | [DECISION] NO_TRADE | Pattern weak (0.36) | Conf: 0.00
2025-12-03 19:36:48 | INFO     | strategies.neural_hybrid | [DECISION] NO_TRADE | Pattern weak (0.35) | Conf: 0.00
2025-12-03 19:36:48 | INFO     | strategies.neural_hybrid | [DECISION] NO_TRADE | Pattern weak (0.36) | Conf: 0.00
2025-12-03 19:36:48 | INFO     | strategies.neural_hybrid | [DECISION] NO_TRADE | Pattern weak (0.37) | Conf: 0.00
2025-12-03 19:36:49 | INFO     | strategies.neural_hybrid | [DECISION] NO_TRADE | Pattern weak (0.36) | Conf: 0.00
2025-12-03 19:36:49 | INFO     | strategies.neural_hybrid | [DECISION] NO_TRADE | Pattern weak (0.37) | Conf: 0.00
2025-12-03 19:36:49 | INFO     | strategies.neural_hybrid | [DECISION] NO_TRADE | Pattern weak (0.37) | Conf: 0.00
2025-12-03 19:36:49 | INFO     | strategies.neural_hybrid | [DECISION] NO_TRADE | Pattern weak (0.37) | Conf: 0.00
2025-12-03 19:36:50 | INFO     | strategies.neural_hybrid | [DECISION] NO_TRADE | Pattern weak (0.37) | Conf: 0.00
2025-12-03 19:36:50 | INFO     | strategies.neural_hybrid | [DECISION] NO_TRADE | Pattern weak (0.37) | Conf: 0.00
2025-12-03 19:36:50 | INFO     | strategies.neural_hybrid | [DECISION] NO_TRADE | Pattern weak (0.35) | Conf: 0.00
2025-12-03 19:36:50 | INFO     | strategies.neural_hybrid | [DECISION] NO_TRADE | Pattern weak (0.34) | Conf: 0.00
2025-12-03 19:36:51 | INFO     | strategies.neural_hybrid | [DECISION] NO_TRADE | Pattern weak (0.35) | Conf: 0.00
2025-12-03 19:36:51 | INFO     | strategies.neural_hybrid | [DECISION] NO_TRADE | Pattern weak (0.34) | Conf: 0.00
2025-12-03 19:36:51 | INFO     | strategies.neural_hybrid | [DECISION] NO_TRADE | Pattern weak (0.35) | Conf: 0.00
2025-12-03 19:36:52 | INFO     | strategies.neural_hybrid | [DECISION] NO_TRADE | Pattern weak (0.34) | Conf: 0.00
2025-12-03 19:36:52 | INFO     | strategies.neural_hybrid | [DECISION] NO_TRADE | Pattern weak (0.34) | Conf: 0.00
2025-12-03 19:36:52 | INFO     | strategies.neural_hybrid | [DECISION] NO_TRADE | Pattern weak (0.34) | Conf: 0.00
2025-12-03 19:36:52 | INFO     | strategies.neural_hybrid | [DECISION] NO_TRADE | Pattern weak (0.34) | Conf: 0.00
2025-12-03 19:36:53 | INFO     | strategies.neural_hybrid | [DECISION] NO_TRADE | Pattern weak (0.34) | Conf: 0.00
2025-12-03 19:36:53 | INFO     | strategies.neural_hybrid | [DECISION] NO_TRADE | Pattern weak (0.33) | Conf: 0.00
2025-12-03 19:36:53 | INFO     | strategies.neural_hybrid | [DECISION] NO_TRADE | Pattern weak (0.34) | Conf: 0.00
2025-12-03 19:36:53 | INFO     | strategies.neural_hybrid | [DECISION] NO_TRADE | Pattern weak (0.35) | Conf: 0.00
2025-12-03 19:36:54 | INFO     | strategies.neural_hybrid | [DECISION] NO_TRADE | Pattern weak (0.35) | Conf: 0.00
2025-12-03 19:36:54 | INFO     | strategies.neural_hybrid | [DECISION] NO_TRADE | Pattern weak (0.35) | Conf: 0.00
2025-12-03 19:36:54 | INFO     | strategies.neural_hybrid | [DECISION] NO_TRADE | Pattern weak (0.34) | Conf: 0.00
2025-12-03 19:36:55 | INFO     | strategies.neural_hybrid | [DECISION] NO_TRADE | Pattern weak (0.35) | Conf: 0.00
2025-12-03 19:36:55 | INFO     | strategies.neural_hybrid | [DECISION] NO_TRADE | Pattern weak (0.33) | Conf: 0.00
2025-12-03 19:36:55 | INFO     | strategies.neural_hybrid | [DECISION] NO_TRADE | Pattern weak (0.35) | Conf: 0.00
2025-12-03 19:36:55 | INFO     | strategies.neural_hybrid | [DECISION] NO_TRADE | Pattern weak (0.34) | Conf: 0.00
2025-12-03 19:36:56 | INFO     | strategies.neural_hybrid | [DECISION] NO_TRADE | Pattern weak (0.33) | Conf: 0.00
2025-12-03 19:36:56 | INFO     | strategies.neural_hybrid | [DECISION] NO_TRADE | Pattern weak (0.34) | Conf: 0.00
2025-12-03 19:36:56 | INFO     | strategies.neural_hybrid | [DECISION] NO_TRADE | Pattern weak (0.34) | Conf: 0.00
2025-12-03 19:36:56 | INFO     | strategies.neural_hybrid | [DECISION] NO_TRADE | Pattern weak (0.34) | Conf: 0.00
2025-12-03 19:36:57 | INFO     | strategies.neural_hybrid | [DECISION] NO_TRADE | Pattern weak (0.34) | Conf: 0.00
2025-12-03 19:36:57 | INFO     | strategies.neural_hybrid | [DECISION] NO_TRADE | Pattern weak (0.34) | Conf: 0.00
2025-12-03 19:36:57 | INFO     | strategies.neural_hybrid | [DECISION] NO_TRADE | Pattern weak (0.35) | Conf: 0.00
2025-12-03 19:36:58 | INFO     | strategies.neural_hybrid | [DECISION] NO_TRADE | Pattern weak (0.35) | Conf: 0.00
2025-12-03 19:36:58 | INFO     | strategies.neural_hybrid | [DECISION] NO_TRADE | Pattern weak (0.35) | Conf: 0.00
2025-12-03 19:36:58 | INFO     | strategies.neural_hybrid | [DECISION] NO_TRADE | Pattern weak (0.35) | Conf: 0.00
2025-12-03 19:36:58 | INFO     | strategies.neural_hybrid | [DECISION] NO_TRADE | Pattern weak (0.35) | Conf: 0.00
2025-12-03 19:36:59 | INFO     | strategies.neural_hybrid | [DECISION] NO_TRADE | Pattern weak (0.36) | Conf: 0.00
2025-12-03 19:36:59 | INFO     | strategies.neural_hybrid | [DECISION] NO_TRADE | Pattern weak (0.35) | Conf: 0.00
2025-12-03 19:36:59 | INFO     | strategies.neural_hybrid | [DECISION] NO_TRADE | Pattern weak (0.35) | Conf: 0.00
2025-12-03 19:36:59 | INFO     | strategies.neural_hybrid | [DECISION] NO_TRADE | Pattern weak (0.35) | Conf: 0.00
2025-12-03 19:37:00 | INFO     | strategies.neural_hybrid | [DECISION] NO_TRADE | Pattern weak (0.36) | Conf: 0.00
2025-12-03 19:37:00 | INFO     | strategies.neural_hybrid | [DECISION] NO_TRADE | Pattern weak (0.37) | Conf: 0.00
2025-12-03 19:37:00 | INFO     | strategies.neural_hybrid | [DECISION] NO_TRADE | Pattern weak (0.36) | Conf: 0.00
2025-12-03 19:37:01 | INFO     | strategies.neural_hybrid | [DECISION] NO_TRADE | Pattern weak (0.35) | Conf: 0.00
2025-12-03 19:37:01 | INFO     | strategies.neural_hybrid | [DECISION] NO_TRADE | Pattern weak (0.36) | Conf: 0.00
2025-12-03 19:37:01 | INFO     | strategies.neural_hybrid | [DECISION] NO_TRADE | Pattern weak (0.35) | Conf: 0.00
2025-12-03 19:37:01 | INFO     | strategies.neural_hybrid | [DECISION] NO_TRADE | Pattern weak (0.36) | Conf: 0.00
2025-12-03 19:37:02 | INFO     | strategies.neural_hybrid | [DECISION] NO_TRADE | Pattern weak (0.37) | Conf: 0.00
2025-12-03 19:37:02 | INFO     | strategies.neural_hybrid | [DECISION] NO_TRADE | Pattern weak (0.37) | Conf: 0.00
2025-12-03 19:37:02 | INFO     | strategies.neural_hybrid | [DECISION] NO_TRADE | Pattern weak (0.38) | Conf: 0.00
2025-12-03 19:37:02 | INFO     | strategies.neural_hybrid | [DECISION] NO_TRADE | Pattern weak (0.38) | Conf: 0.00
2025-12-03 19:37:03 | INFO     | strategies.neural_hybrid | [DECISION] NO_TRADE | Pattern weak (0.38) | Conf: 0.00
2025-12-03 19:37:03 | INFO     | strategies.neural_hybrid | [DECISION] NO_TRADE | Pattern weak (0.38) | Conf: 0.00
2025-12-03 19:37:03 | INFO     | strategies.neural_hybrid | [DECISION] NO_TRADE | Pattern weak (0.39) | Conf: 0.00
2025-12-03 19:37:04 | INFO     | strategies.neural_hybrid | [DECISION] NO_TRADE | Pattern weak (0.38) | Conf: 0.00
2025-12-03 19:37:04 | INFO     | strategies.neural_hybrid | [DECISION] NO_TRADE | Pattern weak (0.38) | Conf: 0.00
2025-12-03 19:37:04 | INFO     | strategies.neural_hybrid | [DECISION] NO_TRADE | Pattern weak (0.38) | Conf: 0.00
2025-12-03 19:37:04 | INFO     | strategies.neural_hybrid | [DECISION] NO_TRADE | Pattern weak (0.38) | Conf: 0.00
2025-12-03 19:37:05 | INFO     | strategies.neural_hybrid | [DECISION] NO_TRADE | Pattern weak (0.37) | Conf: 0.00
2025-12-03 19:37:05 | INFO     | strategies.neural_hybrid | [DECISION] NO_TRADE | Pattern weak (0.36) | Conf: 0.00
2025-12-03 19:37:05 | INFO     | strategies.neural_hybrid | [DECISION] NO_TRADE | Pattern weak (0.36) | Conf: 0.00
2025-12-03 19:37:05 | INFO     | strategies.neural_hybrid | [DECISION] NO_TRADE | Pattern weak (0.36) | Conf: 0.00
2025-12-03 19:37:06 | INFO     | strategies.neural_hybrid | [DECISION] NO_TRADE | Pattern weak (0.37) | Conf: 0.00
2025-12-03 19:37:06 | INFO     | strategies.neural_hybrid | [DECISION] NO_TRADE | Pattern weak (0.37) | Conf: 0.00
2025-12-03 19:37:06 | INFO     | strategies.neural_hybrid | [DECISION] NO_TRADE | Pattern weak (0.37) | Conf: 0.00
2025-12-03 19:37:07 | INFO     | strategies.neural_hybrid | [DECISION] NO_TRADE | Pattern weak (0.37) | Conf: 0.00
2025-12-03 19:37:07 | INFO     | strategies.neural_hybrid | [DECISION] NO_TRADE | Pattern weak (0.36) | Conf: 0.00
2025-12-03 19:37:07 | INFO     | strategies.neural_hybrid | [DECISION] NO_TRADE | Pattern weak (0.36) | Conf: 0.00
2025-12-03 19:37:07 | INFO     | strategies.neural_hybrid | [DECISION] NO_TRADE | Pattern weak (0.37) | Conf: 0.00
2025-12-03 19:37:08 | INFO     | strategies.neural_hybrid | [DECISION] NO_TRADE | Pattern weak (0.37) | Conf: 0.00
2025-12-03 19:37:08 | INFO     | strategies.neural_hybrid | [DECISION] NO_TRADE | Pattern weak (0.37) | Conf: 0.00
2025-12-03 19:37:08 | INFO     | strategies.neural_hybrid | [DECISION] NO_TRADE | Pattern weak (0.38) | Conf: 0.00
2025-12-03 19:37:08 | INFO     | strategies.neural_hybrid | [DECISION] NO_TRADE | Pattern weak (0.37) | Conf: 0.00
2025-12-03 19:37:09 | INFO     | strategies.neural_hybrid | [DECISION] NO_TRADE | Pattern weak (0.38) | Conf: 0.00
2025-12-03 19:37:09 | INFO     | strategies.neural_hybrid | [DECISION] NO_TRADE | Pattern weak (0.38) | Conf: 0.00
2025-12-03 19:37:09 | INFO     | strategies.neural_hybrid | [DECISION] NO_TRADE | Pattern weak (0.38) | Conf: 0.00
2025-12-03 19:37:10 | INFO     | strategies.neural_hybrid | [DECISION] NO_TRADE | Pattern weak (0.39) | Conf: 0.00
2025-12-03 19:37:10 | INFO     | strategies.neural_hybrid | [DECISION] NO_TRADE | Pattern weak (0.38) | Conf: 0.00
2025-12-03 19:37:10 | INFO     | strategies.neural_hybrid | [DECISION] NO_TRADE | Pattern weak (0.38) | Conf: 0.00
2025-12-03 19:37:10 | INFO     | strategies.neural_hybrid | [DECISION] NO_TRADE | Pattern weak (0.38) | Conf: 0.00
2025-12-03 19:37:11 | INFO     | strategies.neural_hybrid | [DECISION] NO_TRADE | Pattern weak (0.37) | Conf: 0.00
2025-12-03 19:37:11 | INFO     | strategies.neural_hybrid | [DECISION] NO_TRADE | Pattern weak (0.38) | Conf: 0.00
2025-12-03 19:37:11 | INFO     | strategies.neural_hybrid | [DECISION] NO_TRADE | Pattern weak (0.37) | Conf: 0.00
2025-12-03 19:37:12 | INFO     | strategies.neural_hybrid | [DECISION] NO_TRADE | Pattern weak (0.37) | Conf: 0.00
2025-12-03 19:37:12 | INFO     | strategies.neural_hybrid | [DECISION] NO_TRADE | Pattern weak (0.36) | Conf: 0.00
2025-12-03 19:37:12 | INFO     | strategies.neural_hybrid | [DECISION] NO_TRADE | Pattern weak (0.36) | Conf: 0.00
2025-12-03 19:37:12 | INFO     | strategies.neural_hybrid | [DECISION] NO_TRADE | Pattern weak (0.36) | Conf: 0.00
2025-12-03 19:37:13 | INFO     | strategies.neural_hybrid | [DECISION] NO_TRADE | Pattern weak (0.35) | Conf: 0.00
2025-12-03 19:37:13 | INFO     | strategies.neural_hybrid | [DECISION] NO_TRADE | Pattern weak (0.36) | Conf: 0.00
2025-12-03 19:37:13 | INFO     | strategies.neural_hybrid | [DECISION] NO_TRADE | Pattern weak (0.36) | Conf: 0.00
2025-12-03 19:37:13 | INFO     | strategies.neural_hybrid | [DECISION] NO_TRADE | Pattern weak (0.36) | Conf: 0.00
2025-12-03 19:37:14 | INFO     | strategies.neural_hybrid | [DECISION] NO_TRADE | Pattern weak (0.35) | Conf: 0.00
2025-12-03 19:37:14 | INFO     | strategies.neural_hybrid | [DECISION] NO_TRADE | Pattern weak (0.36) | Conf: 0.00
2025-12-03 19:37:14 | INFO     | strategies.neural_hybrid | [DECISION] NO_TRADE | Pattern weak (0.36) | Conf: 0.00
2025-12-03 19:37:15 | INFO     | strategies.neural_hybrid | [DECISION] NO_TRADE | Pattern weak (0.36) | Conf: 0.00
2025-12-03 19:37:15 | INFO     | strategies.neural_hybrid | [DECISION] NO_TRADE | Pattern weak (0.37) | Conf: 0.00
2025-12-03 19:37:15 | INFO     | strategies.neural_hybrid | [DECISION] NO_TRADE | Pattern weak (0.37) | Conf: 0.00
2025-12-03 19:37:15 | INFO     | strategies.neural_hybrid | [DECISION] NO_TRADE | Pattern weak (0.36) | Conf: 0.00
2025-12-03 19:37:16 | INFO     | strategies.neural_hybrid | [DECISION] NO_TRADE | Pattern weak (0.37) | Conf: 0.00
2025-12-03 19:37:16 | INFO     | strategies.neural_hybrid | [DECISION] NO_TRADE | Pattern weak (0.37) | Conf: 0.00
2025-12-03 19:37:16 | INFO     | strategies.neural_hybrid | [DECISION] NO_TRADE | Pattern weak (0.37) | Conf: 0.00
2025-12-03 19:37:16 | INFO     | strategies.neural_hybrid | [DECISION] NO_TRADE | Pattern weak (0.37) | Conf: 0.00
2025-12-03 19:37:17 | INFO     | strategies.neural_hybrid | [DECISION] NO_TRADE | Pattern weak (0.37) | Conf: 0.00
2025-12-03 19:37:17 | INFO     | strategies.neural_hybrid | [DECISION] NO_TRADE | Pattern weak (0.37) | Conf: 0.00
2025-12-03 19:37:17 | INFO     | strategies.neural_hybrid | [DECISION] NO_TRADE | Pattern weak (0.37) | Conf: 0.00
2025-12-03 19:37:18 | INFO     | strategies.neural_hybrid | [DECISION] NO_TRADE | Pattern weak (0.37) | Conf: 0.00
2025-12-03 19:37:18 | INFO     | strategies.neural_hybrid | [DECISION] NO_TRADE | Pattern weak (0.36) | Conf: 0.00
2025-12-03 19:37:18 | INFO     | strategies.neural_hybrid | [DECISION] NO_TRADE | Pattern weak (0.36) | Conf: 0.00
2025-12-03 19:37:18 | INFO     | strategies.neural_hybrid | [DECISION] NO_TRADE | Pattern weak (0.36) | Conf: 0.00
2025-12-03 19:37:19 | INFO     | strategies.neural_hybrid | [DECISION] NO_TRADE | Pattern weak (0.35) | Conf: 0.00
2025-12-03 19:37:19 | INFO     | strategies.neural_hybrid | [DECISION] NO_TRADE | Pattern weak (0.36) | Conf: 0.00
2025-12-03 19:37:19 | INFO     | strategies.neural_hybrid | [DECISION] NO_TRADE | Pattern weak (0.36) | Conf: 0.00
2025-12-03 19:37:19 | INFO     | strategies.neural_hybrid | [DECISION] NO_TRADE | Pattern weak (0.35) | Conf: 0.00
2025-12-03 19:37:20 | INFO     | strategies.neural_hybrid | [DECISION] NO_TRADE | Pattern weak (0.35) | Conf: 0.00
2025-12-03 19:37:20 | INFO     | strategies.neural_hybrid | [DECISION] NO_TRADE | Pattern weak (0.35) | Conf: 0.00
2025-12-03 19:37:20 | INFO     | strategies.neural_hybrid | [DECISION] NO_TRADE | Pattern weak (0.35) | Conf: 0.00
2025-12-03 19:37:21 | INFO     | strategies.neural_hybrid | [DECISION] NO_TRADE | Pattern weak (0.35) | Conf: 0.00
2025-12-03 19:37:21 | INFO     | strategies.neural_hybrid | [DECISION] NO_TRADE | Pattern weak (0.35) | Conf: 0.00
2025-12-03 19:37:21 | INFO     | strategies.neural_hybrid | [DECISION] NO_TRADE | Pattern weak (0.34) | Conf: 0.00
2025-12-03 19:37:21 | INFO     | strategies.neural_hybrid | [DECISION] NO_TRADE | Pattern weak (0.35) | Conf: 0.00
2025-12-03 19:37:22 | INFO     | strategies.neural_hybrid | [DECISION] NO_TRADE | Pattern weak (0.34) | Conf: 0.00
2025-12-03 19:37:22 | INFO     | strategies.neural_hybrid | [DECISION] NO_TRADE | Pattern weak (0.35) | Conf: 0.00
2025-12-03 19:37:22 | INFO     | strategies.neural_hybrid | [DECISION] NO_TRADE | Pattern weak (0.36) | Conf: 0.00
2025-12-03 19:37:22 | INFO     | strategies.neural_hybrid | [DECISION] NO_TRADE | Pattern weak (0.35) | Conf: 0.00
2025-12-03 19:37:23 | INFO     | strategies.neural_hybrid | [DECISION] NO_TRADE | Pattern weak (0.34) | Conf: 0.00
2025-12-03 19:37:23 | INFO     | strategies.neural_hybrid | [DECISION] NO_TRADE | Pattern weak (0.35) | Conf: 0.00
2025-12-03 19:37:23 | INFO     | strategies.neural_hybrid | [DECISION] NO_TRADE | Pattern weak (0.36) | Conf: 0.00
2025-12-03 19:37:24 | INFO     | strategies.neural_hybrid | [DECISION] NO_TRADE | Pattern weak (0.36) | Conf: 0.00
2025-12-03 19:37:24 | INFO     | strategies.neural_hybrid | [DECISION] NO_TRADE | Pattern weak (0.35) | Conf: 0.00
2025-12-03 19:37:24 | INFO     | strategies.neural_hybrid | [DECISION] NO_TRADE | Pattern weak (0.36) | Conf: 0.00
2025-12-03 19:37:24 | INFO     | strategies.neural_hybrid | [DECISION] NO_TRADE | Pattern weak (0.36) | Conf: 0.00
2025-12-03 19:37:25 | INFO     | strategies.neural_hybrid | [DECISION] NO_TRADE | Pattern weak (0.37) | Conf: 0.00
2025-12-03 19:37:25 | INFO     | strategies.neural_hybrid | [DECISION] NO_TRADE | Pattern weak (0.37) | Conf: 0.00
2025-12-03 19:37:25 | INFO     | strategies.neural_hybrid | [DECISION] NO_TRADE | Pattern weak (0.36) | Conf: 0.00
2025-12-03 19:37:25 | INFO     | strategies.neural_hybrid | [DECISION] NO_TRADE | Pattern weak (0.36) | Conf: 0.00
2025-12-03 19:37:26 | INFO     | strategies.neural_hybrid | [DECISION] NO_TRADE | Pattern weak (0.37) | Conf: 0.00
2025-12-03 19:37:26 | INFO     | strategies.neural_hybrid | [DECISION] NO_TRADE | Pattern weak (0.36) | Conf: 0.00
2025-12-03 19:37:26 | INFO     | strategies.neural_hybrid | [DECISION] NO_TRADE | Pattern weak (0.35) | Conf: 0.00
2025-12-03 19:37:27 | INFO     | strategies.neural_hybrid | [DECISION] NO_TRADE | Pattern weak (0.36) | Conf: 0.00
2025-12-03 19:37:27 | INFO     | strategies.neural_hybrid | [DECISION] NO_TRADE | Pattern weak (0.38) | Conf: 0.00
2025-12-03 19:37:27 | INFO     | strategies.neural_hybrid | [DECISION] NO_TRADE | Pattern weak (0.37) | Conf: 0.00
2025-12-03 19:37:27 | INFO     | strategies.neural_hybrid | [DECISION] NO_TRADE | Pattern weak (0.36) | Conf: 0.00
2025-12-03 19:37:28 | INFO     | strategies.neural_hybrid | [DECISION] NO_TRADE | Pattern weak (0.36) | Conf: 0.00
2025-12-03 19:37:28 | INFO     | strategies.neural_hybrid | [DECISION] NO_TRADE | Pattern weak (0.35) | Conf: 0.00
2025-12-03 19:37:28 | INFO     | strategies.neural_hybrid | [DECISION] NO_TRADE | Pattern weak (0.34) | Conf: 0.00
2025-12-03 19:37:28 | INFO     | strategies.neural_hybrid | [DECISION] NO_TRADE | Pattern weak (0.34) | Conf: 0.00
2025-12-03 19:37:29 | INFO     | strategies.neural_hybrid | [DECISION] NO_TRADE | Pattern weak (0.35) | Conf: 0.00
2025-12-03 19:37:29 | INFO     | strategies.neural_hybrid | [DECISION] NO_TRADE | Pattern weak (0.35) | Conf: 0.00
2025-12-03 19:37:29 | INFO     | strategies.neural_hybrid | [DECISION] NO_TRADE | Pattern weak (0.35) | Conf: 0.00
2025-12-03 19:37:29 | INFO     | strategies.neural_hybrid | [DECISION] NO_TRADE | Pattern weak (0.35) | Conf: 0.00
2025-12-03 19:37:30 | INFO     | strategies.neural_hybrid | [DECISION] NO_TRADE | Pattern weak (0.34) | Conf: 0.00
2025-12-03 19:37:30 | INFO     | strategies.neural_hybrid | [DECISION] NO_TRADE | Pattern weak (0.35) | Conf: 0.00
2025-12-03 19:37:30 | INFO     | strategies.neural_hybrid | [DECISION] NO_TRADE | Pattern weak (0.35) | Conf: 0.00
2025-12-03 19:37:31 | INFO     | strategies.neural_hybrid | [DECISION] NO_TRADE | Pattern weak (0.36) | Conf: 0.00
2025-12-03 19:37:31 | INFO     | strategies.neural_hybrid | [DECISION] NO_TRADE | Pattern weak (0.35) | Conf: 0.00
2025-12-03 19:37:31 | INFO     | strategies.neural_hybrid | [DECISION] NO_TRADE | Pattern weak (0.35) | Conf: 0.00
2025-12-03 19:37:31 | INFO     | strategies.neural_hybrid | [DECISION] NO_TRADE | Pattern weak (0.36) | Conf: 0.00
2025-12-03 19:37:32 | INFO     | strategies.neural_hybrid | [DECISION] NO_TRADE | Pattern weak (0.36) | Conf: 0.00
2025-12-03 19:37:32 | INFO     | strategies.neural_hybrid | [DECISION] NO_TRADE | Pattern weak (0.36) | Conf: 0.00
2025-12-03 19:37:32 | INFO     | strategies.neural_hybrid | [DECISION] NO_TRADE | Pattern weak (0.36) | Conf: 0.00
2025-12-03 19:37:32 | INFO     | strategies.neural_hybrid | [DECISION] NO_TRADE | Pattern weak (0.36) | Conf: 0.00
2025-12-03 19:37:33 | INFO     | strategies.neural_hybrid | [DECISION] NO_TRADE | Pattern weak (0.36) | Conf: 0.00
2025-12-03 19:37:33 | INFO     | strategies.neural_hybrid | [DECISION] NO_TRADE | Pattern weak (0.36) | Conf: 0.00
2025-12-03 19:37:33 | INFO     | strategies.neural_hybrid | [DECISION] NO_TRADE | Pattern weak (0.35) | Conf: 0.00
2025-12-03 19:37:34 | INFO     | strategies.neural_hybrid | [DECISION] NO_TRADE | Pattern weak (0.36) | Conf: 0.00
2025-12-03 19:37:34 | INFO     | strategies.neural_hybrid | [DECISION] NO_TRADE | Pattern weak (0.36) | Conf: 0.00
2025-12-03 19:37:34 | INFO     | strategies.neural_hybrid | [DECISION] NO_TRADE | Pattern weak (0.36) | Conf: 0.00
2025-12-03 19:37:34 | INFO     | strategies.neural_hybrid | [DECISION] NO_TRADE | Pattern weak (0.35) | Conf: 0.00
2025-12-03 19:37:35 | INFO     | strategies.neural_hybrid | [DECISION] NO_TRADE | Pattern weak (0.35) | Conf: 0.00
2025-12-03 19:37:35 | INFO     | strategies.neural_hybrid | [DECISION] NO_TRADE | Pattern weak (0.35) | Conf: 0.00
2025-12-03 19:37:35 | INFO     | strategies.neural_hybrid | [DECISION] NO_TRADE | Pattern weak (0.36) | Conf: 0.00
2025-12-03 19:37:35 | INFO     | strategies.neural_hybrid | [DECISION] NO_TRADE | Pattern weak (0.34) | Conf: 0.00
2025-12-03 19:37:36 | INFO     | strategies.neural_hybrid | [DECISION] NO_TRADE | Pattern weak (0.35) | Conf: 0.00
2025-12-03 19:37:36 | INFO     | strategies.neural_hybrid | [DECISION] NO_TRADE | Pattern weak (0.35) | Conf: 0.00
2025-12-03 19:37:36 | INFO     | strategies.neural_hybrid | [DECISION] NO_TRADE | Pattern weak (0.35) | Conf: 0.00
2025-12-03 19:37:36 | INFO     | strategies.neural_hybrid | [DECISION] NO_TRADE | Pattern weak (0.35) | Conf: 0.00
2025-12-03 19:37:37 | INFO     | strategies.neural_hybrid | [DECISION] NO_TRADE | Pattern weak (0.35) | Conf: 0.00
2025-12-03 19:37:37 | INFO     | strategies.neural_hybrid | [DECISION] NO_TRADE | Pattern weak (0.36) | Conf: 0.00
2025-12-03 19:37:37 | INFO     | strategies.neural_hybrid | [DECISION] NO_TRADE | Pattern weak (0.35) | Conf: 0.00
2025-12-03 19:37:38 | INFO     | strategies.neural_hybrid | [DECISION] NO_TRADE | Pattern weak (0.36) | Conf: 0.00
2025-12-03 19:37:38 | INFO     | strategies.neural_hybrid | [DECISION] NO_TRADE | Pattern weak (0.36) | Conf: 0.00
2025-12-03 19:37:38 | INFO     | strategies.neural_hybrid | [DECISION] NO_TRADE | Pattern weak (0.36) | Conf: 0.00
2025-12-03 19:37:38 | INFO     | strategies.neural_hybrid | [DECISION] NO_TRADE | Pattern weak (0.36) | Conf: 0.00
2025-12-03 19:37:39 | INFO     | strategies.neural_hybrid | [DECISION] NO_TRADE | Pattern weak (0.37) | Conf: 0.00
2025-12-03 19:37:39 | INFO     | strategies.neural_hybrid | [DECISION] NO_TRADE | Pattern weak (0.36) | Conf: 0.00
2025-12-03 19:37:39 | INFO     | strategies.neural_hybrid | [DECISION] NO_TRADE | Pattern weak (0.37) | Conf: 0.00
2025-12-03 19:37:39 | INFO     | strategies.neural_hybrid | [DECISION] NO_TRADE | Pattern weak (0.36) | Conf: 0.00
2025-12-03 19:37:40 | INFO     | strategies.neural_hybrid | [DECISION] NO_TRADE | Pattern weak (0.37) | Conf: 0.00
2025-12-03 19:37:40 | INFO     | strategies.neural_hybrid | [DECISION] NO_TRADE | Pattern weak (0.37) | Conf: 0.00
2025-12-03 19:37:40 | INFO     | strategies.neural_hybrid | [DECISION] NO_TRADE | Pattern weak (0.36) | Conf: 0.00
2025-12-03 19:37:40 | INFO     | strategies.neural_hybrid | [DECISION] NO_TRADE | Pattern weak (0.36) | Conf: 0.00
2025-12-03 19:37:41 | INFO     | strategies.neural_hybrid | [DECISION] NO_TRADE | Pattern weak (0.36) | Conf: 0.00
2025-12-03 19:37:41 | INFO     | strategies.neural_hybrid | [DECISION] NO_TRADE | Pattern weak (0.36) | Conf: 0.00
2025-12-03 19:37:41 | INFO     | strategies.neural_hybrid | [DECISION] NO_TRADE | Pattern weak (0.35) | Conf: 0.00
2025-12-03 19:37:42 | INFO     | strategies.neural_hybrid | [DECISION] NO_TRADE | Pattern weak (0.36) | Conf: 0.00
2025-12-03 19:37:42 | INFO     | strategies.neural_hybrid | [DECISION] NO_TRADE | Pattern weak (0.36) | Conf: 0.00
2025-12-03 19:37:42 | INFO     | strategies.neural_hybrid | [DECISION] NO_TRADE | Pattern weak (0.36) | Conf: 0.00
2025-12-03 19:37:42 | INFO     | strategies.neural_hybrid | [DECISION] NO_TRADE | Pattern weak (0.36) | Conf: 0.00
2025-12-03 19:37:43 | INFO     | strategies.neural_hybrid | [DECISION] NO_TRADE | Pattern weak (0.36) | Conf: 0.00
2025-12-03 19:37:43 | INFO     | strategies.neural_hybrid | [DECISION] NO_TRADE | Pattern weak (0.36) | Conf: 0.00
2025-12-03 19:37:43 | INFO     | strategies.neural_hybrid | [DECISION] NO_TRADE | Pattern weak (0.36) | Conf: 0.00
2025-12-03 19:37:43 | INFO     | strategies.neural_hybrid | [DECISION] NO_TRADE | Pattern weak (0.37) | Conf: 0.00
2025-12-03 19:37:44 | INFO     | strategies.neural_hybrid | [DECISION] NO_TRADE | Pattern weak (0.37) | Conf: 0.00
2025-12-03 19:37:44 | INFO     | strategies.neural_hybrid | [DECISION] NO_TRADE | Pattern weak (0.35) | Conf: 0.00
2025-12-03 19:37:44 | INFO     | strategies.neural_hybrid | [DECISION] NO_TRADE | Pattern weak (0.36) | Conf: 0.00
2025-12-03 19:37:45 | INFO     | strategies.neural_hybrid | [DECISION] NO_TRADE | Pattern weak (0.36) | Conf: 0.00
2025-12-03 19:37:45 | INFO     | strategies.neural_hybrid | [DECISION] NO_TRADE | Pattern weak (0.36) | Conf: 0.00
2025-12-03 19:37:45 | INFO     | strategies.neural_hybrid | [DECISION] NO_TRADE | Pattern weak (0.36) | Conf: 0.00
2025-12-03 19:37:45 | INFO     | strategies.neural_hybrid | [DECISION] NO_TRADE | Pattern weak (0.36) | Conf: 0.00
2025-12-03 19:37:46 | INFO     | strategies.neural_hybrid | [DECISION] NO_TRADE | Pattern weak (0.37) | Conf: 0.00
2025-12-03 19:37:46 | INFO     | strategies.neural_hybrid | [DECISION] NO_TRADE | Pattern weak (0.37) | Conf: 0.00
2025-12-03 19:37:46 | INFO     | strategies.neural_hybrid | [DECISION] NO_TRADE | Pattern weak (0.36) | Conf: 0.00
2025-12-03 19:37:46 | INFO     | strategies.neural_hybrid | [DECISION] NO_TRADE | Pattern weak (0.35) | Conf: 0.00
2025-12-03 19:37:47 | INFO     | strategies.neural_hybrid | [DECISION] NO_TRADE | Pattern weak (0.36) | Conf: 0.00
2025-12-03 19:37:47 | INFO     | strategies.neural_hybrid | [DECISION] NO_TRADE | Pattern weak (0.35) | Conf: 0.00
2025-12-03 19:37:47 | INFO     | strategies.neural_hybrid | [DECISION] NO_TRADE | Pattern weak (0.36) | Conf: 0.00
2025-12-03 19:37:48 | INFO     | strategies.neural_hybrid | [DECISION] NO_TRADE | Pattern weak (0.35) | Conf: 0.00
2025-12-03 19:37:48 | INFO     | strategies.neural_hybrid | [DECISION] NO_TRADE | Pattern weak (0.35) | Conf: 0.00
2025-12-03 19:37:48 | INFO     | strategies.neural_hybrid | [DECISION] NO_TRADE | Pattern weak (0.37) | Conf: 0.00
2025-12-03 19:37:48 | INFO     | strategies.neural_hybrid | [DECISION] NO_TRADE | Pattern weak (0.37) | Conf: 0.00
2025-12-03 19:37:49 | INFO     | strategies.neural_hybrid | [DECISION] NO_TRADE | Pattern weak (0.37) | Conf: 0.00
2025-12-03 19:37:49 | INFO     | strategies.neural_hybrid | [DECISION] NO_TRADE | Pattern weak (0.37) | Conf: 0.00
2025-12-03 19:37:49 | INFO     | strategies.neural_hybrid | [DECISION] NO_TRADE | Pattern weak (0.37) | Conf: 0.00
2025-12-03 19:37:50 | INFO     | strategies.neural_hybrid | [DECISION] NO_TRADE | Pattern weak (0.37) | Conf: 0.00
2025-12-03 19:37:50 | INFO     | strategies.neural_hybrid | [DECISION] NO_TRADE | Pattern weak (0.37) | Conf: 0.00
2025-12-03 19:37:50 | INFO     | strategies.neural_hybrid | [DECISION] NO_TRADE | Pattern weak (0.37) | Conf: 0.00
2025-12-03 19:37:50 | INFO     | strategies.neural_hybrid | [DECISION] NO_TRADE | Pattern weak (0.37) | Conf: 0.00
2025-12-03 19:37:51 | INFO     | strategies.neural_hybrid | [DECISION] NO_TRADE | Pattern weak (0.37) | Conf: 0.00
2025-12-03 19:37:51 | INFO     | strategies.neural_hybrid | [DECISION] NO_TRADE | Pattern weak (0.36) | Conf: 0.00
2025-12-03 19:37:51 | INFO     | strategies.neural_hybrid | [DECISION] NO_TRADE | Pattern weak (0.36) | Conf: 0.00
2025-12-03 19:37:51 | INFO     | strategies.neural_hybrid | [DECISION] NO_TRADE | Pattern weak (0.36) | Conf: 0.00
2025-12-03 19:37:52 | INFO     | strategies.neural_hybrid | [DECISION] NO_TRADE | Pattern weak (0.36) | Conf: 0.00
2025-12-03 19:37:52 | INFO     | strategies.neural_hybrid | [DECISION] NO_TRADE | Pattern weak (0.36) | Conf: 0.00
2025-12-03 19:37:52 | INFO     | strategies.neural_hybrid | [DECISION] NO_TRADE | Pattern weak (0.36) | Conf: 0.00
2025-12-03 19:37:52 | INFO     | strategies.neural_hybrid | [DECISION] NO_TRADE | Pattern weak (0.36) | Conf: 0.00
2025-12-03 19:37:53 | INFO     | strategies.neural_hybrid | [DECISION] NO_TRADE | Pattern weak (0.36) | Conf: 0.00
2025-12-03 19:37:53 | INFO     | strategies.neural_hybrid | [DECISION] NO_TRADE | Pattern weak (0.35) | Conf: 0.00
2025-12-03 19:37:53 | INFO     | strategies.neural_hybrid | [DECISION] NO_TRADE | Pattern weak (0.35) | Conf: 0.00
2025-12-03 19:37:54 | INFO     | strategies.neural_hybrid | [DECISION] NO_TRADE | Pattern weak (0.36) | Conf: 0.00
2025-12-03 19:37:54 | INFO     | strategies.neural_hybrid | [DECISION] NO_TRADE | Pattern weak (0.36) | Conf: 0.00
2025-12-03 19:37:54 | INFO     | strategies.neural_hybrid | [DECISION] NO_TRADE | Pattern weak (0.36) | Conf: 0.00
2025-12-03 19:37:54 | INFO     | strategies.neural_hybrid | [DECISION] NO_TRADE | Pattern weak (0.35) | Conf: 0.00
2025-12-03 19:37:55 | INFO     | strategies.neural_hybrid | [DECISION] NO_TRADE | Pattern weak (0.36) | Conf: 0.00
2025-12-03 19:37:55 | INFO     | strategies.neural_hybrid | [DECISION] NO_TRADE | Pattern weak (0.37) | Conf: 0.00
2025-12-03 19:37:55 | INFO     | strategies.neural_hybrid | [DECISION] NO_TRADE | Pattern weak (0.37) | Conf: 0.00
2025-12-03 19:37:55 | INFO     | strategies.neural_hybrid | [DECISION] NO_TRADE | Pattern weak (0.35) | Conf: 0.00
2025-12-03 19:37:56 | INFO     | strategies.neural_hybrid | [DECISION] NO_TRADE | Pattern weak (0.33) | Conf: 0.00
2025-12-03 19:37:56 | INFO     | strategies.neural_hybrid | [DECISION] NO_TRADE | Pattern weak (0.35) | Conf: 0.00
2025-12-03 19:37:56 | INFO     | strategies.neural_hybrid | [DECISION] NO_TRADE | Pattern weak (0.35) | Conf: 0.00
2025-12-03 19:37:57 | INFO     | strategies.neural_hybrid | [DECISION] NO_TRADE | Pattern weak (0.35) | Conf: 0.00
2025-12-03 19:37:57 | INFO     | strategies.neural_hybrid | [DECISION] NO_TRADE | Pattern weak (0.35) | Conf: 0.00
2025-12-03 19:37:57 | INFO     | strategies.neural_hybrid | [DECISION] NO_TRADE | Pattern weak (0.35) | Conf: 0.00
2025-12-03 19:37:57 | INFO     | strategies.neural_hybrid | [DECISION] NO_TRADE | Pattern weak (0.35) | Conf: 0.00
2025-12-03 19:37:58 | INFO     | strategies.neural_hybrid | [DECISION] NO_TRADE | Pattern weak (0.35) | Conf: 0.00
2025-12-03 19:37:58 | INFO     | strategies.neural_hybrid | [DECISION] NO_TRADE | Pattern weak (0.36) | Conf: 0.00
2025-12-03 19:37:58 | INFO     | strategies.neural_hybrid | [DECISION] NO_TRADE | Pattern weak (0.36) | Conf: 0.00
2025-12-03 19:37:58 | INFO     | strategies.neural_hybrid | [DECISION] NO_TRADE | Pattern weak (0.36) | Conf: 0.00
2025-12-03 19:37:59 | INFO     | strategies.neural_hybrid | [DECISION] NO_TRADE | Pattern weak (0.36) | Conf: 0.00
2025-12-03 19:37:59 | INFO     | strategies.neural_hybrid | [DECISION] NO_TRADE | Pattern weak (0.37) | Conf: 0.00
2025-12-03 19:37:59 | INFO     | strategies.neural_hybrid | [DECISION] NO_TRADE | Pattern weak (0.36) | Conf: 0.00
2025-12-03 19:37:59 | INFO     | strategies.neural_hybrid | [DECISION] NO_TRADE | Pattern weak (0.37) | Conf: 0.00
2025-12-03 19:38:00 | INFO     | strategies.neural_hybrid | [DECISION] NO_TRADE | Pattern weak (0.37) | Conf: 0.00
2025-12-03 19:38:00 | INFO     | strategies.neural_hybrid | [DECISION] NO_TRADE | Pattern weak (0.37) | Conf: 0.00
2025-12-03 19:38:00 | INFO     | strategies.neural_hybrid | [DECISION] NO_TRADE | Pattern weak (0.36) | Conf: 0.00
2025-12-03 19:38:01 | INFO     | strategies.neural_hybrid | [DECISION] NO_TRADE | Pattern weak (0.36) | Conf: 0.00
2025-12-03 19:38:01 | INFO     | strategies.neural_hybrid | [DECISION] NO_TRADE | Pattern weak (0.36) | Conf: 0.00
2025-12-03 19:38:01 | INFO     | strategies.neural_hybrid | [DECISION] NO_TRADE | Pattern weak (0.36) | Conf: 0.00
2025-12-03 19:38:01 | INFO     | strategies.neural_hybrid | [DECISION] NO_TRADE | Pattern weak (0.38) | Conf: 0.00
2025-12-03 19:38:02 | INFO     | strategies.neural_hybrid | [DECISION] NO_TRADE | Pattern weak (0.38) | Conf: 0.00
2025-12-03 19:38:02 | INFO     | strategies.neural_hybrid | [DECISION] NO_TRADE | Pattern weak (0.37) | Conf: 0.00
2025-12-03 19:38:02 | INFO     | strategies.neural_hybrid | [DECISION] NO_TRADE | Pattern weak (0.38) | Conf: 0.00
2025-12-03 19:38:02 | INFO     | strategies.neural_hybrid | [DECISION] NO_TRADE | Pattern weak (0.36) | Conf: 0.00
2025-12-03 19:38:03 | INFO     | strategies.neural_hybrid | [DECISION] NO_TRADE | Pattern weak (0.36) | Conf: 0.00
2025-12-03 19:38:03 | INFO     | strategies.neural_hybrid | [DECISION] NO_TRADE | Pattern weak (0.35) | Conf: 0.00
2025-12-03 19:38:03 | INFO     | strategies.neural_hybrid | [DECISION] NO_TRADE | Pattern weak (0.36) | Conf: 0.00
2025-12-03 19:38:03 | INFO     | strategies.neural_hybrid | [DECISION] NO_TRADE | Pattern weak (0.36) | Conf: 0.00
2025-12-03 19:38:04 | INFO     | strategies.neural_hybrid | [DECISION] NO_TRADE | Pattern weak (0.36) | Conf: 0.00
2025-12-03 19:38:04 | INFO     | strategies.neural_hybrid | [DECISION] NO_TRADE | Pattern weak (0.36) | Conf: 0.00
2025-12-03 19:38:04 | INFO     | strategies.neural_hybrid | [DECISION] NO_TRADE | Pattern weak (0.37) | Conf: 0.00
2025-12-03 19:38:05 | INFO     | strategies.neural_hybrid | [DECISION] NO_TRADE | Pattern weak (0.36) | Conf: 0.00
2025-12-03 19:38:05 | INFO     | strategies.neural_hybrid | [DECISION] NO_TRADE | Pattern weak (0.36) | Conf: 0.00
2025-12-03 19:38:05 | INFO     | strategies.neural_hybrid | [DECISION] NO_TRADE | Pattern weak (0.37) | Conf: 0.00
2025-12-03 19:38:05 | INFO     | strategies.neural_hybrid | [DECISION] NO_TRADE | Pattern weak (0.36) | Conf: 0.00
2025-12-03 19:38:06 | INFO     | strategies.neural_hybrid | [DECISION] NO_TRADE | Pattern weak (0.36) | Conf: 0.00
2025-12-03 19:38:06 | INFO     | strategies.neural_hybrid | [DECISION] NO_TRADE | Pattern weak (0.36) | Conf: 0.00
2025-12-03 19:38:06 | INFO     | strategies.neural_hybrid | [DECISION] NO_TRADE | Pattern weak (0.36) | Conf: 0.00
2025-12-03 19:38:06 | INFO     | strategies.neural_hybrid | [DECISION] NO_TRADE | Pattern weak (0.36) | Conf: 0.00
2025-12-03 19:38:07 | INFO     | strategies.neural_hybrid | [DECISION] NO_TRADE | Pattern weak (0.36) | Conf: 0.00
2025-12-03 19:38:07 | INFO     | strategies.neural_hybrid | [DECISION] NO_TRADE | Pattern weak (0.36) | Conf: 0.00
2025-12-03 19:38:07 | INFO     | strategies.neural_hybrid | [DECISION] NO_TRADE | Pattern weak (0.36) | Conf: 0.00
2025-12-03 19:38:07 | INFO     | strategies.neural_hybrid | [DECISION] NO_TRADE | Pattern weak (0.35) | Conf: 0.00
2025-12-03 19:38:08 | INFO     | strategies.neural_hybrid | [DECISION] NO_TRADE | Pattern weak (0.34) | Conf: 0.00
2025-12-03 19:38:08 | INFO     | strategies.neural_hybrid | [DECISION] NO_TRADE | Pattern weak (0.35) | Conf: 0.00
2025-12-03 19:38:08 | INFO     | strategies.neural_hybrid | [DECISION] NO_TRADE | Pattern weak (0.34) | Conf: 0.00
2025-12-03 19:38:08 | INFO     | strategies.neural_hybrid | [DECISION] NO_TRADE | Pattern weak (0.34) | Conf: 0.00
2025-12-03 19:38:09 | INFO     | strategies.neural_hybrid | [DECISION] NO_TRADE | Pattern weak (0.35) | Conf: 0.00
2025-12-03 19:38:09 | INFO     | strategies.neural_hybrid | [DECISION] NO_TRADE | Pattern weak (0.35) | Conf: 0.00
2025-12-03 19:38:09 | INFO     | strategies.neural_hybrid | [DECISION] NO_TRADE | Pattern weak (0.34) | Conf: 0.00
2025-12-03 19:38:10 | INFO     | strategies.neural_hybrid | [DECISION] NO_TRADE | Pattern weak (0.35) | Conf: 0.00
2025-12-03 19:38:10 | INFO     | strategies.neural_hybrid | [DECISION] NO_TRADE | Pattern weak (0.35) | Conf: 0.00
2025-12-03 19:38:10 | INFO     | strategies.neural_hybrid | [DECISION] NO_TRADE | Pattern weak (0.35) | Conf: 0.00
2025-12-03 19:38:10 | INFO     | strategies.neural_hybrid | [DECISION] NO_TRADE | Pattern weak (0.35) | Conf: 0.00
2025-12-03 19:38:11 | INFO     | strategies.neural_hybrid | [DECISION] NO_TRADE | Pattern weak (0.35) | Conf: 0.00
2025-12-03 19:38:11 | INFO     | strategies.neural_hybrid | [DECISION] NO_TRADE | Pattern weak (0.35) | Conf: 0.00
2025-12-03 19:38:11 | INFO     | strategies.neural_hybrid | [DECISION] NO_TRADE | Pattern weak (0.34) | Conf: 0.00
2025-12-03 19:38:11 | INFO     | strategies.neural_hybrid | [DECISION] NO_TRADE | Pattern weak (0.34) | Conf: 0.00
2025-12-03 19:38:12 | INFO     | strategies.neural_hybrid | [DECISION] NO_TRADE | Pattern weak (0.35) | Conf: 0.00
2025-12-03 19:38:12 | INFO     | strategies.neural_hybrid | [DECISION] NO_TRADE | Pattern weak (0.34) | Conf: 0.00
2025-12-03 19:38:12 | INFO     | strategies.neural_hybrid | [DECISION] NO_TRADE | Pattern weak (0.35) | Conf: 0.00
2025-12-03 19:38:12 | INFO     | strategies.neural_hybrid | [DECISION] NO_TRADE | Pattern weak (0.34) | Conf: 0.00
2025-12-03 19:38:13 | INFO     | strategies.neural_hybrid | [DECISION] NO_TRADE | Pattern weak (0.35) | Conf: 0.00
2025-12-03 19:38:13 | INFO     | strategies.neural_hybrid | [DECISION] NO_TRADE | Pattern weak (0.35) | Conf: 0.00
2025-12-03 19:38:13 | INFO     | strategies.neural_hybrid | [DECISION] NO_TRADE | Pattern weak (0.35) | Conf: 0.00
2025-12-03 19:38:13 | INFO     | strategies.neural_hybrid | [DECISION] NO_TRADE | Pattern weak (0.36) | Conf: 0.00
2025-12-03 19:38:14 | INFO     | strategies.neural_hybrid | [DECISION] NO_TRADE | Pattern weak (0.35) | Conf: 0.00
2025-12-03 19:38:14 | INFO     | strategies.neural_hybrid | [DECISION] NO_TRADE | Pattern weak (0.36) | Conf: 0.00
2025-12-03 19:38:14 | INFO     | strategies.neural_hybrid | [DECISION] NO_TRADE | Pattern weak (0.35) | Conf: 0.00
2025-12-03 19:38:14 | INFO     | strategies.neural_hybrid | [DECISION] NO_TRADE | Pattern weak (0.35) | Conf: 0.00
2025-12-03 19:38:15 | INFO     | strategies.neural_hybrid | [DECISION] NO_TRADE | Pattern weak (0.35) | Conf: 0.00
2025-12-03 19:38:15 | INFO     | strategies.neural_hybrid | [DECISION] NO_TRADE | Pattern weak (0.36) | Conf: 0.00
2025-12-03 19:38:15 | INFO     | strategies.neural_hybrid | [DECISION] NO_TRADE | Pattern weak (0.35) | Conf: 0.00
2025-12-03 19:38:16 | INFO     | strategies.neural_hybrid | [DECISION] NO_TRADE | Pattern weak (0.34) | Conf: 0.00
2025-12-03 19:38:16 | INFO     | strategies.neural_hybrid | [DECISION] NO_TRADE | Pattern weak (0.36) | Conf: 0.00
2025-12-03 19:38:16 | INFO     | strategies.neural_hybrid | [DECISION] NO_TRADE | Pattern weak (0.36) | Conf: 0.00
2025-12-03 19:38:16 | INFO     | strategies.neural_hybrid | [DECISION] NO_TRADE | Pattern weak (0.36) | Conf: 0.00
2025-12-03 19:38:17 | INFO     | strategies.neural_hybrid | [DECISION] NO_TRADE | Pattern weak (0.35) | Conf: 0.00
2025-12-03 19:38:17 | INFO     | strategies.neural_hybrid | [DECISION] NO_TRADE | Pattern weak (0.36) | Conf: 0.00
2025-12-03 19:38:17 | INFO     | strategies.neural_hybrid | [DECISION] NO_TRADE | Pattern weak (0.36) | Conf: 0.00
2025-12-03 19:38:17 | INFO     | strategies.neural_hybrid | [DECISION] NO_TRADE | Pattern weak (0.36) | Conf: 0.00
2025-12-03 19:38:18 | INFO     | strategies.neural_hybrid | [DECISION] NO_TRADE | Pattern weak (0.35) | Conf: 0.00
2025-12-03 19:38:18 | INFO     | strategies.neural_hybrid | [DECISION] NO_TRADE | Pattern weak (0.36) | Conf: 0.00
2025-12-03 19:38:18 | INFO     | strategies.neural_hybrid | [DECISION] NO_TRADE | Pattern weak (0.35) | Conf: 0.00
2025-12-03 19:38:18 | INFO     | strategies.neural_hybrid | [DECISION] NO_TRADE | Pattern weak (0.36) | Conf: 0.00
2025-12-03 19:38:19 | INFO     | strategies.neural_hybrid | [DECISION] NO_TRADE | Pattern weak (0.37) | Conf: 0.00
2025-12-03 19:38:19 | INFO     | strategies.neural_hybrid | [DECISION] NO_TRADE | Pattern weak (0.37) | Conf: 0.00
2025-12-03 19:38:19 | INFO     | strategies.neural_hybrid | [DECISION] NO_TRADE | Pattern weak (0.37) | Conf: 0.00
2025-12-03 19:38:20 | INFO     | strategies.neural_hybrid | [DECISION] NO_TRADE | Pattern weak (0.38) | Conf: 0.00
2025-12-03 19:38:20 | INFO     | strategies.neural_hybrid | [DECISION] NO_TRADE | Pattern weak (0.37) | Conf: 0.00
2025-12-03 19:38:20 | INFO     | strategies.neural_hybrid | [DECISION] NO_TRADE | Pattern weak (0.36) | Conf: 0.00
2025-12-03 19:38:20 | INFO     | strategies.neural_hybrid | [DECISION] NO_TRADE | Pattern weak (0.37) | Conf: 0.00
2025-12-03 19:38:21 | INFO     | strategies.neural_hybrid | [DECISION] NO_TRADE | Pattern weak (0.37) | Conf: 0.00
2025-12-03 19:38:21 | INFO     | strategies.neural_hybrid | [DECISION] NO_TRADE | Pattern weak (0.38) | Conf: 0.00
2025-12-03 19:38:21 | INFO     | strategies.neural_hybrid | [DECISION] NO_TRADE | Pattern weak (0.37) | Conf: 0.00
2025-12-03 19:38:21 | INFO     | strategies.neural_hybrid | [DECISION] NO_TRADE | Pattern weak (0.38) | Conf: 0.00
2025-12-03 19:38:22 | INFO     | strategies.neural_hybrid | [DECISION] NO_TRADE | Pattern weak (0.37) | Conf: 0.00
2025-12-03 19:38:22 | INFO     | strategies.neural_hybrid | [DECISION] NO_TRADE | Pattern weak (0.37) | Conf: 0.00
2025-12-03 19:38:22 | INFO     | strategies.neural_hybrid | [DECISION] NO_TRADE | Pattern weak (0.36) | Conf: 0.00
2025-12-03 19:38:22 | INFO     | strategies.neural_hybrid | [DECISION] NO_TRADE | Pattern weak (0.36) | Conf: 0.00
2025-12-03 19:38:23 | INFO     | strategies.neural_hybrid | [DECISION] NO_TRADE | Pattern weak (0.36) | Conf: 0.00
2025-12-03 19:38:23 | INFO     | strategies.neural_hybrid | [DECISION] NO_TRADE | Pattern weak (0.36) | Conf: 0.00
2025-12-03 19:38:23 | INFO     | strategies.neural_hybrid | [DECISION] NO_TRADE | Pattern weak (0.37) | Conf: 0.00
2025-12-03 19:38:24 | INFO     | strategies.neural_hybrid | [DECISION] NO_TRADE | Pattern weak (0.37) | Conf: 0.00
2025-12-03 19:38:24 | INFO     | strategies.neural_hybrid | [DECISION] NO_TRADE | Pattern weak (0.38) | Conf: 0.00
2025-12-03 19:38:24 | INFO     | strategies.neural_hybrid | [DECISION] NO_TRADE | Pattern weak (0.37) | Conf: 0.00
2025-12-03 19:38:24 | INFO     | strategies.neural_hybrid | [DECISION] NO_TRADE | Pattern weak (0.37) | Conf: 0.00
2025-12-03 19:38:25 | INFO     | strategies.neural_hybrid | [DECISION] NO_TRADE | Pattern weak (0.37) | Conf: 0.00
2025-12-03 19:38:25 | INFO     | strategies.neural_hybrid | [DECISION] NO_TRADE | Pattern weak (0.38) | Conf: 0.00
2025-12-03 19:38:25 | INFO     | strategies.neural_hybrid | [DECISION] NO_TRADE | Pattern weak (0.37) | Conf: 0.00
2025-12-03 19:38:25 | INFO     | strategies.neural_hybrid | [DECISION] NO_TRADE | Pattern weak (0.37) | Conf: 0.00
2025-12-03 19:38:26 | INFO     | strategies.neural_hybrid | [DECISION] NO_TRADE | Pattern weak (0.37) | Conf: 0.00
2025-12-03 19:38:26 | INFO     | strategies.neural_hybrid | [DECISION] NO_TRADE | Pattern weak (0.38) | Conf: 0.00
2025-12-03 19:38:26 | INFO     | strategies.neural_hybrid | [DECISION] NO_TRADE | Pattern weak (0.37) | Conf: 0.00
2025-12-03 19:38:26 | INFO     | strategies.neural_hybrid | [DECISION] NO_TRADE | Pattern weak (0.37) | Conf: 0.00
2025-12-03 19:38:27 | INFO     | strategies.neural_hybrid | [DECISION] NO_TRADE | Pattern weak (0.37) | Conf: 0.00
2025-12-03 19:38:27 | INFO     | strategies.neural_hybrid | [DECISION] NO_TRADE | Pattern weak (0.37) | Conf: 0.00
2025-12-03 19:38:27 | INFO     | strategies.neural_hybrid | [DECISION] NO_TRADE | Pattern weak (0.38) | Conf: 0.00
2025-12-03 19:38:28 | INFO     | strategies.neural_hybrid | [DECISION] NO_TRADE | Pattern weak (0.38) | Conf: 0.00
2025-12-03 19:38:28 | INFO     | strategies.neural_hybrid | [DECISION] NO_TRADE | Pattern weak (0.38) | Conf: 0.00
2025-12-03 19:38:28 | INFO     | strategies.neural_hybrid | [DECISION] NO_TRADE | Pattern weak (0.38) | Conf: 0.00
2025-12-03 19:38:28 | INFO     | strategies.neural_hybrid | [DECISION] NO_TRADE | Pattern weak (0.37) | Conf: 0.00
2025-12-03 19:38:29 | INFO     | strategies.neural_hybrid | [DECISION] NO_TRADE | Pattern weak (0.37) | Conf: 0.00
2025-12-03 19:38:29 | INFO     | strategies.neural_hybrid | [DECISION] NO_TRADE | Pattern weak (0.36) | Conf: 0.00
2025-12-03 19:38:29 | INFO     | strategies.neural_hybrid | [DECISION] NO_TRADE | Pattern weak (0.36) | Conf: 0.00
2025-12-03 19:38:29 | INFO     | strategies.neural_hybrid | [DECISION] NO_TRADE | Pattern weak (0.37) | Conf: 0.00
2025-12-03 19:38:30 | INFO     | strategies.neural_hybrid | [DECISION] NO_TRADE | Pattern weak (0.36) | Conf: 0.00
2025-12-03 19:38:30 | INFO     | strategies.neural_hybrid | [DECISION] NO_TRADE | Pattern weak (0.36) | Conf: 0.00
2025-12-03 19:38:30 | INFO     | strategies.neural_hybrid | [DECISION] NO_TRADE | Pattern weak (0.36) | Conf: 0.00
2025-12-03 19:38:31 | INFO     | strategies.neural_hybrid | [DECISION] NO_TRADE | Pattern weak (0.36) | Conf: 0.00
2025-12-03 19:38:31 | INFO     | strategies.neural_hybrid | [DECISION] NO_TRADE | Pattern weak (0.36) | Conf: 0.00
2025-12-03 19:38:31 | INFO     | strategies.neural_hybrid | [DECISION] NO_TRADE | Pattern weak (0.35) | Conf: 0.00
2025-12-03 19:38:31 | INFO     | strategies.neural_hybrid | [DECISION] NO_TRADE | Pattern weak (0.36) | Conf: 0.00
2025-12-03 19:38:32 | INFO     | strategies.neural_hybrid | [DECISION] NO_TRADE | Pattern weak (0.36) | Conf: 0.00
2025-12-03 19:38:32 | INFO     | strategies.neural_hybrid | [DECISION] NO_TRADE | Pattern weak (0.37) | Conf: 0.00
2025-12-03 19:38:32 | INFO     | strategies.neural_hybrid | [DECISION] NO_TRADE | Pattern weak (0.36) | Conf: 0.00
2025-12-03 19:38:32 | INFO     | strategies.neural_hybrid | [DECISION] NO_TRADE | Pattern weak (0.36) | Conf: 0.00
2025-12-03 19:38:33 | INFO     | strategies.neural_hybrid | [DECISION] NO_TRADE | Pattern weak (0.36) | Conf: 0.00
2025-12-03 19:38:33 | INFO     | strategies.neural_hybrid | [DECISION] NO_TRADE | Pattern weak (0.37) | Conf: 0.00
2025-12-03 19:38:33 | INFO     | strategies.neural_hybrid | [DECISION] NO_TRADE | Pattern weak (0.36) | Conf: 0.00
2025-12-03 19:38:34 | INFO     | strategies.neural_hybrid | [DECISION] NO_TRADE | Pattern weak (0.36) | Conf: 0.00
2025-12-03 19:38:34 | INFO     | strategies.neural_hybrid | [DECISION] NO_TRADE | Pattern weak (0.37) | Conf: 0.00
2025-12-03 19:38:34 | INFO     | strategies.neural_hybrid | [DECISION] NO_TRADE | Pattern weak (0.37) | Conf: 0.00
2025-12-03 19:38:34 | INFO     | strategies.neural_hybrid | [DECISION] NO_TRADE | Pattern weak (0.36) | Conf: 0.00
2025-12-03 19:38:35 | INFO     | strategies.neural_hybrid | [DECISION] NO_TRADE | Pattern weak (0.35) | Conf: 0.00
2025-12-03 19:38:35 | INFO     | strategies.neural_hybrid | [DECISION] NO_TRADE | Pattern weak (0.35) | Conf: 0.00
2025-12-03 19:38:35 | INFO     | strategies.neural_hybrid | [DECISION] NO_TRADE | Pattern weak (0.37) | Conf: 0.00
2025-12-03 19:38:35 | INFO     | strategies.neural_hybrid | [DECISION] NO_TRADE | Pattern weak (0.37) | Conf: 0.00
2025-12-03 19:38:36 | INFO     | strategies.neural_hybrid | [DECISION] NO_TRADE | Pattern weak (0.36) | Conf: 0.00
2025-12-03 19:38:36 | INFO     | strategies.neural_hybrid | [DECISION] NO_TRADE | Pattern weak (0.35) | Conf: 0.00
2025-12-03 19:38:36 | INFO     | strategies.neural_hybrid | [DECISION] NO_TRADE | Pattern weak (0.36) | Conf: 0.00
2025-12-03 19:38:37 | INFO     | strategies.neural_hybrid | [DECISION] NO_TRADE | Pattern weak (0.36) | Conf: 0.00
2025-12-03 19:38:37 | INFO     | strategies.neural_hybrid | [DECISION] NO_TRADE | Pattern weak (0.36) | Conf: 0.00
2025-12-03 19:38:37 | INFO     | strategies.neural_hybrid | [DECISION] NO_TRADE | Pattern weak (0.35) | Conf: 0.00
2025-12-03 19:38:37 | INFO     | strategies.neural_hybrid | [DECISION] NO_TRADE | Pattern weak (0.36) | Conf: 0.00
2025-12-03 19:38:38 | INFO     | strategies.neural_hybrid | [DECISION] NO_TRADE | Pattern weak (0.36) | Conf: 0.00
2025-12-03 19:38:38 | INFO     | strategies.neural_hybrid | [DECISION] NO_TRADE | Pattern weak (0.37) | Conf: 0.00
2025-12-03 19:38:38 | INFO     | strategies.neural_hybrid | [DECISION] NO_TRADE | Pattern weak (0.37) | Conf: 0.00
2025-12-03 19:38:38 | INFO     | strategies.neural_hybrid | [DECISION] NO_TRADE | Pattern weak (0.37) | Conf: 0.00
2025-12-03 19:38:39 | INFO     | strategies.neural_hybrid | [DECISION] NO_TRADE | Pattern weak (0.37) | Conf: 0.00
2025-12-03 19:38:39 | INFO     | strategies.neural_hybrid | [DECISION] NO_TRADE | Pattern weak (0.38) | Conf: 0.00
2025-12-03 19:38:39 | INFO     | strategies.neural_hybrid | [DECISION] NO_TRADE | Pattern weak (0.37) | Conf: 0.00
2025-12-03 19:38:39 | INFO     | strategies.neural_hybrid | [DECISION] NO_TRADE | Pattern weak (0.37) | Conf: 0.00
2025-12-03 19:38:40 | INFO     | strategies.neural_hybrid | [DECISION] NO_TRADE | Pattern weak (0.37) | Conf: 0.00
2025-12-03 19:38:40 | INFO     | strategies.neural_hybrid | [DECISION] NO_TRADE | Pattern weak (0.37) | Conf: 0.00
2025-12-03 19:38:40 | INFO     | strategies.neural_hybrid | [DECISION] NO_TRADE | Pattern weak (0.36) | Conf: 0.00
2025-12-03 19:38:41 | INFO     | strategies.neural_hybrid | [DECISION] NO_TRADE | Pattern weak (0.35) | Conf: 0.00
2025-12-03 19:38:41 | INFO     | strategies.neural_hybrid | [DECISION] NO_TRADE | Pattern weak (0.35) | Conf: 0.00
2025-12-03 19:38:41 | INFO     | strategies.neural_hybrid | [DECISION] NO_TRADE | Pattern weak (0.36) | Conf: 0.00
2025-12-03 19:38:41 | INFO     | strategies.neural_hybrid | [DECISION] NO_TRADE | Pattern weak (0.36) | Conf: 0.00
2025-12-03 19:38:42 | INFO     | strategies.neural_hybrid | [DECISION] NO_TRADE | Pattern weak (0.35) | Conf: 0.00
2025-12-03 19:38:42 | INFO     | strategies.neural_hybrid | [DECISION] NO_TRADE | Pattern weak (0.35) | Conf: 0.00
2025-12-03 19:38:42 | INFO     | strategies.neural_hybrid | [DECISION] NO_TRADE | Pattern weak (0.36) | Conf: 0.00
2025-12-03 19:38:42 | INFO     | strategies.neural_hybrid | [DECISION] NO_TRADE | Pattern weak (0.36) | Conf: 0.00
2025-12-03 19:38:43 | INFO     | strategies.neural_hybrid | [DECISION] NO_TRADE | Pattern weak (0.36) | Conf: 0.00
2025-12-03 19:38:43 | INFO     | strategies.neural_hybrid | [DECISION] NO_TRADE | Pattern weak (0.37) | Conf: 0.00
2025-12-03 19:38:43 | INFO     | strategies.neural_hybrid | [DECISION] NO_TRADE | Pattern weak (0.37) | Conf: 0.00
2025-12-03 19:38:44 | INFO     | strategies.neural_hybrid | [DECISION] NO_TRADE | Pattern weak (0.37) | Conf: 0.00
2025-12-03 19:38:44 | INFO     | strategies.neural_hybrid | [DECISION] NO_TRADE | Pattern weak (0.36) | Conf: 0.00
2025-12-03 19:38:44 | INFO     | strategies.neural_hybrid | [DECISION] NO_TRADE | Pattern weak (0.37) | Conf: 0.00
2025-12-03 19:38:44 | INFO     | strategies.neural_hybrid | [DECISION] NO_TRADE | Pattern weak (0.35) | Conf: 0.00
2025-12-03 19:38:45 | INFO     | strategies.neural_hybrid | [DECISION] NO_TRADE | Pattern weak (0.36) | Conf: 0.00
2025-12-03 19:38:45 | INFO     | strategies.neural_hybrid | [DECISION] NO_TRADE | Pattern weak (0.36) | Conf: 0.00
2025-12-03 19:38:45 | INFO     | strategies.neural_hybrid | [DECISION] NO_TRADE | Pattern weak (0.36) | Conf: 0.00
2025-12-03 19:38:45 | INFO     | strategies.neural_hybrid | [DECISION] NO_TRADE | Pattern weak (0.36) | Conf: 0.00
2025-12-03 19:38:46 | INFO     | strategies.neural_hybrid | [DECISION] NO_TRADE | Pattern weak (0.36) | Conf: 0.00
2025-12-03 19:38:46 | INFO     | strategies.neural_hybrid | [DECISION] NO_TRADE | Pattern weak (0.37) | Conf: 0.00
2025-12-03 19:38:46 | INFO     | strategies.neural_hybrid | [DECISION] NO_TRADE | Pattern weak (0.37) | Conf: 0.00
2025-12-03 19:38:47 | INFO     | strategies.neural_hybrid | [DECISION] NO_TRADE | Pattern weak (0.37) | Conf: 0.00
2025-12-03 19:38:47 | INFO     | strategies.neural_hybrid | [DECISION] NO_TRADE | Pattern weak (0.37) | Conf: 0.00
2025-12-03 19:38:47 | INFO     | strategies.neural_hybrid | [DECISION] NO_TRADE | Pattern weak (0.36) | Conf: 0.00
2025-12-03 19:38:47 | INFO     | strategies.neural_hybrid | [DECISION] NO_TRADE | Pattern weak (0.34) | Conf: 0.00
2025-12-03 19:38:48 | INFO     | strategies.neural_hybrid | [DECISION] NO_TRADE | Pattern weak (0.35) | Conf: 0.00
2025-12-03 19:38:48 | INFO     | strategies.neural_hybrid | [DECISION] NO_TRADE | Pattern weak (0.34) | Conf: 0.00
2025-12-03 19:38:48 | INFO     | strategies.neural_hybrid | [DECISION] NO_TRADE | Pattern weak (0.35) | Conf: 0.00
2025-12-03 19:38:48 | INFO     | strategies.neural_hybrid | [DECISION] NO_TRADE | Pattern weak (0.35) | Conf: 0.00
2025-12-03 19:38:49 | INFO     | strategies.neural_hybrid | [DECISION] NO_TRADE | Pattern weak (0.35) | Conf: 0.00
2025-12-03 19:38:49 | INFO     | strategies.neural_hybrid | [DECISION] NO_TRADE | Pattern weak (0.35) | Conf: 0.00
2025-12-03 19:38:49 | INFO     | strategies.neural_hybrid | [DECISION] NO_TRADE | Pattern weak (0.35) | Conf: 0.00
2025-12-03 19:38:50 | INFO     | strategies.neural_hybrid | [DECISION] NO_TRADE | Pattern weak (0.34) | Conf: 0.00
2025-12-03 19:38:50 | INFO     | strategies.neural_hybrid | [DECISION] NO_TRADE | Pattern weak (0.35) | Conf: 0.00
2025-12-03 19:38:50 | INFO     | strategies.neural_hybrid | [DECISION] NO_TRADE | Pattern weak (0.36) | Conf: 0.00
2025-12-03 19:38:50 | INFO     | strategies.neural_hybrid | [DECISION] NO_TRADE | Pattern weak (0.36) | Conf: 0.00
2025-12-03 19:38:51 | INFO     | strategies.neural_hybrid | [DECISION] NO_TRADE | Pattern weak (0.36) | Conf: 0.00
2025-12-03 19:38:51 | INFO     | strategies.neural_hybrid | [DECISION] NO_TRADE | Pattern weak (0.36) | Conf: 0.00
2025-12-03 19:38:51 | INFO     | strategies.neural_hybrid | [DECISION] NO_TRADE | Pattern weak (0.36) | Conf: 0.00
2025-12-03 19:38:51 | INFO     | strategies.neural_hybrid | [DECISION] NO_TRADE | Pattern weak (0.37) | Conf: 0.00
2025-12-03 19:38:52 | INFO     | strategies.neural_hybrid | [DECISION] NO_TRADE | Pattern weak (0.36) | Conf: 0.00
2025-12-03 19:38:52 | INFO     | strategies.neural_hybrid | [DECISION] NO_TRADE | Pattern weak (0.37) | Conf: 0.00
2025-12-03 19:38:52 | INFO     | strategies.neural_hybrid | [DECISION] NO_TRADE | Pattern weak (0.36) | Conf: 0.00
2025-12-03 19:38:52 | INFO     | strategies.neural_hybrid | [DECISION] NO_TRADE | Pattern weak (0.36) | Conf: 0.00
2025-12-03 19:38:53 | INFO     | strategies.neural_hybrid | [DECISION] NO_TRADE | Pattern weak (0.37) | Conf: 0.00
2025-12-03 19:38:53 | INFO     | strategies.neural_hybrid | [DECISION] NO_TRADE | Pattern weak (0.38) | Conf: 0.00
2025-12-03 19:38:53 | INFO     | strategies.neural_hybrid | [DECISION] NO_TRADE | Pattern weak (0.38) | Conf: 0.00
2025-12-03 19:38:54 | INFO     | strategies.neural_hybrid | [DECISION] NO_TRADE | Pattern weak (0.37) | Conf: 0.00
2025-12-03 19:38:54 | INFO     | strategies.neural_hybrid | [DECISION] NO_TRADE | Pattern weak (0.35) | Conf: 0.00
2025-12-03 19:38:54 | INFO     | strategies.neural_hybrid | [DECISION] NO_TRADE | Pattern weak (0.36) | Conf: 0.00
2025-12-03 19:38:54 | INFO     | strategies.neural_hybrid | [DECISION] NO_TRADE | Pattern weak (0.36) | Conf: 0.00
2025-12-03 19:38:55 | INFO     | strategies.neural_hybrid | [DECISION] NO_TRADE | Pattern weak (0.36) | Conf: 0.00
2025-12-03 19:38:55 | INFO     | strategies.neural_hybrid | [DECISION] NO_TRADE | Pattern weak (0.36) | Conf: 0.00
2025-12-03 19:38:55 | INFO     | strategies.neural_hybrid | [DECISION] NO_TRADE | Pattern weak (0.36) | Conf: 0.00
2025-12-03 19:38:55 | INFO     | strategies.neural_hybrid | [DECISION] NO_TRADE | Pattern weak (0.36) | Conf: 0.00
2025-12-03 19:38:56 | INFO     | strategies.neural_hybrid | [DECISION] NO_TRADE | Pattern weak (0.37) | Conf: 0.00
2025-12-03 19:38:56 | INFO     | strategies.neural_hybrid | [DECISION] NO_TRADE | Pattern weak (0.37) | Conf: 0.00
2025-12-03 19:38:56 | INFO     | strategies.neural_hybrid | [DECISION] NO_TRADE | Pattern weak (0.36) | Conf: 0.00
2025-12-03 19:38:56 | INFO     | strategies.neural_hybrid | [DECISION] NO_TRADE | Pattern weak (0.36) | Conf: 0.00
2025-12-03 19:38:57 | INFO     | strategies.neural_hybrid | [DECISION] NO_TRADE | Pattern weak (0.36) | Conf: 0.00
2025-12-03 19:38:57 | INFO     | strategies.neural_hybrid | [DECISION] NO_TRADE | Pattern weak (0.36) | Conf: 0.00
2025-12-03 19:38:57 | INFO     | strategies.neural_hybrid | [DECISION] NO_TRADE | Pattern weak (0.36) | Conf: 0.00
2025-12-03 19:38:58 | INFO     | strategies.neural_hybrid | [DECISION] NO_TRADE | Pattern weak (0.36) | Conf: 0.00
2025-12-03 19:38:58 | INFO     | strategies.neural_hybrid | [DECISION] NO_TRADE | Pattern weak (0.37) | Conf: 0.00
2025-12-03 19:38:58 | INFO     | strategies.neural_hybrid | [DECISION] NO_TRADE | Pattern weak (0.38) | Conf: 0.00
2025-12-03 19:38:58 | INFO     | strategies.neural_hybrid | [DECISION] NO_TRADE | Pattern weak (0.38) | Conf: 0.00
2025-12-03 19:38:59 | INFO     | strategies.neural_hybrid | [DECISION] NO_TRADE | Pattern weak (0.37) | Conf: 0.00
2025-12-03 19:38:59 | INFO     | strategies.neural_hybrid | [DECISION] NO_TRADE | Pattern weak (0.38) | Conf: 0.00
2025-12-03 19:38:59 | INFO     | strategies.neural_hybrid | [DECISION] NO_TRADE | Pattern weak (0.38) | Conf: 0.00
2025-12-03 19:38:59 | INFO     | strategies.neural_hybrid | [DECISION] NO_TRADE | Pattern weak (0.38) | Conf: 0.00
2025-12-03 19:39:00 | INFO     | strategies.neural_hybrid | [DECISION] NO_TRADE | Pattern weak (0.38) | Conf: 0.00
2025-12-03 19:39:00 | INFO     | strategies.neural_hybrid | [DECISION] NO_TRADE | Pattern weak (0.38) | Conf: 0.00
2025-12-03 19:39:00 | INFO     | strategies.neural_hybrid | [DECISION] NO_TRADE | Pattern weak (0.38) | Conf: 0.00
2025-12-03 19:39:01 | INFO     | strategies.neural_hybrid | [DECISION] NO_TRADE | Pattern weak (0.38) | Conf: 0.00
2025-12-03 19:39:01 | INFO     | strategies.neural_hybrid | [DECISION] NO_TRADE | Pattern weak (0.38) | Conf: 0.00
2025-12-03 19:39:01 | INFO     | strategies.neural_hybrid | [DECISION] NO_TRADE | Pattern weak (0.37) | Conf: 0.00
2025-12-03 19:39:01 | INFO     | strategies.neural_hybrid | [DECISION] NO_TRADE | Pattern weak (0.37) | Conf: 0.00
2025-12-03 19:39:02 | INFO     | strategies.neural_hybrid | [DECISION] NO_TRADE | Pattern weak (0.37) | Conf: 0.00
2025-12-03 19:39:02 | INFO     | strategies.neural_hybrid | [DECISION] NO_TRADE | Pattern weak (0.37) | Conf: 0.00
2025-12-03 19:39:02 | INFO     | strategies.neural_hybrid | [DECISION] NO_TRADE | Pattern weak (0.37) | Conf: 0.00
2025-12-03 19:39:02 | INFO     | strategies.neural_hybrid | [DECISION] NO_TRADE | Pattern weak (0.37) | Conf: 0.00
2025-12-03 19:39:03 | INFO     | strategies.neural_hybrid | [DECISION] NO_TRADE | Pattern weak (0.36) | Conf: 0.00
2025-12-03 19:39:03 | INFO     | strategies.neural_hybrid | [DECISION] NO_TRADE | Pattern weak (0.37) | Conf: 0.00
2025-12-03 19:39:03 | INFO     | strategies.neural_hybrid | [DECISION] NO_TRADE | Pattern weak (0.36) | Conf: 0.00
2025-12-03 19:39:03 | INFO     | strategies.neural_hybrid | [DECISION] NO_TRADE | Pattern weak (0.37) | Conf: 0.00
2025-12-03 19:39:04 | INFO     | strategies.neural_hybrid | [DECISION] NO_TRADE | Pattern weak (0.37) | Conf: 0.00
2025-12-03 19:39:04 | INFO     | strategies.neural_hybrid | [DECISION] NO_TRADE | Pattern weak (0.37) | Conf: 0.00
2025-12-03 19:39:04 | INFO     | strategies.neural_hybrid | [DECISION] NO_TRADE | Pattern weak (0.38) | Conf: 0.00
2025-12-03 19:39:05 | INFO     | strategies.neural_hybrid | [DECISION] NO_TRADE | Pattern weak (0.37) | Conf: 0.00
2025-12-03 19:39:05 | INFO     | strategies.neural_hybrid | [DECISION] NO_TRADE | Pattern weak (0.37) | Conf: 0.00
2025-12-03 19:39:05 | INFO     | strategies.neural_hybrid | [DECISION] NO_TRADE | Pattern weak (0.37) | Conf: 0.00
2025-12-03 19:39:05 | INFO     | strategies.neural_hybrid | [DECISION] NO_TRADE | Pattern weak (0.38) | Conf: 0.00
2025-12-03 19:39:06 | INFO     | strategies.neural_hybrid | [DECISION] NO_TRADE | Pattern weak (0.38) | Conf: 0.00
2025-12-03 19:39:06 | INFO     | strategies.neural_hybrid | [DECISION] NO_TRADE | Pattern weak (0.38) | Conf: 0.00
2025-12-03 19:39:06 | INFO     | strategies.neural_hybrid | [DECISION] NO_TRADE | Pattern weak (0.38) | Conf: 0.00
2025-12-03 19:39:06 | INFO     | strategies.neural_hybrid | [DECISION] NO_TRADE | Pattern weak (0.38) | Conf: 0.00
2025-12-03 19:39:07 | INFO     | strategies.neural_hybrid | [DECISION] NO_TRADE | Pattern weak (0.37) | Conf: 0.00
2025-12-03 19:39:07 | INFO     | strategies.neural_hybrid | [DECISION] NO_TRADE | Pattern weak (0.38) | Conf: 0.00
2025-12-03 19:39:07 | INFO     | strategies.neural_hybrid | [DECISION] NO_TRADE | Pattern weak (0.37) | Conf: 0.00
2025-12-03 19:39:07 | INFO     | strategies.neural_hybrid | [DECISION] NO_TRADE | Pattern weak (0.37) | Conf: 0.00
2025-12-03 19:39:08 | INFO     | strategies.neural_hybrid | [DECISION] NO_TRADE | Pattern weak (0.36) | Conf: 0.00
2025-12-03 19:39:08 | INFO     | strategies.neural_hybrid | [DECISION] NO_TRADE | Pattern weak (0.36) | Conf: 0.00
2025-12-03 19:39:08 | INFO     | strategies.neural_hybrid | [DECISION] NO_TRADE | Pattern weak (0.36) | Conf: 0.00
2025-12-03 19:39:09 | INFO     | strategies.neural_hybrid | [DECISION] NO_TRADE | Pattern weak (0.36) | Conf: 0.00
2025-12-03 19:39:09 | INFO     | strategies.neural_hybrid | [DECISION] NO_TRADE | Pattern weak (0.36) | Conf: 0.00
2025-12-03 19:39:09 | INFO     | strategies.neural_hybrid | [DECISION] NO_TRADE | Pattern weak (0.36) | Conf: 0.00
2025-12-03 19:39:09 | INFO     | strategies.neural_hybrid | [DECISION] NO_TRADE | Pattern weak (0.36) | Conf: 0.00
2025-12-03 19:39:10 | INFO     | strategies.neural_hybrid | [DECISION] NO_TRADE | Pattern weak (0.36) | Conf: 0.00
2025-12-03 19:39:10 | INFO     | strategies.neural_hybrid | [DECISION] NO_TRADE | Pattern weak (0.36) | Conf: 0.00
2025-12-03 19:39:10 | INFO     | strategies.neural_hybrid | [DECISION] NO_TRADE | Pattern weak (0.36) | Conf: 0.00
2025-12-03 19:39:10 | INFO     | strategies.neural_hybrid | [DECISION] NO_TRADE | Pattern weak (0.37) | Conf: 0.00
2025-12-03 19:39:11 | INFO     | strategies.neural_hybrid | [DECISION] NO_TRADE | Pattern weak (0.37) | Conf: 0.00
2025-12-03 19:39:11 | INFO     | strategies.neural_hybrid | [DECISION] NO_TRADE | Pattern weak (0.37) | Conf: 0.00
2025-12-03 19:39:11 | INFO     | strategies.neural_hybrid | [DECISION] NO_TRADE | Pattern weak (0.37) | Conf: 0.00
2025-12-03 19:39:11 | INFO     | strategies.neural_hybrid | [DECISION] NO_TRADE | Pattern weak (0.37) | Conf: 0.00
2025-12-03 19:39:12 | INFO     | strategies.neural_hybrid | [DECISION] NO_TRADE | Pattern weak (0.37) | Conf: 0.00
2025-12-03 19:39:12 | INFO     | strategies.neural_hybrid | [DECISION] NO_TRADE | Pattern weak (0.37) | Conf: 0.00
2025-12-03 19:39:12 | INFO     | strategies.neural_hybrid | [DECISION] NO_TRADE | Pattern weak (0.38) | Conf: 0.00
2025-12-03 19:39:13 | INFO     | strategies.neural_hybrid | [DECISION] NO_TRADE | Pattern weak (0.38) | Conf: 0.00
2025-12-03 19:39:13 | INFO     | strategies.neural_hybrid | [DECISION] NO_TRADE | Pattern weak (0.37) | Conf: 0.00
2025-12-03 19:39:13 | INFO     | strategies.neural_hybrid | [DECISION] NO_TRADE | Pattern weak (0.37) | Conf: 0.00
2025-12-03 19:39:13 | INFO     | strategies.neural_hybrid | [DECISION] NO_TRADE | Pattern weak (0.36) | Conf: 0.00
2025-12-03 19:39:14 | INFO     | strategies.neural_hybrid | [DECISION] NO_TRADE | Pattern weak (0.35) | Conf: 0.00
2025-12-03 19:39:14 | INFO     | strategies.neural_hybrid | [DECISION] NO_TRADE | Pattern weak (0.36) | Conf: 0.00
2025-12-03 19:39:14 | INFO     | strategies.neural_hybrid | [DECISION] NO_TRADE | Pattern weak (0.36) | Conf: 0.00
2025-12-03 19:39:14 | INFO     | strategies.neural_hybrid | [DECISION] NO_TRADE | Pattern weak (0.36) | Conf: 0.00
2025-12-03 19:39:15 | INFO     | strategies.neural_hybrid | [DECISION] NO_TRADE | Pattern weak (0.36) | Conf: 0.00
2025-12-03 19:39:15 | INFO     | strategies.neural_hybrid | [DECISION] NO_TRADE | Pattern weak (0.36) | Conf: 0.00
2025-12-03 19:39:15 | INFO     | strategies.neural_hybrid | [DECISION] NO_TRADE | Pattern weak (0.36) | Conf: 0.00
2025-12-03 19:39:15 | INFO     | strategies.neural_hybrid | [DECISION] NO_TRADE | Pattern weak (0.36) | Conf: 0.00
2025-12-03 19:39:16 | INFO     | strategies.neural_hybrid | [DECISION] NO_TRADE | Pattern weak (0.36) | Conf: 0.00
2025-12-03 19:39:16 | INFO     | strategies.neural_hybrid | [DECISION] NO_TRADE | Pattern weak (0.36) | Conf: 0.00
2025-12-03 19:39:16 | INFO     | strategies.neural_hybrid | [DECISION] NO_TRADE | Pattern weak (0.36) | Conf: 0.00
2025-12-03 19:39:17 | INFO     | strategies.neural_hybrid | [DECISION] NO_TRADE | Pattern weak (0.36) | Conf: 0.00
2025-12-03 19:39:17 | INFO     | strategies.neural_hybrid | [DECISION] NO_TRADE | Pattern weak (0.35) | Conf: 0.00
2025-12-03 19:39:17 | INFO     | strategies.neural_hybrid | [DECISION] NO_TRADE | Pattern weak (0.36) | Conf: 0.00
2025-12-03 19:39:17 | INFO     | strategies.neural_hybrid | [DECISION] NO_TRADE | Pattern weak (0.36) | Conf: 0.00
2025-12-03 19:39:18 | INFO     | strategies.neural_hybrid | [DECISION] NO_TRADE | Pattern weak (0.35) | Conf: 0.00
2025-12-03 19:39:18 | INFO     | strategies.neural_hybrid | [DECISION] NO_TRADE | Pattern weak (0.34) | Conf: 0.00
2025-12-03 19:39:18 | INFO     | strategies.neural_hybrid | [DECISION] NO_TRADE | Pattern weak (0.34) | Conf: 0.00
2025-12-03 19:39:18 | INFO     | strategies.neural_hybrid | [DECISION] NO_TRADE | Pattern weak (0.35) | Conf: 0.00
2025-12-03 19:39:19 | INFO     | strategies.neural_hybrid | [DECISION] NO_TRADE | Pattern weak (0.34) | Conf: 0.00
2025-12-03 19:39:19 | INFO     | strategies.neural_hybrid | [DECISION] NO_TRADE | Pattern weak (0.35) | Conf: 0.00
2025-12-03 19:39:19 | INFO     | strategies.neural_hybrid | [DECISION] NO_TRADE | Pattern weak (0.35) | Conf: 0.00
2025-12-03 19:39:19 | INFO     | strategies.neural_hybrid | [DECISION] NO_TRADE | Pattern weak (0.35) | Conf: 0.00
2025-12-03 19:39:20 | INFO     | strategies.neural_hybrid | [DECISION] NO_TRADE | Pattern weak (0.36) | Conf: 0.00
2025-12-03 19:39:20 | INFO     | strategies.neural_hybrid | [DECISION] NO_TRADE | Pattern weak (0.36) | Conf: 0.00
2025-12-03 19:39:20 | INFO     | strategies.neural_hybrid | [DECISION] NO_TRADE | Pattern weak (0.36) | Conf: 0.00
2025-12-03 19:39:21 | INFO     | strategies.neural_hybrid | [DECISION] NO_TRADE | Pattern weak (0.37) | Conf: 0.00
2025-12-03 19:39:21 | INFO     | strategies.neural_hybrid | [DECISION] NO_TRADE | Pattern weak (0.36) | Conf: 0.00
2025-12-03 19:39:21 | INFO     | strategies.neural_hybrid | [DECISION] NO_TRADE | Pattern weak (0.36) | Conf: 0.00
2025-12-03 19:39:21 | INFO     | strategies.neural_hybrid | [DECISION] NO_TRADE | Pattern weak (0.36) | Conf: 0.00
2025-12-03 19:39:22 | INFO     | strategies.neural_hybrid | [DECISION] NO_TRADE | Pattern weak (0.36) | Conf: 0.00
2025-12-03 19:39:22 | INFO     | strategies.neural_hybrid | [DECISION] NO_TRADE | Pattern weak (0.36) | Conf: 0.00
2025-12-03 19:39:22 | INFO     | strategies.neural_hybrid | [DECISION] NO_TRADE | Pattern weak (0.36) | Conf: 0.00
2025-12-03 19:39:22 | INFO     | strategies.neural_hybrid | [DECISION] NO_TRADE | Pattern weak (0.36) | Conf: 0.00
2025-12-03 19:39:23 | INFO     | strategies.neural_hybrid | [DECISION] NO_TRADE | Pattern weak (0.36) | Conf: 0.00
2025-12-03 19:39:23 | INFO     | strategies.neural_hybrid | [DECISION] NO_TRADE | Pattern weak (0.35) | Conf: 0.00
2025-12-03 19:39:23 | INFO     | strategies.neural_hybrid | [DECISION] NO_TRADE | Pattern weak (0.35) | Conf: 0.00
2025-12-03 19:39:23 | INFO     | strategies.neural_hybrid | [DECISION] NO_TRADE | Pattern weak (0.36) | Conf: 0.00
2025-12-03 19:39:24 | INFO     | strategies.neural_hybrid | [DECISION] NO_TRADE | Pattern weak (0.36) | Conf: 0.00
2025-12-03 19:39:24 | INFO     | strategies.neural_hybrid | [DECISION] NO_TRADE | Pattern weak (0.36) | Conf: 0.00
2025-12-03 19:39:24 | INFO     | strategies.neural_hybrid | [DECISION] NO_TRADE | Pattern weak (0.36) | Conf: 0.00
2025-12-03 19:39:25 | INFO     | strategies.neural_hybrid | [DECISION] NO_TRADE | Pattern weak (0.36) | Conf: 0.00
2025-12-03 19:39:25 | INFO     | strategies.neural_hybrid | [DECISION] NO_TRADE | Pattern weak (0.35) | Conf: 0.00
2025-12-03 19:39:25 | INFO     | strategies.neural_hybrid | [DECISION] NO_TRADE | Pattern weak (0.35) | Conf: 0.00
2025-12-03 19:39:25 | INFO     | strategies.neural_hybrid | [DECISION] NO_TRADE | Pattern weak (0.34) | Conf: 0.00
2025-12-03 19:39:26 | INFO     | strategies.neural_hybrid | [DECISION] NO_TRADE | Pattern weak (0.34) | Conf: 0.00
2025-12-03 19:39:26 | INFO     | strategies.neural_hybrid | [DECISION] NO_TRADE | Pattern weak (0.35) | Conf: 0.00
2025-12-03 19:39:26 | INFO     | strategies.neural_hybrid | [DECISION] NO_TRADE | Pattern weak (0.35) | Conf: 0.00
2025-12-03 19:39:26 | INFO     | strategies.neural_hybrid | [DECISION] NO_TRADE | Pattern weak (0.34) | Conf: 0.00
2025-12-03 19:39:27 | INFO     | strategies.neural_hybrid | [DECISION] NO_TRADE | Pattern weak (0.35) | Conf: 0.00
2025-12-03 19:39:27 | INFO     | strategies.neural_hybrid | [DECISION] NO_TRADE | Pattern weak (0.35) | Conf: 0.00
2025-12-03 19:39:27 | INFO     | strategies.neural_hybrid | [DECISION] NO_TRADE | Pattern weak (0.35) | Conf: 0.00
2025-12-03 19:39:27 | INFO     | strategies.neural_hybrid | [DECISION] NO_TRADE | Pattern weak (0.35) | Conf: 0.00
2025-12-03 19:39:28 | INFO     | strategies.neural_hybrid | [DECISION] NO_TRADE | Pattern weak (0.34) | Conf: 0.00
2025-12-03 19:39:28 | INFO     | strategies.neural_hybrid | [DECISION] NO_TRADE | Pattern weak (0.35) | Conf: 0.00
2025-12-03 19:39:28 | INFO     | strategies.neural_hybrid | [DECISION] NO_TRADE | Pattern weak (0.36) | Conf: 0.00
2025-12-03 19:39:28 | INFO     | strategies.neural_hybrid | [DECISION] NO_TRADE | Pattern weak (0.37) | Conf: 0.00
2025-12-03 19:39:29 | INFO     | strategies.neural_hybrid | [DECISION] NO_TRADE | Pattern weak (0.34) | Conf: 0.00
2025-12-03 19:39:29 | INFO     | strategies.neural_hybrid | [DECISION] NO_TRADE | Pattern weak (0.36) | Conf: 0.00
2025-12-03 19:39:29 | INFO     | strategies.neural_hybrid | [DECISION] NO_TRADE | Pattern weak (0.35) | Conf: 0.00
2025-12-03 19:39:30 | INFO     | strategies.neural_hybrid | [DECISION] NO_TRADE | Pattern weak (0.35) | Conf: 0.00
2025-12-03 19:39:30 | INFO     | strategies.neural_hybrid | [DECISION] NO_TRADE | Pattern weak (0.34) | Conf: 0.00
2025-12-03 19:39:30 | INFO     | strategies.neural_hybrid | [DECISION] NO_TRADE | Pattern weak (0.34) | Conf: 0.00
2025-12-03 19:39:30 | INFO     | strategies.neural_hybrid | [DECISION] NO_TRADE | Pattern weak (0.35) | Conf: 0.00
2025-12-03 19:39:31 | INFO     | strategies.neural_hybrid | [DECISION] NO_TRADE | Pattern weak (0.34) | Conf: 0.00
2025-12-03 19:39:31 | INFO     | strategies.neural_hybrid | [DECISION] NO_TRADE | Pattern weak (0.35) | Conf: 0.00
2025-12-03 19:39:31 | INFO     | strategies.neural_hybrid | [DECISION] NO_TRADE | Pattern weak (0.35) | Conf: 0.00
2025-12-03 19:39:31 | INFO     | strategies.neural_hybrid | [DECISION] NO_TRADE | Pattern weak (0.35) | Conf: 0.00
2025-12-03 19:39:32 | INFO     | strategies.neural_hybrid | [DECISION] NO_TRADE | Pattern weak (0.35) | Conf: 0.00
2025-12-03 19:39:32 | INFO     | strategies.neural_hybrid | [DECISION] NO_TRADE | Pattern weak (0.35) | Conf: 0.00
2025-12-03 19:39:32 | INFO     | strategies.neural_hybrid | [DECISION] NO_TRADE | Pattern weak (0.34) | Conf: 0.00
2025-12-03 19:39:32 | INFO     | strategies.neural_hybrid | [DECISION] NO_TRADE | Pattern weak (0.35) | Conf: 0.00
2025-12-03 19:39:33 | INFO     | strategies.neural_hybrid | [DECISION] NO_TRADE | Pattern weak (0.37) | Conf: 0.00
2025-12-03 19:39:33 | INFO     | strategies.neural_hybrid | [DECISION] NO_TRADE | Pattern weak (0.38) | Conf: 0.00
2025-12-03 19:39:33 | INFO     | strategies.neural_hybrid | [DECISION] NO_TRADE | Pattern weak (0.36) | Conf: 0.00
2025-12-03 19:39:34 | INFO     | strategies.neural_hybrid | [DECISION] NO_TRADE | Pattern weak (0.36) | Conf: 0.00
2025-12-03 19:39:34 | INFO     | strategies.neural_hybrid | [DECISION] NO_TRADE | Pattern weak (0.36) | Conf: 0.00
2025-12-03 19:39:34 | INFO     | strategies.neural_hybrid | [DECISION] NO_TRADE | Pattern weak (0.36) | Conf: 0.00
2025-12-03 19:39:34 | INFO     | strategies.neural_hybrid | [DECISION] NO_TRADE | Pattern weak (0.36) | Conf: 0.00
2025-12-03 19:39:35 | INFO     | strategies.neural_hybrid | [DECISION] NO_TRADE | Pattern weak (0.36) | Conf: 0.00
2025-12-03 19:39:35 | INFO     | strategies.neural_hybrid | [DECISION] NO_TRADE | Pattern weak (0.36) | Conf: 0.00
2025-12-03 19:39:35 | INFO     | strategies.neural_hybrid | [DECISION] NO_TRADE | Pattern weak (0.36) | Conf: 0.00
2025-12-03 19:39:35 | INFO     | strategies.neural_hybrid | [DECISION] NO_TRADE | Pattern weak (0.36) | Conf: 0.00
2025-12-03 19:39:36 | INFO     | strategies.neural_hybrid | [DECISION] NO_TRADE | Pattern weak (0.36) | Conf: 0.00
2025-12-03 19:39:36 | INFO     | strategies.neural_hybrid | [DECISION] NO_TRADE | Pattern weak (0.37) | Conf: 0.00
2025-12-03 19:39:36 | INFO     | strategies.neural_hybrid | [DECISION] NO_TRADE | Pattern weak (0.38) | Conf: 0.00
2025-12-03 19:39:36 | INFO     | strategies.neural_hybrid | [DECISION] NO_TRADE | Pattern weak (0.38) | Conf: 0.00
2025-12-03 19:39:37 | INFO     | strategies.neural_hybrid | [DECISION] NO_TRADE | Pattern weak (0.37) | Conf: 0.00
2025-12-03 19:39:37 | INFO     | strategies.neural_hybrid | [DECISION] NO_TRADE | Pattern weak (0.37) | Conf: 0.00
2025-12-03 19:39:37 | INFO     | strategies.neural_hybrid | [DECISION] NO_TRADE | Pattern weak (0.37) | Conf: 0.00
2025-12-03 19:39:38 | INFO     | strategies.neural_hybrid | [DECISION] NO_TRADE | Pattern weak (0.38) | Conf: 0.00
2025-12-03 19:39:38 | INFO     | strategies.neural_hybrid | [DECISION] NO_TRADE | Pattern weak (0.38) | Conf: 0.00
2025-12-03 19:39:38 | INFO     | strategies.neural_hybrid | [DECISION] NO_TRADE | Pattern weak (0.38) | Conf: 0.00
2025-12-03 19:39:38 | INFO     | strategies.neural_hybrid | [DECISION] NO_TRADE | Pattern weak (0.38) | Conf: 0.00
2025-12-03 19:39:39 | INFO     | strategies.neural_hybrid | [DECISION] NO_TRADE | Pattern weak (0.38) | Conf: 0.00
2025-12-03 19:39:39 | INFO     | strategies.neural_hybrid | [DECISION] NO_TRADE | Pattern weak (0.38) | Conf: 0.00
2025-12-03 19:39:39 | INFO     | strategies.neural_hybrid | [DECISION] NO_TRADE | Pattern weak (0.37) | Conf: 0.00
2025-12-03 19:39:39 | INFO     | strategies.neural_hybrid | [DECISION] NO_TRADE | Pattern weak (0.37) | Conf: 0.00
2025-12-03 19:39:40 | INFO     | strategies.neural_hybrid | [DECISION] NO_TRADE | Pattern weak (0.37) | Conf: 0.00
2025-12-03 19:39:40 | INFO     | strategies.neural_hybrid | [DECISION] NO_TRADE | Pattern weak (0.37) | Conf: 0.00
2025-12-03 19:39:40 | INFO     | strategies.neural_hybrid | [DECISION] NO_TRADE | Pattern weak (0.36) | Conf: 0.00
2025-12-03 19:39:40 | INFO     | strategies.neural_hybrid | [DECISION] NO_TRADE | Pattern weak (0.36) | Conf: 0.00
2025-12-03 19:39:41 | INFO     | strategies.neural_hybrid | [DECISION] NO_TRADE | Pattern weak (0.37) | Conf: 0.00
2025-12-03 19:39:41 | INFO     | strategies.neural_hybrid | [DECISION] NO_TRADE | Pattern weak (0.37) | Conf: 0.00
2025-12-03 19:39:41 | INFO     | strategies.neural_hybrid | [DECISION] NO_TRADE | Pattern weak (0.36) | Conf: 0.00
2025-12-03 19:39:42 | INFO     | strategies.neural_hybrid | [DECISION] NO_TRADE | Pattern weak (0.36) | Conf: 0.00
2025-12-03 19:39:42 | INFO     | strategies.neural_hybrid | [DECISION] NO_TRADE | Pattern weak (0.37) | Conf: 0.00
2025-12-03 19:39:42 | INFO     | strategies.neural_hybrid | [DECISION] NO_TRADE | Pattern weak (0.37) | Conf: 0.00
2025-12-03 19:39:42 | INFO     | strategies.neural_hybrid | [DECISION] NO_TRADE | Pattern weak (0.36) | Conf: 0.00
2025-12-03 19:39:43 | INFO     | strategies.neural_hybrid | [DECISION] NO_TRADE | Pattern weak (0.36) | Conf: 0.00
2025-12-03 19:39:43 | INFO     | strategies.neural_hybrid | [DECISION] NO_TRADE | Pattern weak (0.37) | Conf: 0.00
2025-12-03 19:39:43 | INFO     | strategies.neural_hybrid | [DECISION] NO_TRADE | Pattern weak (0.37) | Conf: 0.00
2025-12-03 19:39:43 | INFO     | strategies.neural_hybrid | [DECISION] NO_TRADE | Pattern weak (0.37) | Conf: 0.00
2025-12-03 19:39:44 | INFO     | strategies.neural_hybrid | [DECISION] NO_TRADE | Pattern weak (0.36) | Conf: 0.00
2025-12-03 19:39:44 | INFO     | strategies.neural_hybrid | [DECISION] NO_TRADE | Pattern weak (0.37) | Conf: 0.00
2025-12-03 19:39:44 | INFO     | strategies.neural_hybrid | [DECISION] NO_TRADE | Pattern weak (0.37) | Conf: 0.00
2025-12-03 19:39:44 | INFO     | strategies.neural_hybrid | [DECISION] NO_TRADE | Pattern weak (0.37) | Conf: 0.00
2025-12-03 19:39:45 | INFO     | strategies.neural_hybrid | [DECISION] NO_TRADE | Pattern weak (0.36) | Conf: 0.00
2025-12-03 19:39:45 | INFO     | strategies.neural_hybrid | [DECISION] NO_TRADE | Pattern weak (0.36) | Conf: 0.00
2025-12-03 19:39:45 | INFO     | strategies.neural_hybrid | [DECISION] NO_TRADE | Pattern weak (0.36) | Conf: 0.00
2025-12-03 19:39:46 | INFO     | strategies.neural_hybrid | [DECISION] NO_TRADE | Pattern weak (0.36) | Conf: 0.00
2025-12-03 19:39:46 | INFO     | strategies.neural_hybrid | [DECISION] NO_TRADE | Pattern weak (0.36) | Conf: 0.00
2025-12-03 19:39:46 | INFO     | strategies.neural_hybrid | [DECISION] NO_TRADE | Pattern weak (0.36) | Conf: 0.00
2025-12-03 19:39:46 | INFO     | strategies.neural_hybrid | [DECISION] NO_TRADE | Pattern weak (0.36) | Conf: 0.00
2025-12-03 19:39:47 | INFO     | strategies.neural_hybrid | [DECISION] NO_TRADE | Pattern weak (0.35) | Conf: 0.00
2025-12-03 19:39:47 | INFO     | strategies.neural_hybrid | [DECISION] NO_TRADE | Pattern weak (0.37) | Conf: 0.00
2025-12-03 19:39:47 | INFO     | strategies.neural_hybrid | [DECISION] NO_TRADE | Pattern weak (0.36) | Conf: 0.00
2025-12-03 19:39:47 | INFO     | strategies.neural_hybrid | [DECISION] NO_TRADE | Pattern weak (0.36) | Conf: 0.00
2025-12-03 19:39:48 | INFO     | strategies.neural_hybrid | [DECISION] NO_TRADE | Pattern weak (0.36) | Conf: 0.00
2025-12-03 19:39:48 | INFO     | strategies.neural_hybrid | [DECISION] NO_TRADE | Pattern weak (0.36) | Conf: 0.00
2025-12-03 19:39:48 | INFO     | strategies.neural_hybrid | [DECISION] NO_TRADE | Pattern weak (0.36) | Conf: 0.00
2025-12-03 19:39:49 | INFO     | strategies.neural_hybrid | [DECISION] NO_TRADE | Pattern weak (0.36) | Conf: 0.00
2025-12-03 19:39:49 | INFO     | strategies.neural_hybrid | [DECISION] NO_TRADE | Pattern weak (0.37) | Conf: 0.00
2025-12-03 19:39:49 | INFO     | strategies.neural_hybrid | [DECISION] NO_TRADE | Pattern weak (0.37) | Conf: 0.00
2025-12-03 19:39:49 | INFO     | strategies.neural_hybrid | [DECISION] NO_TRADE | Pattern weak (0.38) | Conf: 0.00
2025-12-03 19:39:50 | INFO     | strategies.neural_hybrid | [DECISION] NO_TRADE | Pattern weak (0.37) | Conf: 0.00
2025-12-03 19:39:50 | INFO     | strategies.neural_hybrid | [DECISION] NO_TRADE | Pattern weak (0.38) | Conf: 0.00
2025-12-03 19:39:50 | INFO     | strategies.neural_hybrid | [DECISION] NO_TRADE | Pattern weak (0.37) | Conf: 0.00
2025-12-03 19:39:50 | INFO     | strategies.neural_hybrid | [DECISION] NO_TRADE | Pattern weak (0.37) | Conf: 0.00
2025-12-03 19:39:51 | INFO     | strategies.neural_hybrid | [DECISION] NO_TRADE | Pattern weak (0.37) | Conf: 0.00
2025-12-03 19:39:51 | INFO     | strategies.neural_hybrid | [DECISION] NO_TRADE | Pattern weak (0.37) | Conf: 0.00
2025-12-03 19:39:51 | INFO     | strategies.neural_hybrid | [DECISION] NO_TRADE | Pattern weak (0.37) | Conf: 0.00
2025-12-03 19:39:51 | INFO     | strategies.neural_hybrid | [DECISION] NO_TRADE | Pattern weak (0.37) | Conf: 0.00
2025-12-03 19:39:52 | INFO     | strategies.neural_hybrid | [DECISION] NO_TRADE | Pattern weak (0.37) | Conf: 0.00
2025-12-03 19:39:52 | INFO     | strategies.neural_hybrid | [DECISION] NO_TRADE | Pattern weak (0.36) | Conf: 0.00
2025-12-03 19:39:52 | INFO     | strategies.neural_hybrid | [DECISION] NO_TRADE | Pattern weak (0.37) | Conf: 0.00
2025-12-03 19:39:53 | INFO     | strategies.neural_hybrid | [DECISION] NO_TRADE | Pattern weak (0.37) | Conf: 0.00
2025-12-03 19:39:53 | INFO     | strategies.neural_hybrid | [DECISION] NO_TRADE | Pattern weak (0.36) | Conf: 0.00
2025-12-03 19:39:53 | INFO     | strategies.neural_hybrid | [DECISION] NO_TRADE | Pattern weak (0.36) | Conf: 0.00
2025-12-03 19:39:53 | INFO     | strategies.neural_hybrid | [DECISION] NO_TRADE | Pattern weak (0.37) | Conf: 0.00
2025-12-03 19:39:54 | INFO     | strategies.neural_hybrid | [DECISION] NO_TRADE | Pattern weak (0.37) | Conf: 0.00
2025-12-03 19:39:54 | INFO     | strategies.neural_hybrid | [DECISION] NO_TRADE | Pattern weak (0.36) | Conf: 0.00
2025-12-03 19:39:54 | INFO     | strategies.neural_hybrid | [DECISION] NO_TRADE | Pattern weak (0.36) | Conf: 0.00
2025-12-03 19:39:54 | INFO     | strategies.neural_hybrid | [DECISION] NO_TRADE | Pattern weak (0.36) | Conf: 0.00
2025-12-03 19:39:55 | INFO     | strategies.neural_hybrid | [DECISION] NO_TRADE | Pattern weak (0.36) | Conf: 0.00
2025-12-03 19:39:55 | INFO     | strategies.neural_hybrid | [DECISION] NO_TRADE | Pattern weak (0.37) | Conf: 0.00
2025-12-03 19:39:55 | INFO     | strategies.neural_hybrid | [DECISION] NO_TRADE | Pattern weak (0.37) | Conf: 0.00
2025-12-03 19:39:56 | INFO     | strategies.neural_hybrid | [DECISION] NO_TRADE | Pattern weak (0.37) | Conf: 0.00
2025-12-03 19:39:56 | INFO     | strategies.neural_hybrid | [DECISION] NO_TRADE | Pattern weak (0.37) | Conf: 0.00
2025-12-03 19:39:56 | INFO     | strategies.neural_hybrid | [DECISION] NO_TRADE | Pattern weak (0.37) | Conf: 0.00
2025-12-03 19:39:56 | INFO     | strategies.neural_hybrid | [DECISION] NO_TRADE | Pattern weak (0.36) | Conf: 0.00
2025-12-03 19:39:57 | INFO     | strategies.neural_hybrid | [DECISION] NO_TRADE | Pattern weak (0.36) | Conf: 0.00
2025-12-03 19:39:57 | INFO     | strategies.neural_hybrid | [DECISION] NO_TRADE | Pattern weak (0.37) | Conf: 0.00
2025-12-03 19:39:57 | INFO     | strategies.neural_hybrid | [DECISION] NO_TRADE | Pattern weak (0.38) | Conf: 0.00
2025-12-03 19:39:57 | INFO     | strategies.neural_hybrid | [DECISION] NO_TRADE | Pattern weak (0.38) | Conf: 0.00
2025-12-03 19:39:58 | INFO     | strategies.neural_hybrid | [DECISION] NO_TRADE | Pattern weak (0.37) | Conf: 0.00
2025-12-03 19:39:58 | INFO     | strategies.neural_hybrid | [DECISION] NO_TRADE | Pattern weak (0.36) | Conf: 0.00
2025-12-03 19:39:58 | INFO     | strategies.neural_hybrid | [DECISION] NO_TRADE | Pattern weak (0.35) | Conf: 0.00
2025-12-03 19:39:59 | INFO     | strategies.neural_hybrid | [DECISION] NO_TRADE | Pattern weak (0.35) | Conf: 0.00
2025-12-03 19:39:59 | INFO     | strategies.neural_hybrid | [DECISION] NO_TRADE | Pattern weak (0.36) | Conf: 0.00
2025-12-03 19:39:59 | INFO     | strategies.neural_hybrid | [DECISION] NO_TRADE | Pattern weak (0.35) | Conf: 0.00
2025-12-03 19:39:59 | INFO     | strategies.neural_hybrid | [DECISION] NO_TRADE | Pattern weak (0.36) | Conf: 0.00
2025-12-03 19:40:00 | INFO     | strategies.neural_hybrid | [DECISION] NO_TRADE | Pattern weak (0.36) | Conf: 0.00
2025-12-03 19:40:00 | INFO     | strategies.neural_hybrid | [DECISION] NO_TRADE | Pattern weak (0.36) | Conf: 0.00
2025-12-03 19:40:00 | INFO     | strategies.neural_hybrid | [DECISION] NO_TRADE | Pattern weak (0.36) | Conf: 0.00
2025-12-03 19:40:00 | INFO     | strategies.neural_hybrid | [DECISION] NO_TRADE | Pattern weak (0.36) | Conf: 0.00
2025-12-03 19:40:01 | INFO     | strategies.neural_hybrid | [DECISION] NO_TRADE | Pattern weak (0.36) | Conf: 0.00
2025-12-03 19:40:01 | INFO     | strategies.neural_hybrid | [DECISION] NO_TRADE | Pattern weak (0.36) | Conf: 0.00
2025-12-03 19:40:01 | INFO     | strategies.neural_hybrid | [DECISION] NO_TRADE | Pattern weak (0.35) | Conf: 0.00
2025-12-03 19:40:02 | INFO     | strategies.neural_hybrid | [DECISION] NO_TRADE | Pattern weak (0.36) | Conf: 0.00
2025-12-03 19:40:02 | INFO     | strategies.neural_hybrid | [DECISION] NO_TRADE | Pattern weak (0.35) | Conf: 0.00
2025-12-03 19:40:02 | INFO     | strategies.neural_hybrid | [DECISION] NO_TRADE | Pattern weak (0.36) | Conf: 0.00
2025-12-03 19:40:02 | INFO     | strategies.neural_hybrid | [DECISION] NO_TRADE | Pattern weak (0.35) | Conf: 0.00
2025-12-03 19:40:03 | INFO     | strategies.neural_hybrid | [DECISION] NO_TRADE | Pattern weak (0.33) | Conf: 0.00
2025-12-03 19:40:03 | INFO     | strategies.neural_hybrid | [DECISION] NO_TRADE | Pattern weak (0.32) | Conf: 0.00
2025-12-03 19:40:03 | INFO     | strategies.neural_hybrid | [DECISION] NO_TRADE | Pattern weak (0.34) | Conf: 0.00
2025-12-03 19:40:03 | INFO     | strategies.neural_hybrid | [DECISION] NO_TRADE | Pattern weak (0.34) | Conf: 0.00
2025-12-03 19:40:04 | INFO     | strategies.neural_hybrid | [DECISION] NO_TRADE | Pattern weak (0.34) | Conf: 0.00
2025-12-03 19:40:04 | INFO     | strategies.neural_hybrid | [DECISION] NO_TRADE | Pattern weak (0.33) | Conf: 0.00
2025-12-03 19:40:04 | INFO     | strategies.neural_hybrid | [DECISION] NO_TRADE | Pattern weak (0.35) | Conf: 0.00
2025-12-03 19:40:05 | INFO     | strategies.neural_hybrid | [DECISION] NO_TRADE | Pattern weak (0.36) | Conf: 0.00
2025-12-03 19:40:05 | INFO     | strategies.neural_hybrid | [DECISION] NO_TRADE | Pattern weak (0.35) | Conf: 0.00
2025-12-03 19:40:05 | INFO     | strategies.neural_hybrid | [DECISION] NO_TRADE | Pattern weak (0.35) | Conf: 0.00
2025-12-03 19:40:05 | INFO     | strategies.neural_hybrid | [DECISION] NO_TRADE | Pattern weak (0.36) | Conf: 0.00
2025-12-03 19:40:06 | INFO     | strategies.neural_hybrid | [DECISION] NO_TRADE | Pattern weak (0.36) | Conf: 0.00
2025-12-03 19:40:06 | INFO     | strategies.neural_hybrid | [DECISION] NO_TRADE | Pattern weak (0.36) | Conf: 0.00
2025-12-03 19:40:06 | INFO     | strategies.neural_hybrid | [DECISION] NO_TRADE | Pattern weak (0.35) | Conf: 0.00
2025-12-03 19:40:06 | INFO     | strategies.neural_hybrid | [DECISION] NO_TRADE | Pattern weak (0.36) | Conf: 0.00
2025-12-03 19:40:07 | INFO     | strategies.neural_hybrid | [DECISION] NO_TRADE | Pattern weak (0.37) | Conf: 0.00
2025-12-03 19:40:07 | INFO     | strategies.neural_hybrid | [DECISION] NO_TRADE | Pattern weak (0.36) | Conf: 0.00
2025-12-03 19:40:07 | INFO     | strategies.neural_hybrid | [DECISION] NO_TRADE | Pattern weak (0.36) | Conf: 0.00
2025-12-03 19:40:08 | INFO     | strategies.neural_hybrid | [DECISION] NO_TRADE | Pattern weak (0.36) | Conf: 0.00
2025-12-03 19:40:08 | INFO     | strategies.neural_hybrid | [DECISION] NO_TRADE | Pattern weak (0.37) | Conf: 0.00
2025-12-03 19:40:08 | INFO     | strategies.neural_hybrid | [DECISION] NO_TRADE | Pattern weak (0.37) | Conf: 0.00
2025-12-03 19:40:08 | INFO     | strategies.neural_hybrid | [DECISION] NO_TRADE | Pattern weak (0.36) | Conf: 0.00
2025-12-03 19:40:09 | INFO     | strategies.neural_hybrid | [DECISION] NO_TRADE | Pattern weak (0.35) | Conf: 0.00
2025-12-03 19:40:09 | INFO     | strategies.neural_hybrid | [DECISION] NO_TRADE | Pattern weak (0.36) | Conf: 0.00
2025-12-03 19:40:09 | INFO     | strategies.neural_hybrid | [DECISION] NO_TRADE | Pattern weak (0.35) | Conf: 0.00
2025-12-03 19:40:09 | INFO     | strategies.neural_hybrid | [DECISION] NO_TRADE | Pattern weak (0.34) | Conf: 0.00
2025-12-03 19:40:10 | INFO     | strategies.neural_hybrid | [DECISION] NO_TRADE | Pattern weak (0.35) | Conf: 0.00
2025-12-03 19:40:10 | INFO     | strategies.neural_hybrid | [DECISION] NO_TRADE | Pattern weak (0.35) | Conf: 0.00
2025-12-03 19:40:10 | INFO     | strategies.neural_hybrid | [DECISION] NO_TRADE | Pattern weak (0.36) | Conf: 0.00
2025-12-03 19:40:11 | INFO     | strategies.neural_hybrid | [DECISION] NO_TRADE | Pattern weak (0.36) | Conf: 0.00
2025-12-03 19:40:11 | INFO     | strategies.neural_hybrid | [DECISION] NO_TRADE | Pattern weak (0.36) | Conf: 0.00
2025-12-03 19:40:11 | INFO     | strategies.neural_hybrid | [DECISION] NO_TRADE | Pattern weak (0.35) | Conf: 0.00
2025-12-03 19:40:11 | INFO     | strategies.neural_hybrid | [DECISION] NO_TRADE | Pattern weak (0.35) | Conf: 0.00
2025-12-03 19:40:12 | INFO     | strategies.neural_hybrid | [DECISION] NO_TRADE | Pattern weak (0.35) | Conf: 0.00
2025-12-03 19:40:12 | INFO     | strategies.neural_hybrid | [DECISION] NO_TRADE | Pattern weak (0.36) | Conf: 0.00
2025-12-03 19:40:12 | INFO     | strategies.neural_hybrid | [DECISION] NO_TRADE | Pattern weak (0.36) | Conf: 0.00
2025-12-03 19:40:12 | INFO     | strategies.neural_hybrid | [DECISION] NO_TRADE | Pattern weak (0.36) | Conf: 0.00
2025-12-03 19:40:13 | INFO     | strategies.neural_hybrid | [DECISION] NO_TRADE | Pattern weak (0.37) | Conf: 0.00
2025-12-03 19:40:13 | INFO     | strategies.neural_hybrid | [DECISION] NO_TRADE | Pattern weak (0.37) | Conf: 0.00
2025-12-03 19:40:13 | INFO     | strategies.neural_hybrid | [DECISION] NO_TRADE | Pattern weak (0.36) | Conf: 0.00
2025-12-03 19:40:14 | INFO     | strategies.neural_hybrid | [DECISION] NO_TRADE | Pattern weak (0.36) | Conf: 0.00
2025-12-03 19:40:14 | INFO     | strategies.neural_hybrid | [DECISION] NO_TRADE | Pattern weak (0.36) | Conf: 0.00
2025-12-03 19:40:14 | INFO     | strategies.neural_hybrid | [DECISION] NO_TRADE | Pattern weak (0.36) | Conf: 0.00
2025-12-03 19:40:14 | INFO     | strategies.neural_hybrid | [DECISION] NO_TRADE | Pattern weak (0.36) | Conf: 0.00
2025-12-03 19:40:15 | INFO     | strategies.neural_hybrid | [DECISION] NO_TRADE | Pattern weak (0.36) | Conf: 0.00
2025-12-03 19:40:15 | INFO     | strategies.neural_hybrid | [DECISION] NO_TRADE | Pattern weak (0.35) | Conf: 0.00
2025-12-03 19:40:15 | INFO     | strategies.neural_hybrid | [DECISION] NO_TRADE | Pattern weak (0.35) | Conf: 0.00
2025-12-03 19:40:15 | INFO     | strategies.neural_hybrid | [DECISION] NO_TRADE | Pattern weak (0.35) | Conf: 0.00
2025-12-03 19:40:16 | INFO     | strategies.neural_hybrid | [DECISION] NO_TRADE | Pattern weak (0.36) | Conf: 0.00
2025-12-03 19:40:16 | INFO     | strategies.neural_hybrid | [DECISION] NO_TRADE | Pattern weak (0.35) | Conf: 0.00
2025-12-03 19:40:16 | INFO     | strategies.neural_hybrid | [DECISION] NO_TRADE | Pattern weak (0.35) | Conf: 0.00
2025-12-03 19:40:17 | INFO     | strategies.neural_hybrid | [DECISION] NO_TRADE | Pattern weak (0.36) | Conf: 0.00
2025-12-03 19:40:17 | INFO     | strategies.neural_hybrid | [DECISION] NO_TRADE | Pattern weak (0.37) | Conf: 0.00
2025-12-03 19:40:17 | INFO     | strategies.neural_hybrid | [DECISION] NO_TRADE | Pattern weak (0.37) | Conf: 0.00
2025-12-03 19:40:17 | INFO     | strategies.neural_hybrid | [DECISION] NO_TRADE | Pattern weak (0.38) | Conf: 0.00
2025-12-03 19:40:18 | INFO     | strategies.neural_hybrid | [DECISION] NO_TRADE | Pattern weak (0.37) | Conf: 0.00
2025-12-03 19:40:18 | INFO     | strategies.neural_hybrid | [DECISION] NO_TRADE | Pattern weak (0.37) | Conf: 0.00
2025-12-03 19:40:18 | INFO     | strategies.neural_hybrid | [DECISION] NO_TRADE | Pattern weak (0.37) | Conf: 0.00
2025-12-03 19:40:19 | INFO     | strategies.neural_hybrid | [DECISION] NO_TRADE | Pattern weak (0.37) | Conf: 0.00
2025-12-03 19:40:19 | INFO     | strategies.neural_hybrid | [DECISION] NO_TRADE | Pattern weak (0.36) | Conf: 0.00
2025-12-03 19:40:19 | INFO     | strategies.neural_hybrid | [DECISION] NO_TRADE | Pattern weak (0.36) | Conf: 0.00
2025-12-03 19:40:19 | INFO     | strategies.neural_hybrid | [DECISION] NO_TRADE | Pattern weak (0.36) | Conf: 0.00
2025-12-03 19:40:20 | INFO     | strategies.neural_hybrid | [DECISION] NO_TRADE | Pattern weak (0.36) | Conf: 0.00
2025-12-03 19:40:20 | INFO     | strategies.neural_hybrid | [DECISION] NO_TRADE | Pattern weak (0.36) | Conf: 0.00
2025-12-03 19:40:20 | INFO     | strategies.neural_hybrid | [DECISION] NO_TRADE | Pattern weak (0.36) | Conf: 0.00
2025-12-03 19:40:20 | INFO     | strategies.neural_hybrid | [DECISION] NO_TRADE | Pattern weak (0.36) | Conf: 0.00
2025-12-03 19:40:21 | INFO     | strategies.neural_hybrid | [DECISION] NO_TRADE | Pattern weak (0.36) | Conf: 0.00
2025-12-03 19:40:21 | INFO     | strategies.neural_hybrid | [DECISION] NO_TRADE | Pattern weak (0.36) | Conf: 0.00
2025-12-03 19:40:21 | INFO     | strategies.neural_hybrid | [DECISION] NO_TRADE | Pattern weak (0.36) | Conf: 0.00
2025-12-03 19:40:22 | INFO     | strategies.neural_hybrid | [DECISION] NO_TRADE | Pattern weak (0.36) | Conf: 0.00
2025-12-03 19:40:22 | INFO     | strategies.neural_hybrid | [DECISION] NO_TRADE | Pattern weak (0.35) | Conf: 0.00
2025-12-03 19:40:22 | INFO     | strategies.neural_hybrid | [DECISION] NO_TRADE | Pattern weak (0.33) | Conf: 0.00
2025-12-03 19:40:22 | INFO     | strategies.neural_hybrid | [DECISION] NO_TRADE | Pattern weak (0.33) | Conf: 0.00
2025-12-03 19:40:23 | INFO     | strategies.neural_hybrid | [DECISION] NO_TRADE | Pattern weak (0.33) | Conf: 0.00
2025-12-03 19:40:23 | INFO     | strategies.neural_hybrid | [DECISION] NO_TRADE | Pattern weak (0.34) | Conf: 0.00
2025-12-03 19:40:23 | INFO     | strategies.neural_hybrid | [DECISION] NO_TRADE | Pattern weak (0.35) | Conf: 0.00
2025-12-03 19:40:23 | INFO     | strategies.neural_hybrid | [DECISION] NO_TRADE | Pattern weak (0.33) | Conf: 0.00
2025-12-03 19:40:24 | INFO     | strategies.neural_hybrid | [DECISION] NO_TRADE | Pattern weak (0.34) | Conf: 0.00
2025-12-03 19:40:24 | INFO     | strategies.neural_hybrid | [DECISION] NO_TRADE | Pattern weak (0.34) | Conf: 0.00
2025-12-03 19:40:24 | INFO     | strategies.neural_hybrid | [DECISION] NO_TRADE | Pattern weak (0.35) | Conf: 0.00
2025-12-03 19:40:25 | INFO     | strategies.neural_hybrid | [DECISION] NO_TRADE | Pattern weak (0.35) | Conf: 0.00
2025-12-03 19:40:25 | INFO     | strategies.neural_hybrid | [DECISION] NO_TRADE | Pattern weak (0.35) | Conf: 0.00
2025-12-03 19:40:25 | INFO     | strategies.neural_hybrid | [DECISION] NO_TRADE | Pattern weak (0.35) | Conf: 0.00
2025-12-03 19:40:25 | INFO     | strategies.neural_hybrid | [DECISION] NO_TRADE | Pattern weak (0.36) | Conf: 0.00
2025-12-03 19:40:26 | INFO     | strategies.neural_hybrid | [DECISION] NO_TRADE | Pattern weak (0.36) | Conf: 0.00
2025-12-03 19:40:26 | INFO     | strategies.neural_hybrid | [DECISION] NO_TRADE | Pattern weak (0.37) | Conf: 0.00
2025-12-03 19:40:26 | INFO     | strategies.neural_hybrid | [DECISION] NO_TRADE | Pattern weak (0.36) | Conf: 0.00
2025-12-03 19:40:26 | INFO     | strategies.neural_hybrid | [DECISION] NO_TRADE | Pattern weak (0.37) | Conf: 0.00
2025-12-03 19:40:27 | INFO     | strategies.neural_hybrid | [DECISION] NO_TRADE | Pattern weak (0.37) | Conf: 0.00
2025-12-03 19:40:27 | INFO     | strategies.neural_hybrid | [DECISION] NO_TRADE | Pattern weak (0.36) | Conf: 0.00
2025-12-03 19:40:27 | INFO     | strategies.neural_hybrid | [DECISION] NO_TRADE | Pattern weak (0.36) | Conf: 0.00
2025-12-03 19:40:27 | INFO     | strategies.neural_hybrid | [DECISION] NO_TRADE | Pattern weak (0.36) | Conf: 0.00
2025-12-03 19:40:28 | INFO     | strategies.neural_hybrid | [DECISION] NO_TRADE | Pattern weak (0.37) | Conf: 0.00
2025-12-03 19:40:28 | INFO     | strategies.neural_hybrid | [DECISION] NO_TRADE | Pattern weak (0.36) | Conf: 0.00
2025-12-03 19:40:28 | INFO     | strategies.neural_hybrid | [DECISION] NO_TRADE | Pattern weak (0.35) | Conf: 0.00
2025-12-03 19:40:29 | INFO     | strategies.neural_hybrid | [DECISION] NO_TRADE | Pattern weak (0.34) | Conf: 0.00
2025-12-03 19:40:29 | INFO     | strategies.neural_hybrid | [DECISION] NO_TRADE | Pattern weak (0.35) | Conf: 0.00
2025-12-03 19:40:29 | INFO     | strategies.neural_hybrid | [DECISION] NO_TRADE | Pattern weak (0.36) | Conf: 0.00
2025-12-03 19:40:29 | INFO     | strategies.neural_hybrid | [DECISION] NO_TRADE | Pattern weak (0.35) | Conf: 0.00
2025-12-03 19:40:30 | INFO     | strategies.neural_hybrid | [DECISION] NO_TRADE | Pattern weak (0.35) | Conf: 0.00
2025-12-03 19:40:30 | INFO     | strategies.neural_hybrid | [DECISION] NO_TRADE | Pattern weak (0.36) | Conf: 0.00
2025-12-03 19:40:30 | INFO     | strategies.neural_hybrid | [DECISION] NO_TRADE | Pattern weak (0.34) | Conf: 0.00
2025-12-03 19:40:30 | INFO     | strategies.neural_hybrid | [DECISION] NO_TRADE | Pattern weak (0.34) | Conf: 0.00
2025-12-03 19:40:31 | INFO     | strategies.neural_hybrid | [DECISION] NO_TRADE | Pattern weak (0.35) | Conf: 0.00
2025-12-03 19:40:31 | INFO     | strategies.neural_hybrid | [DECISION] NO_TRADE | Pattern weak (0.35) | Conf: 0.00
2025-12-03 19:40:31 | INFO     | strategies.neural_hybrid | [DECISION] NO_TRADE | Pattern weak (0.36) | Conf: 0.00
2025-12-03 19:40:32 | INFO     | strategies.neural_hybrid | [DECISION] NO_TRADE | Pattern weak (0.35) | Conf: 0.00
2025-12-03 19:40:32 | INFO     | strategies.neural_hybrid | [DECISION] NO_TRADE | Pattern weak (0.35) | Conf: 0.00
2025-12-03 19:40:32 | INFO     | strategies.neural_hybrid | [DECISION] NO_TRADE | Pattern weak (0.35) | Conf: 0.00
2025-12-03 19:40:32 | INFO     | strategies.neural_hybrid | [DECISION] NO_TRADE | Pattern weak (0.37) | Conf: 0.00
2025-12-03 19:40:33 | INFO     | strategies.neural_hybrid | [DECISION] NO_TRADE | Pattern weak (0.36) | Conf: 0.00
2025-12-03 19:40:33 | INFO     | strategies.neural_hybrid | [DECISION] NO_TRADE | Pattern weak (0.36) | Conf: 0.00
2025-12-03 19:40:33 | INFO     | strategies.neural_hybrid | [DECISION] NO_TRADE | Pattern weak (0.36) | Conf: 0.00
2025-12-03 19:40:33 | INFO     | strategies.neural_hybrid | [DECISION] NO_TRADE | Pattern weak (0.36) | Conf: 0.00
2025-12-03 19:40:34 | INFO     | strategies.neural_hybrid | [DECISION] NO_TRADE | Pattern weak (0.36) | Conf: 0.00
2025-12-03 19:40:34 | INFO     | strategies.neural_hybrid | [DECISION] NO_TRADE | Pattern weak (0.36) | Conf: 0.00
2025-12-03 19:40:34 | INFO     | strategies.neural_hybrid | [DECISION] NO_TRADE | Pattern weak (0.36) | Conf: 0.00
2025-12-03 19:40:35 | INFO     | strategies.neural_hybrid | [DECISION] NO_TRADE | Pattern weak (0.35) | Conf: 0.00
2025-12-03 19:40:35 | INFO     | strategies.neural_hybrid | [DECISION] NO_TRADE | Pattern weak (0.35) | Conf: 0.00
2025-12-03 19:40:35 | INFO     | strategies.neural_hybrid | [DECISION] NO_TRADE | Pattern weak (0.35) | Conf: 0.00
2025-12-03 19:40:35 | INFO     | strategies.neural_hybrid | [DECISION] NO_TRADE | Pattern weak (0.34) | Conf: 0.00
2025-12-03 19:40:36 | INFO     | strategies.neural_hybrid | [DECISION] NO_TRADE | Pattern weak (0.34) | Conf: 0.00
2025-12-03 19:40:36 | INFO     | strategies.neural_hybrid | [DECISION] NO_TRADE | Pattern weak (0.35) | Conf: 0.00
2025-12-03 19:40:36 | INFO     | strategies.neural_hybrid | [DECISION] NO_TRADE | Pattern weak (0.34) | Conf: 0.00
2025-12-03 19:40:36 | INFO     | strategies.neural_hybrid | [DECISION] NO_TRADE | Pattern weak (0.34) | Conf: 0.00
2025-12-03 19:40:37 | INFO     | strategies.neural_hybrid | [DECISION] NO_TRADE | Pattern weak (0.35) | Conf: 0.00
2025-12-03 19:40:37 | INFO     | strategies.neural_hybrid | [DECISION] NO_TRADE | Pattern weak (0.35) | Conf: 0.00
2025-12-03 19:40:37 | INFO     | strategies.neural_hybrid | [DECISION] NO_TRADE | Pattern weak (0.35) | Conf: 0.00
2025-12-03 19:40:38 | INFO     | strategies.neural_hybrid | [DECISION] NO_TRADE | Pattern weak (0.35) | Conf: 0.00
2025-12-03 19:40:38 | INFO     | strategies.neural_hybrid | [DECISION] NO_TRADE | Pattern weak (0.36) | Conf: 0.00
2025-12-03 19:40:38 | INFO     | strategies.neural_hybrid | [DECISION] NO_TRADE | Pattern weak (0.36) | Conf: 0.00
2025-12-03 19:40:38 | INFO     | strategies.neural_hybrid | [DECISION] NO_TRADE | Pattern weak (0.36) | Conf: 0.00
2025-12-03 19:40:39 | INFO     | strategies.neural_hybrid | [DECISION] NO_TRADE | Pattern weak (0.36) | Conf: 0.00
2025-12-03 19:40:39 | INFO     | strategies.neural_hybrid | [DECISION] NO_TRADE | Pattern weak (0.35) | Conf: 0.00
2025-12-03 19:40:39 | INFO     | strategies.neural_hybrid | [DECISION] NO_TRADE | Pattern weak (0.37) | Conf: 0.00
2025-12-03 19:40:39 | INFO     | strategies.neural_hybrid | [DECISION] NO_TRADE | Pattern weak (0.37) | Conf: 0.00
2025-12-03 19:40:40 | INFO     | strategies.neural_hybrid | [DECISION] NO_TRADE | Pattern weak (0.36) | Conf: 0.00
2025-12-03 19:40:40 | INFO     | strategies.neural_hybrid | [DECISION] NO_TRADE | Pattern weak (0.36) | Conf: 0.00
2025-12-03 19:40:40 | INFO     | strategies.neural_hybrid | [DECISION] NO_TRADE | Pattern weak (0.36) | Conf: 0.00
2025-12-03 19:40:41 | INFO     | strategies.neural_hybrid | [DECISION] NO_TRADE | Pattern weak (0.36) | Conf: 0.00
2025-12-03 19:40:41 | INFO     | strategies.neural_hybrid | [DECISION] NO_TRADE | Pattern weak (0.37) | Conf: 0.00
2025-12-03 19:40:41 | INFO     | strategies.neural_hybrid | [DECISION] NO_TRADE | Pattern weak (0.36) | Conf: 0.00
2025-12-03 19:40:41 | INFO     | strategies.neural_hybrid | [DECISION] NO_TRADE | Pattern weak (0.37) | Conf: 0.00
2025-12-03 19:40:42 | INFO     | strategies.neural_hybrid | [DECISION] NO_TRADE | Pattern weak (0.37) | Conf: 0.00
2025-12-03 19:40:42 | INFO     | strategies.neural_hybrid | [DECISION] NO_TRADE | Pattern weak (0.38) | Conf: 0.00
2025-12-03 19:40:42 | INFO     | strategies.neural_hybrid | [DECISION] NO_TRADE | Pattern weak (0.37) | Conf: 0.00
2025-12-03 19:40:42 | INFO     | strategies.neural_hybrid | [DECISION] NO_TRADE | Pattern weak (0.37) | Conf: 0.00
2025-12-03 19:40:43 | INFO     | strategies.neural_hybrid | [DECISION] NO_TRADE | Pattern weak (0.38) | Conf: 0.00
2025-12-03 19:40:43 | INFO     | strategies.neural_hybrid | [DECISION] NO_TRADE | Pattern weak (0.38) | Conf: 0.00
2025-12-03 19:40:43 | INFO     | strategies.neural_hybrid | [DECISION] NO_TRADE | Pattern weak (0.38) | Conf: 0.00
2025-12-03 19:40:43 | INFO     | strategies.neural_hybrid | [DECISION] NO_TRADE | Pattern weak (0.38) | Conf: 0.00
2025-12-03 19:40:44 | INFO     | strategies.neural_hybrid | [DECISION] NO_TRADE | Pattern weak (0.38) | Conf: 0.00
2025-12-03 19:40:44 | INFO     | strategies.neural_hybrid | [DECISION] NO_TRADE | Pattern weak (0.38) | Conf: 0.00
2025-12-03 19:40:44 | INFO     | strategies.neural_hybrid | [DECISION] NO_TRADE | Pattern weak (0.37) | Conf: 0.00
2025-12-03 19:40:45 | INFO     | strategies.neural_hybrid | [DECISION] NO_TRADE | Pattern weak (0.37) | Conf: 0.00
2025-12-03 19:40:45 | INFO     | strategies.neural_hybrid | [DECISION] NO_TRADE | Pattern weak (0.37) | Conf: 0.00
2025-12-03 19:40:45 | INFO     | strategies.neural_hybrid | [DECISION] NO_TRADE | Pattern weak (0.37) | Conf: 0.00
2025-12-03 19:40:45 | INFO     | strategies.neural_hybrid | [DECISION] NO_TRADE | Pattern weak (0.37) | Conf: 0.00
2025-12-03 19:40:46 | INFO     | strategies.neural_hybrid | [DECISION] NO_TRADE | Pattern weak (0.36) | Conf: 0.00
2025-12-03 19:40:46 | INFO     | strategies.neural_hybrid | [DECISION] NO_TRADE | Pattern weak (0.36) | Conf: 0.00
2025-12-03 19:40:46 | INFO     | strategies.neural_hybrid | [DECISION] NO_TRADE | Pattern weak (0.36) | Conf: 0.00
2025-12-03 19:40:46 | INFO     | strategies.neural_hybrid | [DECISION] NO_TRADE | Pattern weak (0.36) | Conf: 0.00
2025-12-03 19:40:47 | INFO     | strategies.neural_hybrid | [DECISION] NO_TRADE | Pattern weak (0.37) | Conf: 0.00
2025-12-03 19:40:47 | INFO     | strategies.neural_hybrid | [DECISION] NO_TRADE | Pattern weak (0.38) | Conf: 0.00
2025-12-03 19:40:47 | INFO     | strategies.neural_hybrid | [DECISION] NO_TRADE | Pattern weak (0.37) | Conf: 0.00
2025-12-03 19:40:48 | INFO     | strategies.neural_hybrid | [DECISION] NO_TRADE | Pattern weak (0.36) | Conf: 0.00
2025-12-03 19:40:48 | INFO     | strategies.neural_hybrid | [DECISION] NO_TRADE | Pattern weak (0.36) | Conf: 0.00
2025-12-03 19:40:48 | INFO     | strategies.neural_hybrid | [DECISION] NO_TRADE | Pattern weak (0.36) | Conf: 0.00
2025-12-03 19:40:48 | INFO     | strategies.neural_hybrid | [DECISION] NO_TRADE | Pattern weak (0.36) | Conf: 0.00
2025-12-03 19:40:49 | INFO     | strategies.neural_hybrid | [DECISION] NO_TRADE | Pattern weak (0.35) | Conf: 0.00
2025-12-03 19:40:49 | INFO     | strategies.neural_hybrid | [DECISION] NO_TRADE | Pattern weak (0.36) | Conf: 0.00
2025-12-03 19:40:49 | INFO     | strategies.neural_hybrid | [DECISION] NO_TRADE | Pattern weak (0.38) | Conf: 0.00
2025-12-03 19:40:49 | INFO     | strategies.neural_hybrid | [DECISION] NO_TRADE | Pattern weak (0.38) | Conf: 0.00
2025-12-03 19:40:50 | INFO     | strategies.neural_hybrid | [DECISION] NO_TRADE | Pattern weak (0.38) | Conf: 0.00
2025-12-03 19:40:50 | INFO     | strategies.neural_hybrid | [DECISION] NO_TRADE | Pattern weak (0.35) | Conf: 0.00
2025-12-03 19:40:50 | INFO     | strategies.neural_hybrid | [DECISION] NO_TRADE | Pattern weak (0.35) | Conf: 0.00
2025-12-03 19:40:51 | INFO     | strategies.neural_hybrid | [DECISION] NO_TRADE | Pattern weak (0.36) | Conf: 0.00
2025-12-03 19:40:51 | INFO     | strategies.neural_hybrid | [DECISION] NO_TRADE | Pattern weak (0.35) | Conf: 0.00
2025-12-03 19:40:51 | INFO     | strategies.neural_hybrid | [DECISION] NO_TRADE | Pattern weak (0.35) | Conf: 0.00
2025-12-03 19:40:51 | INFO     | strategies.neural_hybrid | [DECISION] NO_TRADE | Pattern weak (0.36) | Conf: 0.00
2025-12-03 19:40:52 | INFO     | strategies.neural_hybrid | [DECISION] NO_TRADE | Pattern weak (0.35) | Conf: 0.00
2025-12-03 19:40:52 | INFO     | strategies.neural_hybrid | [DECISION] NO_TRADE | Pattern weak (0.36) | Conf: 0.00
2025-12-03 19:40:52 | INFO     | strategies.neural_hybrid | [DECISION] NO_TRADE | Pattern weak (0.35) | Conf: 0.00
2025-12-03 19:40:52 | INFO     | strategies.neural_hybrid | [DECISION] NO_TRADE | Pattern weak (0.36) | Conf: 0.00
2025-12-03 19:40:53 | INFO     | strategies.neural_hybrid | [DECISION] NO_TRADE | Pattern weak (0.36) | Conf: 0.00
2025-12-03 19:40:53 | INFO     | strategies.neural_hybrid | [DECISION] NO_TRADE | Pattern weak (0.37) | Conf: 0.00
2025-12-03 19:40:53 | INFO     | strategies.neural_hybrid | [DECISION] NO_TRADE | Pattern weak (0.36) | Conf: 0.00
2025-12-03 19:40:53 | INFO     | strategies.neural_hybrid | [DECISION] NO_TRADE | Pattern weak (0.36) | Conf: 0.00
2025-12-03 19:40:54 | INFO     | strategies.neural_hybrid | [DECISION] NO_TRADE | Pattern weak (0.36) | Conf: 0.00
2025-12-03 19:40:54 | INFO     | strategies.neural_hybrid | [DECISION] NO_TRADE | Pattern weak (0.36) | Conf: 0.00
2025-12-03 19:40:54 | INFO     | strategies.neural_hybrid | [DECISION] NO_TRADE | Pattern weak (0.36) | Conf: 0.00
2025-12-03 19:40:55 | INFO     | strategies.neural_hybrid | [DECISION] NO_TRADE | Pattern weak (0.36) | Conf: 0.00
2025-12-03 19:40:55 | INFO     | strategies.neural_hybrid | [DECISION] NO_TRADE | Pattern weak (0.37) | Conf: 0.00
2025-12-03 19:40:55 | INFO     | strategies.neural_hybrid | [DECISION] NO_TRADE | Pattern weak (0.37) | Conf: 0.00
2025-12-03 19:40:55 | INFO     | strategies.neural_hybrid | [DECISION] NO_TRADE | Pattern weak (0.37) | Conf: 0.00
2025-12-03 19:40:56 | INFO     | strategies.neural_hybrid | [DECISION] NO_TRADE | Pattern weak (0.37) | Conf: 0.00
2025-12-03 19:40:56 | INFO     | strategies.neural_hybrid | [DECISION] NO_TRADE | Pattern weak (0.37) | Conf: 0.00
2025-12-03 19:40:56 | INFO     | strategies.neural_hybrid | [DECISION] NO_TRADE | Pattern weak (0.37) | Conf: 0.00
2025-12-03 19:40:56 | INFO     | strategies.neural_hybrid | [DECISION] NO_TRADE | Pattern weak (0.37) | Conf: 0.00
2025-12-03 19:40:57 | INFO     | strategies.neural_hybrid | [DECISION] NO_TRADE | Pattern weak (0.36) | Conf: 0.00
2025-12-03 19:40:57 | INFO     | strategies.neural_hybrid | [DECISION] NO_TRADE | Pattern weak (0.37) | Conf: 0.00
2025-12-03 19:40:57 | INFO     | strategies.neural_hybrid | [DECISION] NO_TRADE | Pattern weak (0.37) | Conf: 0.00
2025-12-03 19:40:57 | INFO     | strategies.neural_hybrid | [DECISION] NO_TRADE | Pattern weak (0.37) | Conf: 0.00
2025-12-03 19:40:58 | INFO     | strategies.neural_hybrid | [DECISION] NO_TRADE | Pattern weak (0.37) | Conf: 0.00
2025-12-03 19:40:58 | INFO     | strategies.neural_hybrid | [DECISION] NO_TRADE | Pattern weak (0.37) | Conf: 0.00
2025-12-03 19:40:58 | INFO     | strategies.neural_hybrid | [DECISION] NO_TRADE | Pattern weak (0.37) | Conf: 0.00
2025-12-03 19:40:59 | INFO     | strategies.neural_hybrid | [DECISION] NO_TRADE | Pattern weak (0.37) | Conf: 0.00
2025-12-03 19:40:59 | INFO     | strategies.neural_hybrid | [DECISION] NO_TRADE | Pattern weak (0.37) | Conf: 0.00
2025-12-03 19:40:59 | INFO     | strategies.neural_hybrid | [DECISION] NO_TRADE | Pattern weak (0.36) | Conf: 0.00
2025-12-03 19:40:59 | INFO     | strategies.neural_hybrid | [DECISION] NO_TRADE | Pattern weak (0.36) | Conf: 0.00
2025-12-03 19:41:00 | INFO     | strategies.neural_hybrid | [DECISION] NO_TRADE | Pattern weak (0.36) | Conf: 0.00
2025-12-03 19:41:00 | INFO     | strategies.neural_hybrid | [DECISION] NO_TRADE | Pattern weak (0.36) | Conf: 0.00
2025-12-03 19:41:00 | INFO     | strategies.neural_hybrid | [DECISION] NO_TRADE | Pattern weak (0.36) | Conf: 0.00
2025-12-03 19:41:00 | INFO     | strategies.neural_hybrid | [DECISION] NO_TRADE | Pattern weak (0.36) | Conf: 0.00
2025-12-03 19:41:01 | INFO     | strategies.neural_hybrid | [DECISION] NO_TRADE | Pattern weak (0.37) | Conf: 0.00
2025-12-03 19:41:01 | INFO     | strategies.neural_hybrid | [DECISION] NO_TRADE | Pattern weak (0.37) | Conf: 0.00
2025-12-03 19:41:01 | INFO     | strategies.neural_hybrid | [DECISION] NO_TRADE | Pattern weak (0.37) | Conf: 0.00
2025-12-03 19:41:02 | INFO     | strategies.neural_hybrid | [DECISION] NO_TRADE | Pattern weak (0.37) | Conf: 0.00
2025-12-03 19:41:02 | INFO     | strategies.neural_hybrid | [DECISION] NO_TRADE | Pattern weak (0.37) | Conf: 0.00
2025-12-03 19:41:02 | INFO     | strategies.neural_hybrid | [DECISION] NO_TRADE | Pattern weak (0.37) | Conf: 0.00
2025-12-03 19:41:02 | INFO     | strategies.neural_hybrid | [DECISION] NO_TRADE | Pattern weak (0.37) | Conf: 0.00
2025-12-03 19:41:03 | INFO     | strategies.neural_hybrid | [DECISION] NO_TRADE | Pattern weak (0.38) | Conf: 0.00
2025-12-03 19:41:03 | INFO     | strategies.neural_hybrid | [DECISION] NO_TRADE | Pattern weak (0.38) | Conf: 0.00
2025-12-03 19:41:03 | INFO     | strategies.neural_hybrid | [DECISION] NO_TRADE | Pattern weak (0.38) | Conf: 0.00
2025-12-03 19:41:03 | INFO     | strategies.neural_hybrid | [DECISION] NO_TRADE | Pattern weak (0.37) | Conf: 0.00
2025-12-03 19:41:04 | INFO     | strategies.neural_hybrid | [DECISION] NO_TRADE | Pattern weak (0.37) | Conf: 0.00
2025-12-03 19:41:04 | INFO     | strategies.neural_hybrid | [DECISION] NO_TRADE | Pattern weak (0.37) | Conf: 0.00
2025-12-03 19:41:04 | INFO     | strategies.neural_hybrid | [DECISION] NO_TRADE | Pattern weak (0.37) | Conf: 0.00
2025-12-03 19:41:04 | INFO     | strategies.neural_hybrid | [DECISION] NO_TRADE | Pattern weak (0.36) | Conf: 0.00
2025-12-03 19:41:05 | INFO     | strategies.neural_hybrid | [DECISION] NO_TRADE | Pattern weak (0.36) | Conf: 0.00
2025-12-03 19:41:05 | INFO     | strategies.neural_hybrid | [DECISION] NO_TRADE | Pattern weak (0.36) | Conf: 0.00
2025-12-03 19:41:05 | INFO     | strategies.neural_hybrid | [DECISION] NO_TRADE | Pattern weak (0.37) | Conf: 0.00
2025-12-03 19:41:06 | INFO     | strategies.neural_hybrid | [DECISION] NO_TRADE | Pattern weak (0.37) | Conf: 0.00
2025-12-03 19:41:06 | INFO     | strategies.neural_hybrid | [DECISION] NO_TRADE | Pattern weak (0.37) | Conf: 0.00
2025-12-03 19:41:06 | INFO     | strategies.neural_hybrid | [DECISION] NO_TRADE | Pattern weak (0.37) | Conf: 0.00
2025-12-03 19:41:06 | INFO     | strategies.neural_hybrid | [DECISION] NO_TRADE | Pattern weak (0.37) | Conf: 0.00
2025-12-03 19:41:07 | INFO     | strategies.neural_hybrid | [DECISION] NO_TRADE | Pattern weak (0.37) | Conf: 0.00
2025-12-03 19:41:07 | INFO     | strategies.neural_hybrid | [DECISION] NO_TRADE | Pattern weak (0.37) | Conf: 0.00
2025-12-03 19:41:07 | INFO     | strategies.neural_hybrid | [DECISION] NO_TRADE | Pattern weak (0.38) | Conf: 0.00
2025-12-03 19:41:07 | INFO     | strategies.neural_hybrid | [DECISION] NO_TRADE | Pattern weak (0.38) | Conf: 0.00
2025-12-03 19:41:08 | INFO     | strategies.neural_hybrid | [DECISION] NO_TRADE | Pattern weak (0.38) | Conf: 0.00
2025-12-03 19:41:08 | INFO     | strategies.neural_hybrid | [DECISION] NO_TRADE | Pattern weak (0.37) | Conf: 0.00
2025-12-03 19:41:08 | INFO     | strategies.neural_hybrid | [DECISION] NO_TRADE | Pattern weak (0.37) | Conf: 0.00
2025-12-03 19:41:09 | INFO     | strategies.neural_hybrid | [DECISION] NO_TRADE | Pattern weak (0.38) | Conf: 0.00
2025-12-03 19:41:09 | INFO     | strategies.neural_hybrid | [DECISION] NO_TRADE | Pattern weak (0.38) | Conf: 0.00
2025-12-03 19:41:09 | INFO     | strategies.neural_hybrid | [DECISION] NO_TRADE | Pattern weak (0.38) | Conf: 0.00
2025-12-03 19:41:09 | INFO     | strategies.neural_hybrid | [DECISION] NO_TRADE | Pattern weak (0.38) | Conf: 0.00
2025-12-03 19:41:10 | INFO     | strategies.neural_hybrid | [DECISION] NO_TRADE | Pattern weak (0.38) | Conf: 0.00
2025-12-03 19:41:10 | INFO     | strategies.neural_hybrid | [DECISION] NO_TRADE | Pattern weak (0.38) | Conf: 0.00
2025-12-03 19:41:10 | INFO     | strategies.neural_hybrid | [DECISION] NO_TRADE | Pattern weak (0.37) | Conf: 0.00
2025-12-03 19:41:10 | INFO     | strategies.neural_hybrid | [DECISION] NO_TRADE | Pattern weak (0.37) | Conf: 0.00
2025-12-03 19:41:11 | INFO     | strategies.neural_hybrid | [DECISION] NO_TRADE | Pattern weak (0.37) | Conf: 0.00
2025-12-03 19:41:11 | INFO     | strategies.neural_hybrid | [DECISION] NO_TRADE | Pattern weak (0.36) | Conf: 0.00
2025-12-03 19:41:11 | INFO     | strategies.neural_hybrid | [DECISION] NO_TRADE | Pattern weak (0.36) | Conf: 0.00
2025-12-03 19:41:12 | INFO     | strategies.neural_hybrid | [DECISION] NO_TRADE | Pattern weak (0.36) | Conf: 0.00
2025-12-03 19:41:12 | INFO     | strategies.neural_hybrid | [DECISION] NO_TRADE | Pattern weak (0.37) | Conf: 0.00
2025-12-03 19:41:12 | INFO     | strategies.neural_hybrid | [DECISION] NO_TRADE | Pattern weak (0.36) | Conf: 0.00
2025-12-03 19:41:12 | INFO     | strategies.neural_hybrid | [DECISION] NO_TRADE | Pattern weak (0.38) | Conf: 0.00
2025-12-03 19:41:13 | INFO     | strategies.neural_hybrid | [DECISION] NO_TRADE | Pattern weak (0.37) | Conf: 0.00
2025-12-03 19:41:13 | INFO     | strategies.neural_hybrid | [DECISION] NO_TRADE | Pattern weak (0.37) | Conf: 0.00
2025-12-03 19:41:13 | INFO     | strategies.neural_hybrid | [DECISION] NO_TRADE | Pattern weak (0.37) | Conf: 0.00
2025-12-03 19:41:13 | INFO     | strategies.neural_hybrid | [DECISION] NO_TRADE | Pattern weak (0.38) | Conf: 0.00
2025-12-03 19:41:14 | INFO     | strategies.neural_hybrid | [DECISION] NO_TRADE | Pattern weak (0.37) | Conf: 0.00
2025-12-03 19:41:14 | INFO     | strategies.neural_hybrid | [DECISION] NO_TRADE | Pattern weak (0.37) | Conf: 0.00
2025-12-03 19:41:14 | INFO     | strategies.neural_hybrid | [DECISION] NO_TRADE | Pattern weak (0.37) | Conf: 0.00
2025-12-03 19:41:15 | INFO     | strategies.neural_hybrid | [DECISION] NO_TRADE | Pattern weak (0.37) | Conf: 0.00
2025-12-03 19:41:15 | INFO     | strategies.neural_hybrid | [DECISION] NO_TRADE | Pattern weak (0.37) | Conf: 0.00
2025-12-03 19:41:15 | INFO     | strategies.neural_hybrid | [DECISION] NO_TRADE | Pattern weak (0.38) | Conf: 0.00
2025-12-03 19:41:15 | INFO     | strategies.neural_hybrid | [DECISION] NO_TRADE | Pattern weak (0.38) | Conf: 0.00
2025-12-03 19:41:16 | INFO     | strategies.neural_hybrid | [DECISION] NO_TRADE | Pattern weak (0.38) | Conf: 0.00
2025-12-03 19:41:16 | INFO     | strategies.neural_hybrid | [DECISION] NO_TRADE | Pattern weak (0.35) | Conf: 0.00
2025-12-03 19:41:16 | INFO     | strategies.neural_hybrid | [DECISION] NO_TRADE | Pattern weak (0.34) | Conf: 0.00
2025-12-03 19:41:16 | INFO     | strategies.neural_hybrid | [DECISION] NO_TRADE | Pattern weak (0.35) | Conf: 0.00
2025-12-03 19:41:17 | INFO     | strategies.neural_hybrid | [DECISION] NO_TRADE | Pattern weak (0.36) | Conf: 0.00
2025-12-03 19:41:17 | INFO     | strategies.neural_hybrid | [DECISION] NO_TRADE | Pattern weak (0.35) | Conf: 0.00
2025-12-03 19:41:17 | INFO     | strategies.neural_hybrid | [DECISION] NO_TRADE | Pattern weak (0.35) | Conf: 0.00
2025-12-03 19:41:18 | INFO     | strategies.neural_hybrid | [DECISION] NO_TRADE | Pattern weak (0.35) | Conf: 0.00
2025-12-03 19:41:18 | INFO     | strategies.neural_hybrid | [DECISION] NO_TRADE | Pattern weak (0.36) | Conf: 0.00
2025-12-03 19:41:18 | INFO     | strategies.neural_hybrid | [DECISION] NO_TRADE | Pattern weak (0.36) | Conf: 0.00
2025-12-03 19:41:18 | INFO     | strategies.neural_hybrid | [DECISION] NO_TRADE | Pattern weak (0.36) | Conf: 0.00
2025-12-03 19:41:19 | INFO     | strategies.neural_hybrid | [DECISION] NO_TRADE | Pattern weak (0.36) | Conf: 0.00
2025-12-03 19:41:19 | INFO     | strategies.neural_hybrid | [DECISION] NO_TRADE | Pattern weak (0.37) | Conf: 0.00
2025-12-03 19:41:19 | INFO     | strategies.neural_hybrid | [DECISION] NO_TRADE | Pattern weak (0.36) | Conf: 0.00
2025-12-03 19:41:19 | INFO     | strategies.neural_hybrid | [DECISION] NO_TRADE | Pattern weak (0.36) | Conf: 0.00
2025-12-03 19:41:20 | INFO     | strategies.neural_hybrid | [DECISION] NO_TRADE | Pattern weak (0.37) | Conf: 0.00
2025-12-03 19:41:20 | INFO     | strategies.neural_hybrid | [DECISION] NO_TRADE | Pattern weak (0.37) | Conf: 0.00
2025-12-03 19:41:20 | INFO     | strategies.neural_hybrid | [DECISION] NO_TRADE | Pattern weak (0.36) | Conf: 0.00
2025-12-03 19:41:21 | INFO     | strategies.neural_hybrid | [DECISION] NO_TRADE | Pattern weak (0.36) | Conf: 0.00
2025-12-03 19:41:21 | INFO     | strategies.neural_hybrid | [DECISION] NO_TRADE | Pattern weak (0.36) | Conf: 0.00
2025-12-03 19:41:21 | INFO     | strategies.neural_hybrid | [DECISION] NO_TRADE | Pattern weak (0.36) | Conf: 0.00
2025-12-03 19:41:21 | INFO     | strategies.neural_hybrid | [DECISION] NO_TRADE | Pattern weak (0.36) | Conf: 0.00
2025-12-03 19:41:22 | INFO     | strategies.neural_hybrid | [DECISION] NO_TRADE | Pattern weak (0.36) | Conf: 0.00
2025-12-03 19:41:22 | INFO     | strategies.neural_hybrid | [DECISION] NO_TRADE | Pattern weak (0.38) | Conf: 0.00
2025-12-03 19:41:22 | INFO     | strategies.neural_hybrid | [DECISION] NO_TRADE | Pattern weak (0.38) | Conf: 0.00
2025-12-03 19:41:22 | INFO     | strategies.neural_hybrid | [DECISION] NO_TRADE | Pattern weak (0.37) | Conf: 0.00
2025-12-03 19:41:23 | INFO     | strategies.neural_hybrid | [DECISION] NO_TRADE | Pattern weak (0.35) | Conf: 0.00
2025-12-03 19:41:23 | INFO     | strategies.neural_hybrid | [DECISION] NO_TRADE | Pattern weak (0.35) | Conf: 0.00
2025-12-03 19:41:23 | INFO     | strategies.neural_hybrid | [DECISION] NO_TRADE | Pattern weak (0.36) | Conf: 0.00
2025-12-03 19:41:24 | INFO     | strategies.neural_hybrid | [DECISION] NO_TRADE | Pattern weak (0.36) | Conf: 0.00
2025-12-03 19:41:24 | INFO     | strategies.neural_hybrid | [DECISION] NO_TRADE | Pattern weak (0.35) | Conf: 0.00
2025-12-03 19:41:24 | INFO     | strategies.neural_hybrid | [DECISION] NO_TRADE | Pattern weak (0.35) | Conf: 0.00
2025-12-03 19:41:24 | INFO     | strategies.neural_hybrid | [DECISION] NO_TRADE | Pattern weak (0.36) | Conf: 0.00
2025-12-03 19:41:25 | INFO     | strategies.neural_hybrid | [DECISION] NO_TRADE | Pattern weak (0.35) | Conf: 0.00
2025-12-03 19:41:25 | INFO     | strategies.neural_hybrid | [DECISION] NO_TRADE | Pattern weak (0.36) | Conf: 0.00
2025-12-03 19:41:25 | INFO     | strategies.neural_hybrid | [DECISION] NO_TRADE | Pattern weak (0.36) | Conf: 0.00
2025-12-03 19:41:25 | INFO     | strategies.neural_hybrid | [DECISION] NO_TRADE | Pattern weak (0.36) | Conf: 0.00
2025-12-03 19:41:26 | INFO     | strategies.neural_hybrid | [DECISION] NO_TRADE | Pattern weak (0.36) | Conf: 0.00
2025-12-03 19:41:26 | INFO     | strategies.neural_hybrid | [DECISION] NO_TRADE | Pattern weak (0.36) | Conf: 0.00
2025-12-03 19:41:26 | INFO     | strategies.neural_hybrid | [DECISION] NO_TRADE | Pattern weak (0.35) | Conf: 0.00
2025-12-03 19:41:27 | INFO     | strategies.neural_hybrid | [DECISION] NO_TRADE | Pattern weak (0.35) | Conf: 0.00
2025-12-03 19:41:27 | INFO     | strategies.neural_hybrid | [DECISION] NO_TRADE | Pattern weak (0.35) | Conf: 0.00
2025-12-03 19:41:27 | INFO     | strategies.neural_hybrid | [DECISION] NO_TRADE | Pattern weak (0.34) | Conf: 0.00
2025-12-03 19:41:27 | INFO     | strategies.neural_hybrid | [DECISION] NO_TRADE | Pattern weak (0.34) | Conf: 0.00
2025-12-03 19:41:28 | INFO     | strategies.neural_hybrid | [DECISION] NO_TRADE | Pattern weak (0.35) | Conf: 0.00
2025-12-03 19:41:28 | INFO     | strategies.neural_hybrid | [DECISION] NO_TRADE | Pattern weak (0.34) | Conf: 0.00
2025-12-03 19:41:28 | INFO     | strategies.neural_hybrid | [DECISION] NO_TRADE | Pattern weak (0.34) | Conf: 0.00
2025-12-03 19:41:28 | INFO     | strategies.neural_hybrid | [DECISION] NO_TRADE | Pattern weak (0.34) | Conf: 0.00
2025-12-03 19:41:29 | INFO     | strategies.neural_hybrid | [DECISION] NO_TRADE | Pattern weak (0.34) | Conf: 0.00
2025-12-03 19:41:29 | INFO     | strategies.neural_hybrid | [DECISION] NO_TRADE | Pattern weak (0.36) | Conf: 0.00
2025-12-03 19:41:29 | INFO     | strategies.neural_hybrid | [DECISION] NO_TRADE | Pattern weak (0.35) | Conf: 0.00
2025-12-03 19:41:30 | INFO     | strategies.neural_hybrid | [DECISION] NO_TRADE | Pattern weak (0.34) | Conf: 0.00
2025-12-03 19:41:30 | INFO     | strategies.neural_hybrid | [DECISION] NO_TRADE | Pattern weak (0.35) | Conf: 0.00
2025-12-03 19:41:30 | INFO     | strategies.neural_hybrid | [DECISION] NO_TRADE | Pattern weak (0.36) | Conf: 0.00
2025-12-03 19:41:30 | INFO     | strategies.neural_hybrid | [DECISION] NO_TRADE | Pattern weak (0.36) | Conf: 0.00
2025-12-03 19:41:31 | INFO     | strategies.neural_hybrid | [DECISION] NO_TRADE | Pattern weak (0.35) | Conf: 0.00
2025-12-03 19:41:31 | INFO     | strategies.neural_hybrid | [DECISION] NO_TRADE | Pattern weak (0.35) | Conf: 0.00
2025-12-03 19:41:31 | INFO     | strategies.neural_hybrid | [DECISION] NO_TRADE | Pattern weak (0.36) | Conf: 0.00
2025-12-03 19:41:31 | INFO     | strategies.neural_hybrid | [DECISION] NO_TRADE | Pattern weak (0.36) | Conf: 0.00
2025-12-03 19:41:32 | INFO     | strategies.neural_hybrid | [DECISION] NO_TRADE | Pattern weak (0.36) | Conf: 0.00
2025-12-03 19:41:32 | INFO     | strategies.neural_hybrid | [DECISION] NO_TRADE | Pattern weak (0.37) | Conf: 0.00
2025-12-03 19:41:32 | INFO     | strategies.neural_hybrid | [DECISION] NO_TRADE | Pattern weak (0.37) | Conf: 0.00
2025-12-03 19:41:33 | INFO     | strategies.neural_hybrid | [DECISION] NO_TRADE | Pattern weak (0.37) | Conf: 0.00
2025-12-03 19:41:33 | INFO     | strategies.neural_hybrid | [DECISION] NO_TRADE | Pattern weak (0.36) | Conf: 0.00
2025-12-03 19:41:33 | INFO     | strategies.neural_hybrid | [DECISION] NO_TRADE | Pattern weak (0.37) | Conf: 0.00
2025-12-03 19:41:33 | INFO     | strategies.neural_hybrid | [DECISION] NO_TRADE | Pattern weak (0.37) | Conf: 0.00
2025-12-03 19:41:34 | INFO     | strategies.neural_hybrid | [DECISION] NO_TRADE | Pattern weak (0.36) | Conf: 0.00
2025-12-03 19:41:34 | INFO     | strategies.neural_hybrid | [DECISION] NO_TRADE | Pattern weak (0.36) | Conf: 0.00
2025-12-03 19:41:34 | INFO     | strategies.neural_hybrid | [DECISION] NO_TRADE | Pattern weak (0.36) | Conf: 0.00
2025-12-03 19:41:35 | INFO     | strategies.neural_hybrid | [DECISION] NO_TRADE | Pattern weak (0.36) | Conf: 0.00
2025-12-03 19:41:35 | INFO     | strategies.neural_hybrid | [DECISION] NO_TRADE | Pattern weak (0.36) | Conf: 0.00
2025-12-03 19:41:35 | INFO     | strategies.neural_hybrid | [DECISION] NO_TRADE | Pattern weak (0.37) | Conf: 0.00
2025-12-03 19:41:35 | INFO     | strategies.neural_hybrid | [DECISION] NO_TRADE | Pattern weak (0.38) | Conf: 0.00
2025-12-03 19:41:36 | INFO     | strategies.neural_hybrid | [DECISION] NO_TRADE | Pattern weak (0.38) | Conf: 0.00
2025-12-03 19:41:36 | INFO     | strategies.neural_hybrid | [DECISION] NO_TRADE | Pattern weak (0.37) | Conf: 0.00
2025-12-03 19:41:36 | INFO     | strategies.neural_hybrid | [DECISION] NO_TRADE | Pattern weak (0.36) | Conf: 0.00
2025-12-03 19:41:37 | INFO     | strategies.neural_hybrid | [DECISION] NO_TRADE | Pattern weak (0.36) | Conf: 0.00
2025-12-03 19:41:37 | INFO     | strategies.neural_hybrid | [DECISION] NO_TRADE | Pattern weak (0.36) | Conf: 0.00
2025-12-03 19:41:37 | INFO     | strategies.neural_hybrid | [DECISION] NO_TRADE | Pattern weak (0.37) | Conf: 0.00
2025-12-03 19:41:37 | INFO     | strategies.neural_hybrid | [DECISION] NO_TRADE | Pattern weak (0.36) | Conf: 0.00
2025-12-03 19:41:38 | INFO     | strategies.neural_hybrid | [DECISION] NO_TRADE | Pattern weak (0.36) | Conf: 0.00
2025-12-03 19:41:38 | INFO     | strategies.neural_hybrid | [DECISION] NO_TRADE | Pattern weak (0.36) | Conf: 0.00
2025-12-03 19:41:38 | INFO     | strategies.neural_hybrid | [DECISION] NO_TRADE | Pattern weak (0.36) | Conf: 0.00
2025-12-03 19:41:39 | INFO     | strategies.neural_hybrid | [DECISION] NO_TRADE | Pattern weak (0.36) | Conf: 0.00
2025-12-03 19:41:39 | INFO     | strategies.neural_hybrid | [DECISION] NO_TRADE | Pattern weak (0.36) | Conf: 0.00
2025-12-03 19:41:39 | INFO     | strategies.neural_hybrid | [DECISION] NO_TRADE | Pattern weak (0.36) | Conf: 0.00
2025-12-03 19:41:39 | INFO     | strategies.neural_hybrid | [DECISION] NO_TRADE | Pattern weak (0.36) | Conf: 0.00
2025-12-03 19:41:40 | INFO     | strategies.neural_hybrid | [DECISION] NO_TRADE | Pattern weak (0.37) | Conf: 0.00
2025-12-03 19:41:40 | INFO     | strategies.neural_hybrid | [DECISION] NO_TRADE | Pattern weak (0.37) | Conf: 0.00
2025-12-03 19:41:40 | INFO     | strategies.neural_hybrid | [DECISION] NO_TRADE | Pattern weak (0.37) | Conf: 0.00
2025-12-03 19:41:40 | INFO     | strategies.neural_hybrid | [DECISION] NO_TRADE | Pattern weak (0.37) | Conf: 0.00
2025-12-03 19:41:41 | INFO     | strategies.neural_hybrid | [DECISION] NO_TRADE | Pattern weak (0.37) | Conf: 0.00
2025-12-03 19:41:41 | INFO     | strategies.neural_hybrid | [DECISION] NO_TRADE | Pattern weak (0.37) | Conf: 0.00
2025-12-03 19:41:41 | INFO     | strategies.neural_hybrid | [DECISION] NO_TRADE | Pattern weak (0.37) | Conf: 0.00
2025-12-03 19:41:42 | INFO     | strategies.neural_hybrid | [DECISION] NO_TRADE | Pattern weak (0.38) | Conf: 0.00
2025-12-03 19:41:42 | INFO     | strategies.neural_hybrid | [DECISION] NO_TRADE | Pattern weak (0.38) | Conf: 0.00
2025-12-03 19:41:42 | INFO     | strategies.neural_hybrid | [DECISION] NO_TRADE | Pattern weak (0.37) | Conf: 0.00
2025-12-03 19:41:42 | INFO     | strategies.neural_hybrid | [DECISION] NO_TRADE | Pattern weak (0.37) | Conf: 0.00
2025-12-03 19:41:43 | INFO     | strategies.neural_hybrid | [DECISION] NO_TRADE | Pattern weak (0.35) | Conf: 0.00
2025-12-03 19:41:43 | INFO     | strategies.neural_hybrid | [DECISION] NO_TRADE | Pattern weak (0.35) | Conf: 0.00
2025-12-03 19:41:43 | INFO     | strategies.neural_hybrid | [DECISION] NO_TRADE | Pattern weak (0.36) | Conf: 0.00
2025-12-03 19:41:44 | INFO     | strategies.neural_hybrid | [DECISION] NO_TRADE | Pattern weak (0.36) | Conf: 0.00
2025-12-03 19:41:44 | INFO     | strategies.neural_hybrid | [DECISION] NO_TRADE | Pattern weak (0.36) | Conf: 0.00
2025-12-03 19:41:44 | INFO     | strategies.neural_hybrid | [DECISION] NO_TRADE | Pattern weak (0.36) | Conf: 0.00
2025-12-03 19:41:44 | INFO     | strategies.neural_hybrid | [DECISION] NO_TRADE | Pattern weak (0.36) | Conf: 0.00
2025-12-03 19:41:45 | INFO     | strategies.neural_hybrid | [DECISION] NO_TRADE | Pattern weak (0.36) | Conf: 0.00
2025-12-03 19:41:45 | INFO     | strategies.neural_hybrid | [DECISION] NO_TRADE | Pattern weak (0.36) | Conf: 0.00
2025-12-03 19:41:45 | INFO     | strategies.neural_hybrid | [DECISION] NO_TRADE | Pattern weak (0.37) | Conf: 0.00
2025-12-03 19:41:45 | INFO     | strategies.neural_hybrid | [DECISION] NO_TRADE | Pattern weak (0.37) | Conf: 0.00
2025-12-03 19:41:46 | INFO     | strategies.neural_hybrid | [DECISION] NO_TRADE | Pattern weak (0.36) | Conf: 0.00
2025-12-03 19:41:46 | INFO     | strategies.neural_hybrid | [DECISION] NO_TRADE | Pattern weak (0.36) | Conf: 0.00
2025-12-03 19:41:46 | INFO     | strategies.neural_hybrid | [DECISION] NO_TRADE | Pattern weak (0.37) | Conf: 0.00
2025-12-03 19:41:47 | INFO     | strategies.neural_hybrid | [DECISION] NO_TRADE | Pattern weak (0.36) | Conf: 0.00
2025-12-03 19:41:47 | INFO     | strategies.neural_hybrid | [DECISION] NO_TRADE | Pattern weak (0.36) | Conf: 0.00
2025-12-03 19:41:47 | INFO     | strategies.neural_hybrid | [DECISION] NO_TRADE | Pattern weak (0.35) | Conf: 0.00
2025-12-03 19:41:47 | INFO     | strategies.neural_hybrid | [DECISION] NO_TRADE | Pattern weak (0.36) | Conf: 0.00
2025-12-03 19:41:48 | INFO     | strategies.neural_hybrid | [DECISION] NO_TRADE | Pattern weak (0.35) | Conf: 0.00
2025-12-03 19:41:48 | INFO     | strategies.neural_hybrid | [DECISION] NO_TRADE | Pattern weak (0.36) | Conf: 0.00
2025-12-03 19:41:48 | INFO     | strategies.neural_hybrid | [DECISION] NO_TRADE | Pattern weak (0.36) | Conf: 0.00
2025-12-03 19:41:48 | INFO     | strategies.neural_hybrid | [DECISION] NO_TRADE | Pattern weak (0.36) | Conf: 0.00
2025-12-03 19:41:49 | INFO     | strategies.neural_hybrid | [DECISION] NO_TRADE | Pattern weak (0.35) | Conf: 0.00
2025-12-03 19:41:49 | INFO     | strategies.neural_hybrid | [DECISION] NO_TRADE | Pattern weak (0.34) | Conf: 0.00
2025-12-03 19:41:49 | INFO     | strategies.neural_hybrid | [DECISION] NO_TRADE | Pattern weak (0.34) | Conf: 0.00
2025-12-03 19:41:50 | INFO     | strategies.neural_hybrid | [DECISION] NO_TRADE | Pattern weak (0.35) | Conf: 0.00
2025-12-03 19:41:50 | INFO     | strategies.neural_hybrid | [DECISION] NO_TRADE | Pattern weak (0.35) | Conf: 0.00
2025-12-03 19:41:50 | INFO     | strategies.neural_hybrid | [DECISION] NO_TRADE | Pattern weak (0.35) | Conf: 0.00
2025-12-03 19:41:50 | INFO     | strategies.neural_hybrid | [DECISION] NO_TRADE | Pattern weak (0.35) | Conf: 0.00
2025-12-03 19:41:51 | INFO     | strategies.neural_hybrid | [DECISION] NO_TRADE | Pattern weak (0.35) | Conf: 0.00
2025-12-03 19:41:51 | INFO     | strategies.neural_hybrid | [DECISION] NO_TRADE | Pattern weak (0.35) | Conf: 0.00
2025-12-03 19:41:51 | INFO     | strategies.neural_hybrid | [DECISION] NO_TRADE | Pattern weak (0.35) | Conf: 0.00
2025-12-03 19:41:51 | INFO     | strategies.neural_hybrid | [DECISION] NO_TRADE | Pattern weak (0.35) | Conf: 0.00
2025-12-03 19:41:52 | INFO     | strategies.neural_hybrid | [DECISION] NO_TRADE | Pattern weak (0.35) | Conf: 0.00
2025-12-03 19:41:52 | INFO     | strategies.neural_hybrid | [DECISION] NO_TRADE | Pattern weak (0.36) | Conf: 0.00
2025-12-03 19:41:52 | INFO     | strategies.neural_hybrid | [DECISION] NO_TRADE | Pattern weak (0.36) | Conf: 0.00
2025-12-03 19:41:53 | INFO     | strategies.neural_hybrid | [DECISION] NO_TRADE | Pattern weak (0.35) | Conf: 0.00
2025-12-03 19:41:53 | INFO     | strategies.neural_hybrid | [DECISION] NO_TRADE | Pattern weak (0.36) | Conf: 0.00
2025-12-03 19:41:53 | INFO     | strategies.neural_hybrid | [DECISION] NO_TRADE | Pattern weak (0.36) | Conf: 0.00
2025-12-03 19:41:53 | INFO     | strategies.neural_hybrid | [DECISION] NO_TRADE | Pattern weak (0.37) | Conf: 0.00
2025-12-03 19:41:54 | INFO     | strategies.neural_hybrid | [DECISION] NO_TRADE | Pattern weak (0.36) | Conf: 0.00
2025-12-03 19:41:54 | INFO     | strategies.neural_hybrid | [DECISION] NO_TRADE | Pattern weak (0.35) | Conf: 0.00
2025-12-03 19:41:54 | INFO     | strategies.neural_hybrid | [DECISION] NO_TRADE | Pattern weak (0.35) | Conf: 0.00
2025-12-03 19:41:54 | INFO     | strategies.neural_hybrid | [DECISION] NO_TRADE | Pattern weak (0.36) | Conf: 0.00
2025-12-03 19:41:55 | INFO     | strategies.neural_hybrid | [DECISION] NO_TRADE | Pattern weak (0.37) | Conf: 0.00
2025-12-03 19:41:55 | INFO     | strategies.neural_hybrid | [DECISION] NO_TRADE | Pattern weak (0.38) | Conf: 0.00
2025-12-03 19:41:55 | INFO     | strategies.neural_hybrid | [DECISION] NO_TRADE | Pattern weak (0.38) | Conf: 0.00
2025-12-03 19:41:56 | INFO     | strategies.neural_hybrid | [DECISION] NO_TRADE | Pattern weak (0.38) | Conf: 0.00
2025-12-03 19:41:56 | INFO     | strategies.neural_hybrid | [DECISION] NO_TRADE | Pattern weak (0.37) | Conf: 0.00
2025-12-03 19:41:56 | INFO     | strategies.neural_hybrid | [DECISION] NO_TRADE | Pattern weak (0.37) | Conf: 0.00
2025-12-03 19:41:56 | INFO     | strategies.neural_hybrid | [DECISION] NO_TRADE | Pattern weak (0.37) | Conf: 0.00
2025-12-03 19:41:57 | INFO     | strategies.neural_hybrid | [DECISION] NO_TRADE | Pattern weak (0.36) | Conf: 0.00
2025-12-03 19:41:57 | INFO     | strategies.neural_hybrid | [DECISION] NO_TRADE | Pattern weak (0.37) | Conf: 0.00
2025-12-03 19:41:57 | INFO     | strategies.neural_hybrid | [DECISION] NO_TRADE | Pattern weak (0.35) | Conf: 0.00
2025-12-03 19:41:57 | INFO     | strategies.neural_hybrid | [DECISION] NO_TRADE | Pattern weak (0.35) | Conf: 0.00
2025-12-03 19:41:58 | INFO     | strategies.neural_hybrid | [DECISION] NO_TRADE | Pattern weak (0.36) | Conf: 0.00
2025-12-03 19:41:58 | INFO     | strategies.neural_hybrid | [DECISION] NO_TRADE | Pattern weak (0.36) | Conf: 0.00
2025-12-03 19:41:58 | INFO     | strategies.neural_hybrid | [DECISION] NO_TRADE | Pattern weak (0.36) | Conf: 0.00
2025-12-03 19:41:59 | INFO     | strategies.neural_hybrid | [DECISION] NO_TRADE | Pattern weak (0.35) | Conf: 0.00
2025-12-03 19:41:59 | INFO     | strategies.neural_hybrid | [DECISION] NO_TRADE | Pattern weak (0.36) | Conf: 0.00
2025-12-03 19:41:59 | INFO     | strategies.neural_hybrid | [DECISION] NO_TRADE | Pattern weak (0.36) | Conf: 0.00
2025-12-03 19:41:59 | INFO     | strategies.neural_hybrid | [DECISION] NO_TRADE | Pattern weak (0.35) | Conf: 0.00
2025-12-03 19:42:00 | INFO     | strategies.neural_hybrid | [DECISION] NO_TRADE | Pattern weak (0.35) | Conf: 0.00
2025-12-03 19:42:00 | INFO     | strategies.neural_hybrid | [DECISION] NO_TRADE | Pattern weak (0.35) | Conf: 0.00
2025-12-03 19:42:00 | INFO     | strategies.neural_hybrid | [DECISION] NO_TRADE | Pattern weak (0.35) | Conf: 0.00
2025-12-03 19:42:01 | INFO     | strategies.neural_hybrid | [DECISION] NO_TRADE | Pattern weak (0.35) | Conf: 0.00
2025-12-03 19:42:01 | INFO     | strategies.neural_hybrid | [DECISION] NO_TRADE | Pattern weak (0.34) | Conf: 0.00
2025-12-03 19:42:01 | INFO     | strategies.neural_hybrid | [DECISION] NO_TRADE | Pattern weak (0.36) | Conf: 0.00
2025-12-03 19:42:01 | INFO     | strategies.neural_hybrid | [DECISION] NO_TRADE | Pattern weak (0.36) | Conf: 0.00
2025-12-03 19:42:02 | INFO     | strategies.neural_hybrid | [DECISION] NO_TRADE | Pattern weak (0.36) | Conf: 0.00
2025-12-03 19:42:02 | INFO     | strategies.neural_hybrid | [DECISION] NO_TRADE | Pattern weak (0.36) | Conf: 0.00
2025-12-03 19:42:02 | INFO     | strategies.neural_hybrid | [DECISION] NO_TRADE | Pattern weak (0.36) | Conf: 0.00
2025-12-03 19:42:02 | INFO     | strategies.neural_hybrid | [DECISION] NO_TRADE | Pattern weak (0.35) | Conf: 0.00
2025-12-03 19:42:03 | INFO     | strategies.neural_hybrid | [DECISION] NO_TRADE | Pattern weak (0.35) | Conf: 0.00
2025-12-03 19:42:03 | INFO     | strategies.neural_hybrid | [DECISION] NO_TRADE | Pattern weak (0.36) | Conf: 0.00
2025-12-03 19:42:03 | INFO     | strategies.neural_hybrid | [DECISION] NO_TRADE | Pattern weak (0.36) | Conf: 0.00
2025-12-03 19:42:04 | INFO     | strategies.neural_hybrid | [DECISION] NO_TRADE | Pattern weak (0.36) | Conf: 0.00
2025-12-03 19:42:04 | INFO     | strategies.neural_hybrid | [DECISION] NO_TRADE | Pattern weak (0.36) | Conf: 0.00
2025-12-03 19:42:04 | INFO     | strategies.neural_hybrid | [DECISION] NO_TRADE | Pattern weak (0.36) | Conf: 0.00
2025-12-03 19:42:04 | INFO     | strategies.neural_hybrid | [DECISION] NO_TRADE | Pattern weak (0.36) | Conf: 0.00
2025-12-03 19:42:05 | INFO     | strategies.neural_hybrid | [DECISION] NO_TRADE | Pattern weak (0.36) | Conf: 0.00
2025-12-03 19:42:05 | INFO     | strategies.neural_hybrid | [DECISION] NO_TRADE | Pattern weak (0.35) | Conf: 0.00
2025-12-03 19:42:05 | INFO     | strategies.neural_hybrid | [DECISION] NO_TRADE | Pattern weak (0.36) | Conf: 0.00
2025-12-03 19:42:05 | INFO     | strategies.neural_hybrid | [DECISION] NO_TRADE | Pattern weak (0.36) | Conf: 0.00
2025-12-03 19:42:06 | INFO     | strategies.neural_hybrid | [DECISION] NO_TRADE | Pattern weak (0.37) | Conf: 0.00
2025-12-03 19:42:06 | INFO     | strategies.neural_hybrid | [DECISION] NO_TRADE | Pattern weak (0.37) | Conf: 0.00
2025-12-03 19:42:06 | INFO     | strategies.neural_hybrid | [DECISION] NO_TRADE | Pattern weak (0.37) | Conf: 0.00
2025-12-03 19:42:07 | INFO     | strategies.neural_hybrid | [DECISION] NO_TRADE | Pattern weak (0.38) | Conf: 0.00
2025-12-03 19:42:07 | INFO     | strategies.neural_hybrid | [DECISION] NO_TRADE | Pattern weak (0.38) | Conf: 0.00
2025-12-03 19:42:07 | INFO     | strategies.neural_hybrid | [DECISION] NO_TRADE | Pattern weak (0.37) | Conf: 0.00
2025-12-03 19:42:07 | INFO     | strategies.neural_hybrid | [DECISION] NO_TRADE | Pattern weak (0.36) | Conf: 0.00
2025-12-03 19:42:08 | INFO     | strategies.neural_hybrid | [DECISION] NO_TRADE | Pattern weak (0.35) | Conf: 0.00
2025-12-03 19:42:08 | INFO     | strategies.neural_hybrid | [DECISION] NO_TRADE | Pattern weak (0.34) | Conf: 0.00
2025-12-03 19:42:08 | INFO     | strategies.neural_hybrid | [DECISION] NO_TRADE | Pattern weak (0.34) | Conf: 0.00
2025-12-03 19:42:08 | INFO     | strategies.neural_hybrid | [DECISION] NO_TRADE | Pattern weak (0.33) | Conf: 0.00
2025-12-03 19:42:09 | INFO     | strategies.neural_hybrid | [DECISION] NO_TRADE | Pattern weak (0.34) | Conf: 0.00
2025-12-03 19:42:09 | INFO     | strategies.neural_hybrid | [DECISION] NO_TRADE | Pattern weak (0.36) | Conf: 0.00
2025-12-03 19:42:09 | INFO     | strategies.neural_hybrid | [DECISION] NO_TRADE | Pattern weak (0.35) | Conf: 0.00
2025-12-03 19:42:09 | INFO     | strategies.neural_hybrid | [DECISION] NO_TRADE | Pattern weak (0.35) | Conf: 0.00
2025-12-03 19:42:10 | INFO     | strategies.neural_hybrid | [DECISION] NO_TRADE | Pattern weak (0.34) | Conf: 0.00
2025-12-03 19:42:10 | INFO     | strategies.neural_hybrid | [DECISION] NO_TRADE | Pattern weak (0.36) | Conf: 0.00
2025-12-03 19:42:10 | INFO     | strategies.neural_hybrid | [DECISION] NO_TRADE | Pattern weak (0.36) | Conf: 0.00
2025-12-03 19:42:11 | INFO     | strategies.neural_hybrid | [DECISION] NO_TRADE | Pattern weak (0.36) | Conf: 0.00
2025-12-03 19:42:11 | INFO     | strategies.neural_hybrid | [DECISION] NO_TRADE | Pattern weak (0.36) | Conf: 0.00
2025-12-03 19:42:11 | INFO     | strategies.neural_hybrid | [DECISION] NO_TRADE | Pattern weak (0.35) | Conf: 0.00
2025-12-03 19:42:11 | INFO     | strategies.neural_hybrid | [DECISION] NO_TRADE | Pattern weak (0.36) | Conf: 0.00
2025-12-03 19:42:12 | INFO     | strategies.neural_hybrid | [DECISION] NO_TRADE | Pattern weak (0.36) | Conf: 0.00
2025-12-03 19:42:12 | INFO     | strategies.neural_hybrid | [DECISION] NO_TRADE | Pattern weak (0.36) | Conf: 0.00
2025-12-03 19:42:12 | INFO     | strategies.neural_hybrid | [DECISION] NO_TRADE | Pattern weak (0.36) | Conf: 0.00
2025-12-03 19:42:12 | INFO     | strategies.neural_hybrid | [DECISION] NO_TRADE | Pattern weak (0.36) | Conf: 0.00
2025-12-03 19:42:13 | INFO     | strategies.neural_hybrid | [DECISION] NO_TRADE | Pattern weak (0.36) | Conf: 0.00
2025-12-03 19:42:13 | INFO     | strategies.neural_hybrid | [DECISION] NO_TRADE | Pattern weak (0.36) | Conf: 0.00
2025-12-03 19:42:13 | INFO     | strategies.neural_hybrid | [DECISION] NO_TRADE | Pattern weak (0.35) | Conf: 0.00
2025-12-03 19:42:14 | INFO     | strategies.neural_hybrid | [DECISION] NO_TRADE | Pattern weak (0.34) | Conf: 0.00
2025-12-03 19:42:14 | INFO     | strategies.neural_hybrid | [DECISION] NO_TRADE | Pattern weak (0.35) | Conf: 0.00
2025-12-03 19:42:14 | INFO     | strategies.neural_hybrid | [DECISION] NO_TRADE | Pattern weak (0.32) | Conf: 0.00
2025-12-03 19:42:14 | INFO     | strategies.neural_hybrid | [DECISION] NO_TRADE | Pattern weak (0.34) | Conf: 0.00
2025-12-03 19:42:15 | INFO     | strategies.neural_hybrid | [DECISION] NO_TRADE | Pattern weak (0.33) | Conf: 0.00
2025-12-03 19:42:15 | INFO     | strategies.neural_hybrid | [DECISION] NO_TRADE | Pattern weak (0.33) | Conf: 0.00
2025-12-03 19:42:15 | INFO     | strategies.neural_hybrid | [DECISION] NO_TRADE | Pattern weak (0.33) | Conf: 0.00
2025-12-03 19:42:15 | INFO     | strategies.neural_hybrid | [DECISION] NO_TRADE | Pattern weak (0.34) | Conf: 0.00
2025-12-03 19:42:16 | INFO     | strategies.neural_hybrid | [DECISION] NO_TRADE | Pattern weak (0.34) | Conf: 0.00
2025-12-03 19:42:16 | INFO     | strategies.neural_hybrid | [DECISION] NO_TRADE | Pattern weak (0.35) | Conf: 0.00
2025-12-03 19:42:16 | INFO     | strategies.neural_hybrid | [DECISION] NO_TRADE | Pattern weak (0.35) | Conf: 0.00
2025-12-03 19:42:17 | INFO     | strategies.neural_hybrid | [DECISION] NO_TRADE | Pattern weak (0.35) | Conf: 0.00
2025-12-03 19:42:17 | INFO     | strategies.neural_hybrid | [DECISION] NO_TRADE | Pattern weak (0.35) | Conf: 0.00
2025-12-03 19:42:17 | INFO     | strategies.neural_hybrid | [DECISION] NO_TRADE | Pattern weak (0.34) | Conf: 0.00
2025-12-03 19:42:17 | INFO     | strategies.neural_hybrid | [DECISION] NO_TRADE | Pattern weak (0.34) | Conf: 0.00
2025-12-03 19:42:18 | INFO     | strategies.neural_hybrid | [DECISION] NO_TRADE | Pattern weak (0.35) | Conf: 0.00
2025-12-03 19:42:18 | INFO     | strategies.neural_hybrid | [DECISION] NO_TRADE | Pattern weak (0.35) | Conf: 0.00
2025-12-03 19:42:18 | INFO     | strategies.neural_hybrid | [DECISION] NO_TRADE | Pattern weak (0.35) | Conf: 0.00
2025-12-03 19:42:19 | INFO     | strategies.neural_hybrid | [DECISION] NO_TRADE | Pattern weak (0.35) | Conf: 0.00
2025-12-03 19:42:19 | INFO     | strategies.neural_hybrid | [DECISION] NO_TRADE | Pattern weak (0.36) | Conf: 0.00
2025-12-03 19:42:19 | INFO     | strategies.neural_hybrid | [DECISION] NO_TRADE | Pattern weak (0.35) | Conf: 0.00
2025-12-03 19:42:19 | INFO     | strategies.neural_hybrid | [DECISION] NO_TRADE | Pattern weak (0.35) | Conf: 0.00
2025-12-03 19:42:20 | INFO     | strategies.neural_hybrid | [DECISION] NO_TRADE | Pattern weak (0.34) | Conf: 0.00
2025-12-03 19:42:20 | INFO     | strategies.neural_hybrid | [DECISION] NO_TRADE | Pattern weak (0.33) | Conf: 0.00
2025-12-03 19:42:20 | INFO     | strategies.neural_hybrid | [DECISION] NO_TRADE | Pattern weak (0.33) | Conf: 0.00
2025-12-03 19:42:20 | INFO     | strategies.neural_hybrid | [DECISION] NO_TRADE | Pattern weak (0.33) | Conf: 0.00
2025-12-03 19:42:21 | INFO     | strategies.neural_hybrid | [DECISION] NO_TRADE | Pattern weak (0.33) | Conf: 0.00
2025-12-03 19:42:21 | INFO     | strategies.neural_hybrid | [DECISION] NO_TRADE | Pattern weak (0.34) | Conf: 0.00
2025-12-03 19:42:21 | INFO     | strategies.neural_hybrid | [DECISION] NO_TRADE | Pattern weak (0.34) | Conf: 0.00
2025-12-03 19:42:22 | INFO     | strategies.neural_hybrid | [DECISION] NO_TRADE | Pattern weak (0.34) | Conf: 0.00
2025-12-03 19:42:22 | INFO     | strategies.neural_hybrid | [DECISION] NO_TRADE | Pattern weak (0.34) | Conf: 0.00
2025-12-03 19:42:22 | INFO     | strategies.neural_hybrid | [DECISION] NO_TRADE | Pattern weak (0.35) | Conf: 0.00
2025-12-03 19:42:22 | INFO     | strategies.neural_hybrid | [DECISION] NO_TRADE | Pattern weak (0.35) | Conf: 0.00
2025-12-03 19:42:23 | INFO     | strategies.neural_hybrid | [DECISION] NO_TRADE | Pattern weak (0.35) | Conf: 0.00
2025-12-03 19:42:23 | INFO     | strategies.neural_hybrid | [DECISION] NO_TRADE | Pattern weak (0.35) | Conf: 0.00
2025-12-03 19:42:23 | INFO     | strategies.neural_hybrid | [DECISION] NO_TRADE | Pattern weak (0.34) | Conf: 0.00
2025-12-03 19:42:23 | INFO     | strategies.neural_hybrid | [DECISION] NO_TRADE | Pattern weak (0.35) | Conf: 0.00
2025-12-03 19:42:24 | INFO     | strategies.neural_hybrid | [DECISION] NO_TRADE | Pattern weak (0.35) | Conf: 0.00
2025-12-03 19:42:24 | INFO     | strategies.neural_hybrid | [DECISION] NO_TRADE | Pattern weak (0.35) | Conf: 0.00
2025-12-03 19:42:24 | INFO     | strategies.neural_hybrid | [DECISION] NO_TRADE | Pattern weak (0.36) | Conf: 0.00
2025-12-03 19:42:25 | INFO     | strategies.neural_hybrid | [DECISION] NO_TRADE | Pattern weak (0.36) | Conf: 0.00
2025-12-03 19:42:25 | INFO     | strategies.neural_hybrid | [DECISION] NO_TRADE | Pattern weak (0.36) | Conf: 0.00
2025-12-03 19:42:25 | INFO     | strategies.neural_hybrid | [DECISION] NO_TRADE | Pattern weak (0.37) | Conf: 0.00
2025-12-03 19:42:25 | INFO     | strategies.neural_hybrid | [DECISION] NO_TRADE | Pattern weak (0.36) | Conf: 0.00
2025-12-03 19:42:26 | INFO     | strategies.neural_hybrid | [DECISION] NO_TRADE | Pattern weak (0.36) | Conf: 0.00
2025-12-03 19:42:26 | INFO     | strategies.neural_hybrid | [DECISION] NO_TRADE | Pattern weak (0.37) | Conf: 0.00
2025-12-03 19:42:26 | INFO     | strategies.neural_hybrid | [DECISION] NO_TRADE | Pattern weak (0.37) | Conf: 0.00
2025-12-03 19:42:27 | INFO     | strategies.neural_hybrid | [DECISION] NO_TRADE | Pattern weak (0.37) | Conf: 0.00
2025-12-03 19:42:27 | INFO     | strategies.neural_hybrid | [DECISION] NO_TRADE | Pattern weak (0.37) | Conf: 0.00
2025-12-03 19:42:27 | INFO     | strategies.neural_hybrid | [DECISION] NO_TRADE | Pattern weak (0.38) | Conf: 0.00
2025-12-03 19:42:27 | INFO     | strategies.neural_hybrid | [DECISION] NO_TRADE | Pattern weak (0.37) | Conf: 0.00
2025-12-03 19:42:28 | INFO     | strategies.neural_hybrid | [DECISION] NO_TRADE | Pattern weak (0.37) | Conf: 0.00
2025-12-03 19:42:28 | INFO     | strategies.neural_hybrid | [DECISION] NO_TRADE | Pattern weak (0.37) | Conf: 0.00
2025-12-03 19:42:28 | INFO     | strategies.neural_hybrid | [DECISION] NO_TRADE | Pattern weak (0.37) | Conf: 0.00
2025-12-03 19:42:29 | INFO     | strategies.neural_hybrid | [DECISION] NO_TRADE | Pattern weak (0.35) | Conf: 0.00
2025-12-03 19:42:29 | INFO     | strategies.neural_hybrid | [DECISION] NO_TRADE | Pattern weak (0.35) | Conf: 0.00
2025-12-03 19:42:29 | INFO     | strategies.neural_hybrid | [DECISION] NO_TRADE | Pattern weak (0.35) | Conf: 0.00
2025-12-03 19:42:29 | INFO     | strategies.neural_hybrid | [DECISION] NO_TRADE | Pattern weak (0.36) | Conf: 0.00
2025-12-03 19:42:30 | INFO     | strategies.neural_hybrid | [DECISION] NO_TRADE | Pattern weak (0.36) | Conf: 0.00
2025-12-03 19:42:30 | INFO     | strategies.neural_hybrid | [DECISION] NO_TRADE | Pattern weak (0.36) | Conf: 0.00
2025-12-03 19:42:30 | INFO     | strategies.neural_hybrid | [DECISION] NO_TRADE | Pattern weak (0.35) | Conf: 0.00
2025-12-03 19:42:30 | INFO     | strategies.neural_hybrid | [DECISION] NO_TRADE | Pattern weak (0.38) | Conf: 0.00
2025-12-03 19:42:31 | INFO     | strategies.neural_hybrid | [DECISION] NO_TRADE | Pattern weak (0.37) | Conf: 0.00
2025-12-03 19:42:31 | INFO     | strategies.neural_hybrid | [DECISION] NO_TRADE | Pattern weak (0.36) | Conf: 0.00
2025-12-03 19:42:31 | INFO     | strategies.neural_hybrid | [DECISION] NO_TRADE | Pattern weak (0.36) | Conf: 0.00
2025-12-03 19:42:32 | INFO     | strategies.neural_hybrid | [DECISION] NO_TRADE | Pattern weak (0.36) | Conf: 0.00
2025-12-03 19:42:32 | INFO     | strategies.neural_hybrid | [DECISION] NO_TRADE | Pattern weak (0.36) | Conf: 0.00
2025-12-03 19:42:32 | INFO     | strategies.neural_hybrid | [DECISION] NO_TRADE | Pattern weak (0.36) | Conf: 0.00
2025-12-03 19:42:32 | INFO     | strategies.neural_hybrid | [DECISION] NO_TRADE | Pattern weak (0.36) | Conf: 0.00
2025-12-03 19:42:33 | INFO     | strategies.neural_hybrid | [DECISION] NO_TRADE | Pattern weak (0.36) | Conf: 0.00
2025-12-03 19:42:33 | INFO     | strategies.neural_hybrid | [DECISION] NO_TRADE | Pattern weak (0.35) | Conf: 0.00
2025-12-03 19:42:33 | INFO     | strategies.neural_hybrid | [DECISION] NO_TRADE | Pattern weak (0.34) | Conf: 0.00
2025-12-03 19:42:33 | INFO     | strategies.neural_hybrid | [DECISION] NO_TRADE | Pattern weak (0.35) | Conf: 0.00
2025-12-03 19:42:34 | INFO     | strategies.neural_hybrid | [DECISION] NO_TRADE | Pattern weak (0.35) | Conf: 0.00
2025-12-03 19:42:34 | INFO     | strategies.neural_hybrid | [DECISION] NO_TRADE | Pattern weak (0.35) | Conf: 0.00
2025-12-03 19:42:34 | INFO     | strategies.neural_hybrid | [DECISION] NO_TRADE | Pattern weak (0.36) | Conf: 0.00
2025-12-03 19:42:35 | INFO     | strategies.neural_hybrid | [DECISION] NO_TRADE | Pattern weak (0.35) | Conf: 0.00
2025-12-03 19:42:35 | INFO     | strategies.neural_hybrid | [DECISION] NO_TRADE | Pattern weak (0.35) | Conf: 0.00
2025-12-03 19:42:35 | INFO     | strategies.neural_hybrid | [DECISION] NO_TRADE | Pattern weak (0.36) | Conf: 0.00
2025-12-03 19:42:35 | INFO     | strategies.neural_hybrid | [DECISION] NO_TRADE | Pattern weak (0.36) | Conf: 0.00
2025-12-03 19:42:36 | INFO     | strategies.neural_hybrid | [DECISION] NO_TRADE | Pattern weak (0.36) | Conf: 0.00
2025-12-03 19:42:36 | INFO     | strategies.neural_hybrid | [DECISION] NO_TRADE | Pattern weak (0.36) | Conf: 0.00
2025-12-03 19:42:36 | INFO     | strategies.neural_hybrid | [DECISION] NO_TRADE | Pattern weak (0.35) | Conf: 0.00
2025-12-03 19:42:37 | INFO     | strategies.neural_hybrid | [DECISION] NO_TRADE | Pattern weak (0.36) | Conf: 0.00
2025-12-03 19:42:37 | INFO     | strategies.neural_hybrid | [DECISION] NO_TRADE | Pattern weak (0.35) | Conf: 0.00
2025-12-03 19:42:37 | INFO     | strategies.neural_hybrid | [DECISION] NO_TRADE | Pattern weak (0.36) | Conf: 0.00
2025-12-03 19:42:37 | INFO     | strategies.neural_hybrid | [DECISION] NO_TRADE | Pattern weak (0.35) | Conf: 0.00
2025-12-03 19:42:38 | INFO     | strategies.neural_hybrid | [DECISION] NO_TRADE | Pattern weak (0.36) | Conf: 0.00
2025-12-03 19:42:38 | INFO     | strategies.neural_hybrid | [DECISION] NO_TRADE | Pattern weak (0.36) | Conf: 0.00
2025-12-03 19:42:38 | INFO     | strategies.neural_hybrid | [DECISION] NO_TRADE | Pattern weak (0.36) | Conf: 0.00
2025-12-03 19:42:38 | INFO     | strategies.neural_hybrid | [DECISION] NO_TRADE | Pattern weak (0.36) | Conf: 0.00
2025-12-03 19:42:39 | INFO     | strategies.neural_hybrid | [DECISION] NO_TRADE | Pattern weak (0.37) | Conf: 0.00
2025-12-03 19:42:39 | INFO     | strategies.neural_hybrid | [DECISION] NO_TRADE | Pattern weak (0.36) | Conf: 0.00
2025-12-03 19:42:39 | INFO     | strategies.neural_hybrid | [DECISION] NO_TRADE | Pattern weak (0.35) | Conf: 0.00
2025-12-03 19:42:40 | INFO     | strategies.neural_hybrid | [DECISION] NO_TRADE | Pattern weak (0.36) | Conf: 0.00
2025-12-03 19:42:40 | INFO     | strategies.neural_hybrid | [DECISION] NO_TRADE | Pattern weak (0.36) | Conf: 0.00
2025-12-03 19:42:40 | INFO     | strategies.neural_hybrid | [DECISION] NO_TRADE | Pattern weak (0.35) | Conf: 0.00
2025-12-03 19:42:40 | INFO     | strategies.neural_hybrid | [DECISION] NO_TRADE | Pattern weak (0.35) | Conf: 0.00
2025-12-03 19:42:41 | INFO     | strategies.neural_hybrid | [DECISION] NO_TRADE | Pattern weak (0.35) | Conf: 0.00
2025-12-03 19:42:41 | INFO     | strategies.neural_hybrid | [DECISION] NO_TRADE | Pattern weak (0.36) | Conf: 0.00
2025-12-03 19:42:41 | INFO     | strategies.neural_hybrid | [DECISION] NO_TRADE | Pattern weak (0.37) | Conf: 0.00
2025-12-03 19:42:41 | INFO     | strategies.neural_hybrid | [DECISION] NO_TRADE | Pattern weak (0.37) | Conf: 0.00
2025-12-03 19:42:42 | INFO     | strategies.neural_hybrid | [DECISION] NO_TRADE | Pattern weak (0.37) | Conf: 0.00
2025-12-03 19:42:42 | INFO     | strategies.neural_hybrid | [DECISION] NO_TRADE | Pattern weak (0.38) | Conf: 0.00
2025-12-03 19:42:42 | INFO     | strategies.neural_hybrid | [DECISION] NO_TRADE | Pattern weak (0.38) | Conf: 0.00
2025-12-03 19:42:42 | INFO     | strategies.neural_hybrid | [DECISION] NO_TRADE | Pattern weak (0.38) | Conf: 0.00
2025-12-03 19:42:43 | INFO     | strategies.neural_hybrid | [DECISION] NO_TRADE | Pattern weak (0.37) | Conf: 0.00
2025-12-03 19:42:43 | INFO     | strategies.neural_hybrid | [DECISION] NO_TRADE | Pattern weak (0.36) | Conf: 0.00
2025-12-03 19:42:43 | INFO     | strategies.neural_hybrid | [DECISION] NO_TRADE | Pattern weak (0.37) | Conf: 0.00
2025-12-03 19:42:44 | INFO     | strategies.neural_hybrid | [DECISION] NO_TRADE | Pattern weak (0.36) | Conf: 0.00
2025-12-03 19:42:44 | INFO     | strategies.neural_hybrid | [DECISION] NO_TRADE | Pattern weak (0.36) | Conf: 0.00
2025-12-03 19:42:44 | INFO     | strategies.neural_hybrid | [DECISION] NO_TRADE | Pattern weak (0.37) | Conf: 0.00
2025-12-03 19:42:44 | INFO     | strategies.neural_hybrid | [DECISION] NO_TRADE | Pattern weak (0.36) | Conf: 0.00
2025-12-03 19:42:45 | INFO     | strategies.neural_hybrid | [DECISION] NO_TRADE | Pattern weak (0.37) | Conf: 0.00
2025-12-03 19:42:45 | INFO     | strategies.neural_hybrid | [DECISION] NO_TRADE | Pattern weak (0.36) | Conf: 0.00
2025-12-03 19:42:45 | INFO     | strategies.neural_hybrid | [DECISION] NO_TRADE | Pattern weak (0.36) | Conf: 0.00
2025-12-03 19:42:45 | INFO     | strategies.neural_hybrid | [DECISION] NO_TRADE | Pattern weak (0.36) | Conf: 0.00
2025-12-03 19:42:46 | INFO     | strategies.neural_hybrid | [DECISION] NO_TRADE | Pattern weak (0.37) | Conf: 0.00
2025-12-03 19:42:46 | INFO     | strategies.neural_hybrid | [DECISION] NO_TRADE | Pattern weak (0.37) | Conf: 0.00
2025-12-03 19:42:46 | INFO     | strategies.neural_hybrid | [DECISION] NO_TRADE | Pattern weak (0.36) | Conf: 0.00
2025-12-03 19:42:47 | INFO     | strategies.neural_hybrid | [DECISION] NO_TRADE | Pattern weak (0.36) | Conf: 0.00
2025-12-03 19:42:47 | INFO     | strategies.neural_hybrid | [DECISION] NO_TRADE | Pattern weak (0.36) | Conf: 0.00
2025-12-03 19:42:47 | INFO     | strategies.neural_hybrid | [DECISION] NO_TRADE | Pattern weak (0.37) | Conf: 0.00
2025-12-03 19:42:47 | INFO     | strategies.neural_hybrid | [DECISION] NO_TRADE | Pattern weak (0.37) | Conf: 0.00
2025-12-03 19:42:48 | INFO     | strategies.neural_hybrid | [DECISION] NO_TRADE | Pattern weak (0.37) | Conf: 0.00
2025-12-03 19:42:48 | INFO     | strategies.neural_hybrid | [DECISION] NO_TRADE | Pattern weak (0.38) | Conf: 0.00
2025-12-03 19:42:48 | INFO     | strategies.neural_hybrid | [DECISION] NO_TRADE | Pattern weak (0.37) | Conf: 0.00
2025-12-03 19:42:48 | INFO     | strategies.neural_hybrid | [DECISION] NO_TRADE | Pattern weak (0.37) | Conf: 0.00
2025-12-03 19:42:49 | INFO     | strategies.neural_hybrid | [DECISION] NO_TRADE | Pattern weak (0.37) | Conf: 0.00
2025-12-03 19:42:49 | INFO     | strategies.neural_hybrid | [DECISION] NO_TRADE | Pattern weak (0.38) | Conf: 0.00
2025-12-03 19:42:49 | INFO     | strategies.neural_hybrid | [DECISION] NO_TRADE | Pattern weak (0.38) | Conf: 0.00
2025-12-03 19:42:49 | INFO     | strategies.neural_hybrid | [DECISION] NO_TRADE | Pattern weak (0.37) | Conf: 0.00
2025-12-03 19:42:50 | INFO     | strategies.neural_hybrid | [DECISION] NO_TRADE | Pattern weak (0.36) | Conf: 0.00
2025-12-03 19:42:50 | INFO     | strategies.neural_hybrid | [DECISION] NO_TRADE | Pattern weak (0.36) | Conf: 0.00
2025-12-03 19:42:50 | INFO     | strategies.neural_hybrid | [DECISION] NO_TRADE | Pattern weak (0.36) | Conf: 0.00
2025-12-03 19:42:51 | INFO     | strategies.neural_hybrid | [DECISION] NO_TRADE | Pattern weak (0.36) | Conf: 0.00
2025-12-03 19:42:51 | INFO     | strategies.neural_hybrid | [DECISION] NO_TRADE | Pattern weak (0.36) | Conf: 0.00
2025-12-03 19:42:51 | INFO     | strategies.neural_hybrid | [DECISION] NO_TRADE | Pattern weak (0.37) | Conf: 0.00
2025-12-03 19:42:51 | INFO     | strategies.neural_hybrid | [DECISION] NO_TRADE | Pattern weak (0.36) | Conf: 0.00
2025-12-03 19:42:52 | INFO     | strategies.neural_hybrid | [DECISION] NO_TRADE | Pattern weak (0.36) | Conf: 0.00
2025-12-03 19:42:52 | INFO     | strategies.neural_hybrid | [DECISION] NO_TRADE | Pattern weak (0.37) | Conf: 0.00
2025-12-03 19:42:52 | INFO     | strategies.neural_hybrid | [DECISION] NO_TRADE | Pattern weak (0.37) | Conf: 0.00
2025-12-03 19:42:52 | INFO     | strategies.neural_hybrid | [DECISION] NO_TRADE | Pattern weak (0.37) | Conf: 0.00
2025-12-03 19:42:53 | INFO     | strategies.neural_hybrid | [DECISION] NO_TRADE | Pattern weak (0.38) | Conf: 0.00
2025-12-03 19:42:53 | INFO     | strategies.neural_hybrid | [DECISION] NO_TRADE | Pattern weak (0.37) | Conf: 0.00
2025-12-03 19:42:53 | INFO     | strategies.neural_hybrid | [DECISION] NO_TRADE | Pattern weak (0.37) | Conf: 0.00
2025-12-03 19:42:53 | INFO     | strategies.neural_hybrid | [DECISION] NO_TRADE | Pattern weak (0.37) | Conf: 0.00
2025-12-03 19:42:54 | INFO     | strategies.neural_hybrid | [DECISION] NO_TRADE | Pattern weak (0.37) | Conf: 0.00
2025-12-03 19:42:54 | INFO     | strategies.neural_hybrid | [DECISION] NO_TRADE | Pattern weak (0.37) | Conf: 0.00
2025-12-03 19:42:54 | INFO     | strategies.neural_hybrid | [DECISION] NO_TRADE | Pattern weak (0.37) | Conf: 0.00
2025-12-03 19:42:55 | INFO     | strategies.neural_hybrid | [DECISION] NO_TRADE | Pattern weak (0.36) | Conf: 0.00
2025-12-03 19:42:55 | INFO     | strategies.neural_hybrid | [DECISION] NO_TRADE | Pattern weak (0.36) | Conf: 0.00
2025-12-03 19:42:55 | INFO     | strategies.neural_hybrid | [DECISION] NO_TRADE | Pattern weak (0.36) | Conf: 0.00
2025-12-03 19:42:55 | INFO     | strategies.neural_hybrid | [DECISION] NO_TRADE | Pattern weak (0.36) | Conf: 0.00
2025-12-03 19:42:56 | INFO     | strategies.neural_hybrid | [DECISION] NO_TRADE | Pattern weak (0.36) | Conf: 0.00
2025-12-03 19:42:56 | INFO     | strategies.neural_hybrid | [DECISION] NO_TRADE | Pattern weak (0.37) | Conf: 0.00
2025-12-03 19:42:56 | INFO     | strategies.neural_hybrid | [DECISION] NO_TRADE | Pattern weak (0.36) | Conf: 0.00
2025-12-03 19:42:56 | INFO     | strategies.neural_hybrid | [DECISION] NO_TRADE | Pattern weak (0.36) | Conf: 0.00
2025-12-03 19:42:57 | INFO     | strategies.neural_hybrid | [DECISION] NO_TRADE | Pattern weak (0.37) | Conf: 0.00
2025-12-03 19:42:57 | INFO     | strategies.neural_hybrid | [DECISION] NO_TRADE | Pattern weak (0.36) | Conf: 0.00
2025-12-03 19:42:57 | INFO     | strategies.neural_hybrid | [DECISION] NO_TRADE | Pattern weak (0.36) | Conf: 0.00
2025-12-03 19:42:57 | INFO     | strategies.neural_hybrid | [DECISION] NO_TRADE | Pattern weak (0.35) | Conf: 0.00
2025-12-03 19:42:58 | INFO     | strategies.neural_hybrid | [DECISION] NO_TRADE | Pattern weak (0.36) | Conf: 0.00
2025-12-03 19:42:58 | INFO     | strategies.neural_hybrid | [DECISION] NO_TRADE | Pattern weak (0.36) | Conf: 0.00
2025-12-03 19:42:58 | INFO     | strategies.neural_hybrid | [DECISION] NO_TRADE | Pattern weak (0.36) | Conf: 0.00
2025-12-03 19:42:59 | INFO     | strategies.neural_hybrid | [DECISION] NO_TRADE | Pattern weak (0.36) | Conf: 0.00
2025-12-03 19:42:59 | INFO     | strategies.neural_hybrid | [DECISION] NO_TRADE | Pattern weak (0.36) | Conf: 0.00
2025-12-03 19:42:59 | INFO     | strategies.neural_hybrid | [DECISION] NO_TRADE | Pattern weak (0.36) | Conf: 0.00
2025-12-03 19:42:59 | INFO     | strategies.neural_hybrid | [DECISION] NO_TRADE | Pattern weak (0.36) | Conf: 0.00
2025-12-03 19:43:00 | INFO     | strategies.neural_hybrid | [DECISION] NO_TRADE | Pattern weak (0.36) | Conf: 0.00
2025-12-03 19:43:00 | INFO     | strategies.neural_hybrid | [DECISION] NO_TRADE | Pattern weak (0.35) | Conf: 0.00
2025-12-03 19:43:00 | INFO     | strategies.neural_hybrid | [DECISION] NO_TRADE | Pattern weak (0.36) | Conf: 0.00
2025-12-03 19:43:00 | INFO     | strategies.neural_hybrid | [DECISION] NO_TRADE | Pattern weak (0.36) | Conf: 0.00
2025-12-03 19:43:01 | INFO     | strategies.neural_hybrid | [DECISION] NO_TRADE | Pattern weak (0.36) | Conf: 0.00
2025-12-03 19:43:01 | INFO     | strategies.neural_hybrid | [DECISION] NO_TRADE | Pattern weak (0.35) | Conf: 0.00
2025-12-03 19:43:01 | INFO     | strategies.neural_hybrid | [DECISION] NO_TRADE | Pattern weak (0.35) | Conf: 0.00
2025-12-03 19:43:02 | INFO     | strategies.neural_hybrid | [DECISION] NO_TRADE | Pattern weak (0.35) | Conf: 0.00
2025-12-03 19:43:02 | INFO     | strategies.neural_hybrid | [DECISION] NO_TRADE | Pattern weak (0.35) | Conf: 0.00
2025-12-03 19:43:02 | INFO     | strategies.neural_hybrid | [DECISION] NO_TRADE | Pattern weak (0.35) | Conf: 0.00
2025-12-03 19:43:02 | INFO     | strategies.neural_hybrid | [DECISION] NO_TRADE | Pattern weak (0.36) | Conf: 0.00
2025-12-03 19:43:03 | INFO     | strategies.neural_hybrid | [DECISION] NO_TRADE | Pattern weak (0.36) | Conf: 0.00
2025-12-03 19:43:03 | INFO     | strategies.neural_hybrid | [DECISION] NO_TRADE | Pattern weak (0.37) | Conf: 0.00
2025-12-03 19:43:03 | INFO     | strategies.neural_hybrid | [DECISION] NO_TRADE | Pattern weak (0.36) | Conf: 0.00
2025-12-03 19:43:03 | INFO     | strategies.neural_hybrid | [DECISION] NO_TRADE | Pattern weak (0.36) | Conf: 0.00
2025-12-03 19:43:04 | INFO     | strategies.neural_hybrid | [DECISION] NO_TRADE | Pattern weak (0.36) | Conf: 0.00
2025-12-03 19:43:04 | INFO     | strategies.neural_hybrid | [DECISION] NO_TRADE | Pattern weak (0.35) | Conf: 0.00
2025-12-03 19:43:04 | INFO     | strategies.neural_hybrid | [DECISION] NO_TRADE | Pattern weak (0.36) | Conf: 0.00
2025-12-03 19:43:04 | INFO     | strategies.neural_hybrid | [DECISION] NO_TRADE | Pattern weak (0.36) | Conf: 0.00
2025-12-03 19:43:05 | INFO     | strategies.neural_hybrid | [DECISION] NO_TRADE | Pattern weak (0.36) | Conf: 0.00
2025-12-03 19:43:05 | INFO     | strategies.neural_hybrid | [DECISION] NO_TRADE | Pattern weak (0.37) | Conf: 0.00
2025-12-03 19:43:05 | INFO     | strategies.neural_hybrid | [DECISION] NO_TRADE | Pattern weak (0.38) | Conf: 0.00
2025-12-03 19:43:06 | INFO     | strategies.neural_hybrid | [DECISION] NO_TRADE | Pattern weak (0.38) | Conf: 0.00
2025-12-03 19:43:06 | INFO     | strategies.neural_hybrid | [DECISION] NO_TRADE | Pattern weak (0.38) | Conf: 0.00
2025-12-03 19:43:06 | INFO     | strategies.neural_hybrid | [DECISION] NO_TRADE | Pattern weak (0.38) | Conf: 0.00
2025-12-03 19:43:06 | INFO     | strategies.neural_hybrid | [DECISION] NO_TRADE | Pattern weak (0.38) | Conf: 0.00
2025-12-03 19:43:07 | INFO     | strategies.neural_hybrid | [DECISION] NO_TRADE | Pattern weak (0.38) | Conf: 0.00
2025-12-03 19:43:07 | INFO     | strategies.neural_hybrid | [DECISION] NO_TRADE | Pattern weak (0.39) | Conf: 0.00
2025-12-03 19:43:07 | INFO     | strategies.neural_hybrid | [DECISION] NO_TRADE | Pattern weak (0.38) | Conf: 0.00
2025-12-03 19:43:07 | INFO     | strategies.neural_hybrid | [DECISION] NO_TRADE | Pattern weak (0.38) | Conf: 0.00
2025-12-03 19:43:08 | INFO     | strategies.neural_hybrid | [DECISION] NO_TRADE | Pattern weak (0.36) | Conf: 0.00
2025-12-03 19:43:08 | INFO     | strategies.neural_hybrid | [DECISION] NO_TRADE | Pattern weak (0.35) | Conf: 0.00
2025-12-03 19:43:08 | INFO     | strategies.neural_hybrid | [DECISION] NO_TRADE | Pattern weak (0.36) | Conf: 0.00
2025-12-03 19:43:08 | INFO     | strategies.neural_hybrid | [DECISION] NO_TRADE | Pattern weak (0.34) | Conf: 0.00
2025-12-03 19:43:09 | INFO     | strategies.neural_hybrid | [DECISION] NO_TRADE | Pattern weak (0.35) | Conf: 0.00
2025-12-03 19:43:09 | INFO     | strategies.neural_hybrid | [DECISION] NO_TRADE | Pattern weak (0.35) | Conf: 0.00
2025-12-03 19:43:09 | INFO     | strategies.neural_hybrid | [DECISION] NO_TRADE | Pattern weak (0.36) | Conf: 0.00
2025-12-03 19:43:10 | INFO     | strategies.neural_hybrid | [DECISION] NO_TRADE | Pattern weak (0.36) | Conf: 0.00
2025-12-03 19:43:10 | INFO     | strategies.neural_hybrid | [DECISION] NO_TRADE | Pattern weak (0.36) | Conf: 0.00
2025-12-03 19:43:10 | INFO     | strategies.neural_hybrid | [DECISION] NO_TRADE | Pattern weak (0.36) | Conf: 0.00
2025-12-03 19:43:10 | INFO     | strategies.neural_hybrid | [DECISION] NO_TRADE | Pattern weak (0.36) | Conf: 0.00
2025-12-03 19:43:11 | INFO     | strategies.neural_hybrid | [DECISION] NO_TRADE | Pattern weak (0.36) | Conf: 0.00
2025-12-03 19:43:11 | INFO     | strategies.neural_hybrid | [DECISION] NO_TRADE | Pattern weak (0.35) | Conf: 0.00
2025-12-03 19:43:11 | INFO     | strategies.neural_hybrid | [DECISION] NO_TRADE | Pattern weak (0.35) | Conf: 0.00
2025-12-03 19:43:11 | INFO     | strategies.neural_hybrid | [DECISION] NO_TRADE | Pattern weak (0.36) | Conf: 0.00
2025-12-03 19:43:12 | INFO     | strategies.neural_hybrid | [DECISION] NO_TRADE | Pattern weak (0.37) | Conf: 0.00
2025-12-03 19:43:12 | INFO     | strategies.neural_hybrid | [DECISION] NO_TRADE | Pattern weak (0.35) | Conf: 0.00
2025-12-03 19:43:12 | INFO     | strategies.neural_hybrid | [DECISION] NO_TRADE | Pattern weak (0.34) | Conf: 0.00
2025-12-03 19:43:13 | INFO     | strategies.neural_hybrid | [DECISION] NO_TRADE | Pattern weak (0.35) | Conf: 0.00
2025-12-03 19:43:13 | INFO     | strategies.neural_hybrid | [DECISION] NO_TRADE | Pattern weak (0.36) | Conf: 0.00
2025-12-03 19:43:13 | INFO     | strategies.neural_hybrid | [DECISION] NO_TRADE | Pattern weak (0.35) | Conf: 0.00
2025-12-03 19:43:13 | INFO     | strategies.neural_hybrid | [DECISION] NO_TRADE | Pattern weak (0.33) | Conf: 0.00
2025-12-03 19:43:14 | INFO     | strategies.neural_hybrid | [DECISION] NO_TRADE | Pattern weak (0.35) | Conf: 0.00
2025-12-03 19:43:14 | INFO     | strategies.neural_hybrid | [DECISION] NO_TRADE | Pattern weak (0.34) | Conf: 0.00
2025-12-03 19:43:14 | INFO     | strategies.neural_hybrid | [DECISION] NO_TRADE | Pattern weak (0.35) | Conf: 0.00
2025-12-03 19:43:14 | INFO     | strategies.neural_hybrid | [DECISION] NO_TRADE | Pattern weak (0.35) | Conf: 0.00
2025-12-03 19:43:15 | INFO     | strategies.neural_hybrid | [DECISION] NO_TRADE | Pattern weak (0.36) | Conf: 0.00
2025-12-03 19:43:15 | INFO     | strategies.neural_hybrid | [DECISION] NO_TRADE | Pattern weak (0.36) | Conf: 0.00
2025-12-03 19:43:15 | INFO     | strategies.neural_hybrid | [DECISION] NO_TRADE | Pattern weak (0.36) | Conf: 0.00
2025-12-03 19:43:16 | INFO     | strategies.neural_hybrid | [DECISION] NO_TRADE | Pattern weak (0.35) | Conf: 0.00
2025-12-03 19:43:16 | INFO     | strategies.neural_hybrid | [DECISION] NO_TRADE | Pattern weak (0.36) | Conf: 0.00
2025-12-03 19:43:16 | INFO     | strategies.neural_hybrid | [DECISION] NO_TRADE | Pattern weak (0.37) | Conf: 0.00
2025-12-03 19:43:16 | INFO     | strategies.neural_hybrid | [DECISION] NO_TRADE | Pattern weak (0.37) | Conf: 0.00
2025-12-03 19:43:17 | INFO     | strategies.neural_hybrid | [DECISION] NO_TRADE | Pattern weak (0.36) | Conf: 0.00
2025-12-03 19:43:17 | INFO     | strategies.neural_hybrid | [DECISION] NO_TRADE | Pattern weak (0.36) | Conf: 0.00
2025-12-03 19:43:17 | INFO     | strategies.neural_hybrid | [DECISION] NO_TRADE | Pattern weak (0.37) | Conf: 0.00
2025-12-03 19:43:17 | INFO     | strategies.neural_hybrid | [DECISION] NO_TRADE | Pattern weak (0.37) | Conf: 0.00
2025-12-03 19:43:18 | INFO     | strategies.neural_hybrid | [DECISION] NO_TRADE | Pattern weak (0.37) | Conf: 0.00
2025-12-03 19:43:18 | INFO     | strategies.neural_hybrid | [DECISION] NO_TRADE | Pattern weak (0.36) | Conf: 0.00
2025-12-03 19:43:18 | INFO     | strategies.neural_hybrid | [DECISION] NO_TRADE | Pattern weak (0.36) | Conf: 0.00
2025-12-03 19:43:19 | INFO     | strategies.neural_hybrid | [DECISION] NO_TRADE | Pattern weak (0.37) | Conf: 0.00
2025-12-03 19:43:19 | INFO     | strategies.neural_hybrid | [DECISION] NO_TRADE | Pattern weak (0.36) | Conf: 0.00
2025-12-03 19:43:19 | INFO     | strategies.neural_hybrid | [DECISION] NO_TRADE | Pattern weak (0.36) | Conf: 0.00
2025-12-03 19:43:19 | INFO     | strategies.neural_hybrid | [DECISION] NO_TRADE | Pattern weak (0.36) | Conf: 0.00
2025-12-03 19:43:20 | INFO     | strategies.neural_hybrid | [DECISION] NO_TRADE | Pattern weak (0.36) | Conf: 0.00
2025-12-03 19:43:20 | INFO     | strategies.neural_hybrid | [DECISION] NO_TRADE | Pattern weak (0.36) | Conf: 0.00
2025-12-03 19:43:20 | INFO     | strategies.neural_hybrid | [DECISION] NO_TRADE | Pattern weak (0.35) | Conf: 0.00
2025-12-03 19:43:20 | INFO     | strategies.neural_hybrid | [DECISION] NO_TRADE | Pattern weak (0.35) | Conf: 0.00
2025-12-03 19:43:21 | INFO     | strategies.neural_hybrid | [DECISION] NO_TRADE | Pattern weak (0.36) | Conf: 0.00
2025-12-03 19:43:21 | INFO     | strategies.neural_hybrid | [DECISION] NO_TRADE | Pattern weak (0.37) | Conf: 0.00
2025-12-03 19:43:21 | INFO     | strategies.neural_hybrid | [DECISION] NO_TRADE | Pattern weak (0.36) | Conf: 0.00
2025-12-03 19:43:22 | INFO     | strategies.neural_hybrid | [DECISION] NO_TRADE | Pattern weak (0.34) | Conf: 0.00
2025-12-03 19:43:22 | INFO     | strategies.neural_hybrid | [DECISION] NO_TRADE | Pattern weak (0.35) | Conf: 0.00
2025-12-03 19:43:22 | INFO     | strategies.neural_hybrid | [DECISION] NO_TRADE | Pattern weak (0.35) | Conf: 0.00
2025-12-03 19:43:22 | INFO     | strategies.neural_hybrid | [DECISION] NO_TRADE | Pattern weak (0.35) | Conf: 0.00
2025-12-03 19:43:23 | INFO     | strategies.neural_hybrid | [DECISION] NO_TRADE | Pattern weak (0.34) | Conf: 0.00
2025-12-03 19:43:23 | INFO     | strategies.neural_hybrid | [DECISION] NO_TRADE | Pattern weak (0.35) | Conf: 0.00
2025-12-03 19:43:23 | INFO     | strategies.neural_hybrid | [DECISION] NO_TRADE | Pattern weak (0.35) | Conf: 0.00
2025-12-03 19:43:23 | INFO     | strategies.neural_hybrid | [DECISION] NO_TRADE | Pattern weak (0.36) | Conf: 0.00
2025-12-03 19:43:24 | INFO     | strategies.neural_hybrid | [DECISION] NO_TRADE | Pattern weak (0.35) | Conf: 0.00
2025-12-03 19:43:24 | INFO     | strategies.neural_hybrid | [DECISION] NO_TRADE | Pattern weak (0.35) | Conf: 0.00
2025-12-03 19:43:24 | INFO     | strategies.neural_hybrid | [DECISION] NO_TRADE | Pattern weak (0.36) | Conf: 0.00
2025-12-03 19:43:25 | INFO     | strategies.neural_hybrid | [DECISION] NO_TRADE | Pattern weak (0.36) | Conf: 0.00
2025-12-03 19:43:25 | INFO     | strategies.neural_hybrid | [DECISION] NO_TRADE | Pattern weak (0.36) | Conf: 0.00
2025-12-03 19:43:25 | INFO     | strategies.neural_hybrid | [DECISION] NO_TRADE | Pattern weak (0.35) | Conf: 0.00
2025-12-03 19:43:25 | INFO     | strategies.neural_hybrid | [DECISION] NO_TRADE | Pattern weak (0.35) | Conf: 0.00
2025-12-03 19:43:26 | INFO     | strategies.neural_hybrid | [DECISION] NO_TRADE | Pattern weak (0.35) | Conf: 0.00
2025-12-03 19:43:26 | INFO     | strategies.neural_hybrid | [DECISION] NO_TRADE | Pattern weak (0.35) | Conf: 0.00
2025-12-03 19:43:26 | INFO     | strategies.neural_hybrid | [DECISION] NO_TRADE | Pattern weak (0.34) | Conf: 0.00
2025-12-03 19:43:26 | INFO     | strategies.neural_hybrid | [DECISION] NO_TRADE | Pattern weak (0.34) | Conf: 0.00
2025-12-03 19:43:27 | INFO     | strategies.neural_hybrid | [DECISION] NO_TRADE | Pattern weak (0.33) | Conf: 0.00
2025-12-03 19:43:27 | INFO     | strategies.neural_hybrid | [DECISION] NO_TRADE | Pattern weak (0.34) | Conf: 0.00
2025-12-03 19:43:27 | INFO     | strategies.neural_hybrid | [DECISION] NO_TRADE | Pattern weak (0.35) | Conf: 0.00
2025-12-03 19:43:28 | INFO     | strategies.neural_hybrid | [DECISION] NO_TRADE | Pattern weak (0.36) | Conf: 0.00
2025-12-03 19:43:28 | INFO     | strategies.neural_hybrid | [DECISION] NO_TRADE | Pattern weak (0.35) | Conf: 0.00
2025-12-03 19:43:28 | INFO     | strategies.neural_hybrid | [DECISION] NO_TRADE | Pattern weak (0.36) | Conf: 0.00
2025-12-03 19:43:28 | INFO     | strategies.neural_hybrid | [DECISION] NO_TRADE | Pattern weak (0.36) | Conf: 0.00
2025-12-03 19:43:29 | INFO     | strategies.neural_hybrid | [DECISION] NO_TRADE | Pattern weak (0.36) | Conf: 0.00
2025-12-03 19:43:29 | INFO     | strategies.neural_hybrid | [DECISION] NO_TRADE | Pattern weak (0.36) | Conf: 0.00
2025-12-03 19:43:29 | INFO     | strategies.neural_hybrid | [DECISION] NO_TRADE | Pattern weak (0.36) | Conf: 0.00
2025-12-03 19:43:30 | INFO     | strategies.neural_hybrid | [DECISION] NO_TRADE | Pattern weak (0.36) | Conf: 0.00
2025-12-03 19:43:30 | INFO     | strategies.neural_hybrid | [DECISION] NO_TRADE | Pattern weak (0.36) | Conf: 0.00
2025-12-03 19:43:30 | INFO     | strategies.neural_hybrid | [DECISION] NO_TRADE | Pattern weak (0.37) | Conf: 0.00
2025-12-03 19:43:30 | INFO     | strategies.neural_hybrid | [DECISION] NO_TRADE | Pattern weak (0.36) | Conf: 0.00
2025-12-03 19:43:31 | INFO     | strategies.neural_hybrid | [DECISION] NO_TRADE | Pattern weak (0.37) | Conf: 0.00
2025-12-03 19:43:31 | INFO     | strategies.neural_hybrid | [DECISION] NO_TRADE | Pattern weak (0.37) | Conf: 0.00
2025-12-03 19:43:31 | INFO     | strategies.neural_hybrid | [DECISION] NO_TRADE | Pattern weak (0.37) | Conf: 0.00
2025-12-03 19:43:31 | INFO     | strategies.neural_hybrid | [DECISION] NO_TRADE | Pattern weak (0.36) | Conf: 0.00
2025-12-03 19:43:32 | INFO     | strategies.neural_hybrid | [DECISION] NO_TRADE | Pattern weak (0.36) | Conf: 0.00
2025-12-03 19:43:32 | INFO     | strategies.neural_hybrid | [DECISION] NO_TRADE | Pattern weak (0.37) | Conf: 0.00
2025-12-03 19:43:32 | INFO     | strategies.neural_hybrid | [DECISION] NO_TRADE | Pattern weak (0.37) | Conf: 0.00
2025-12-03 19:43:32 | INFO     | strategies.neural_hybrid | [DECISION] NO_TRADE | Pattern weak (0.36) | Conf: 0.00
2025-12-03 19:43:33 | INFO     | strategies.neural_hybrid | [DECISION] NO_TRADE | Pattern weak (0.36) | Conf: 0.00
2025-12-03 19:43:33 | INFO     | strategies.neural_hybrid | [DECISION] NO_TRADE | Pattern weak (0.36) | Conf: 0.00
2025-12-03 19:43:33 | INFO     | strategies.neural_hybrid | [DECISION] NO_TRADE | Pattern weak (0.36) | Conf: 0.00
2025-12-03 19:43:34 | INFO     | strategies.neural_hybrid | [DECISION] NO_TRADE | Pattern weak (0.35) | Conf: 0.00
2025-12-03 19:43:34 | INFO     | strategies.neural_hybrid | [DECISION] NO_TRADE | Pattern weak (0.34) | Conf: 0.00
2025-12-03 19:43:34 | INFO     | strategies.neural_hybrid | [DECISION] NO_TRADE | Pattern weak (0.34) | Conf: 0.00
2025-12-03 19:43:34 | INFO     | strategies.neural_hybrid | [DECISION] NO_TRADE | Pattern weak (0.34) | Conf: 0.00
2025-12-03 19:43:35 | INFO     | strategies.neural_hybrid | [DECISION] NO_TRADE | Pattern weak (0.35) | Conf: 0.00
2025-12-03 19:43:35 | INFO     | strategies.neural_hybrid | [DECISION] NO_TRADE | Pattern weak (0.36) | Conf: 0.00
2025-12-03 19:43:35 | INFO     | strategies.neural_hybrid | [DECISION] NO_TRADE | Pattern weak (0.36) | Conf: 0.00
2025-12-03 19:43:35 | INFO     | strategies.neural_hybrid | [DECISION] NO_TRADE | Pattern weak (0.36) | Conf: 0.00
2025-12-03 19:43:36 | INFO     | strategies.neural_hybrid | [DECISION] NO_TRADE | Pattern weak (0.36) | Conf: 0.00
2025-12-03 19:43:36 | INFO     | strategies.neural_hybrid | [DECISION] NO_TRADE | Pattern weak (0.35) | Conf: 0.00
2025-12-03 19:43:36 | INFO     | strategies.neural_hybrid | [DECISION] NO_TRADE | Pattern weak (0.36) | Conf: 0.00
2025-12-03 19:43:37 | INFO     | strategies.neural_hybrid | [DECISION] NO_TRADE | Pattern weak (0.36) | Conf: 0.00
2025-12-03 19:43:37 | INFO     | strategies.neural_hybrid | [DECISION] NO_TRADE | Pattern weak (0.36) | Conf: 0.00
2025-12-03 19:43:37 | INFO     | strategies.neural_hybrid | [DECISION] NO_TRADE | Pattern weak (0.36) | Conf: 0.00
2025-12-03 19:43:37 | INFO     | strategies.neural_hybrid | [DECISION] NO_TRADE | Pattern weak (0.36) | Conf: 0.00
2025-12-03 19:43:38 | INFO     | strategies.neural_hybrid | [DECISION] NO_TRADE | Pattern weak (0.35) | Conf: 0.00
2025-12-03 19:43:38 | INFO     | strategies.neural_hybrid | [DECISION] NO_TRADE | Pattern weak (0.35) | Conf: 0.00
2025-12-03 19:43:38 | INFO     | strategies.neural_hybrid | [DECISION] NO_TRADE | Pattern weak (0.35) | Conf: 0.00
2025-12-03 19:43:38 | INFO     | strategies.neural_hybrid | [DECISION] NO_TRADE | Pattern weak (0.34) | Conf: 0.00
2025-12-03 19:43:39 | INFO     | strategies.neural_hybrid | [DECISION] NO_TRADE | Pattern weak (0.35) | Conf: 0.00
2025-12-03 19:43:39 | INFO     | strategies.neural_hybrid | [DECISION] NO_TRADE | Pattern weak (0.36) | Conf: 0.00
2025-12-03 19:43:39 | INFO     | strategies.neural_hybrid | [DECISION] NO_TRADE | Pattern weak (0.35) | Conf: 0.00
2025-12-03 19:43:39 | INFO     | strategies.neural_hybrid | [DECISION] NO_TRADE | Pattern weak (0.35) | Conf: 0.00
2025-12-03 19:43:40 | INFO     | strategies.neural_hybrid | [DECISION] NO_TRADE | Pattern weak (0.34) | Conf: 0.00
2025-12-03 19:43:40 | INFO     | strategies.neural_hybrid | [DECISION] NO_TRADE | Pattern weak (0.33) | Conf: 0.00
2025-12-03 19:43:40 | INFO     | strategies.neural_hybrid | [DECISION] NO_TRADE | Pattern weak (0.34) | Conf: 0.00
2025-12-03 19:43:41 | INFO     | strategies.neural_hybrid | [DECISION] NO_TRADE | Pattern weak (0.34) | Conf: 0.00
2025-12-03 19:43:41 | INFO     | strategies.neural_hybrid | [DECISION] NO_TRADE | Pattern weak (0.35) | Conf: 0.00
2025-12-03 19:43:41 | INFO     | strategies.neural_hybrid | [DECISION] NO_TRADE | Pattern weak (0.34) | Conf: 0.00
2025-12-03 19:43:41 | INFO     | strategies.neural_hybrid | [DECISION] NO_TRADE | Pattern weak (0.35) | Conf: 0.00
2025-12-03 19:43:42 | INFO     | strategies.neural_hybrid | [DECISION] NO_TRADE | Pattern weak (0.34) | Conf: 0.00
2025-12-03 19:43:42 | INFO     | strategies.neural_hybrid | [DECISION] NO_TRADE | Pattern weak (0.35) | Conf: 0.00
2025-12-03 19:43:42 | INFO     | strategies.neural_hybrid | [DECISION] NO_TRADE | Pattern weak (0.35) | Conf: 0.00
2025-12-03 19:43:42 | INFO     | strategies.neural_hybrid | [DECISION] NO_TRADE | Pattern weak (0.35) | Conf: 0.00
2025-12-03 19:43:43 | INFO     | strategies.neural_hybrid | [DECISION] NO_TRADE | Pattern weak (0.35) | Conf: 0.00
2025-12-03 19:43:43 | INFO     | strategies.neural_hybrid | [DECISION] NO_TRADE | Pattern weak (0.35) | Conf: 0.00
2025-12-03 19:43:43 | INFO     | strategies.neural_hybrid | [DECISION] NO_TRADE | Pattern weak (0.35) | Conf: 0.00
2025-12-03 19:43:44 | INFO     | strategies.neural_hybrid | [DECISION] NO_TRADE | Pattern weak (0.36) | Conf: 0.00
2025-12-03 19:43:44 | INFO     | strategies.neural_hybrid | [DECISION] NO_TRADE | Pattern weak (0.36) | Conf: 0.00
2025-12-03 19:43:44 | INFO     | strategies.neural_hybrid | [DECISION] NO_TRADE | Pattern weak (0.36) | Conf: 0.00
2025-12-03 19:43:44 | INFO     | strategies.neural_hybrid | [DECISION] NO_TRADE | Pattern weak (0.36) | Conf: 0.00
2025-12-03 19:43:45 | INFO     | strategies.neural_hybrid | [DECISION] NO_TRADE | Pattern weak (0.35) | Conf: 0.00
2025-12-03 19:43:45 | INFO     | strategies.neural_hybrid | [DECISION] NO_TRADE | Pattern weak (0.34) | Conf: 0.00
2025-12-03 19:43:45 | INFO     | strategies.neural_hybrid | [DECISION] NO_TRADE | Pattern weak (0.35) | Conf: 0.00
2025-12-03 19:43:45 | INFO     | strategies.neural_hybrid | [DECISION] NO_TRADE | Pattern weak (0.35) | Conf: 0.00
2025-12-03 19:43:46 | INFO     | strategies.neural_hybrid | [DECISION] NO_TRADE | Pattern weak (0.35) | Conf: 0.00
2025-12-03 19:43:46 | INFO     | strategies.neural_hybrid | [DECISION] NO_TRADE | Pattern weak (0.34) | Conf: 0.00
2025-12-03 19:43:46 | INFO     | strategies.neural_hybrid | [DECISION] NO_TRADE | Pattern weak (0.35) | Conf: 0.00
2025-12-03 19:43:46 | INFO     | strategies.neural_hybrid | [DECISION] NO_TRADE | Pattern weak (0.35) | Conf: 0.00
2025-12-03 19:43:47 | INFO     | strategies.neural_hybrid | [DECISION] NO_TRADE | Pattern weak (0.34) | Conf: 0.00
2025-12-03 19:43:47 | INFO     | strategies.neural_hybrid | [DECISION] NO_TRADE | Pattern weak (0.35) | Conf: 0.00
2025-12-03 19:43:47 | INFO     | strategies.neural_hybrid | [DECISION] NO_TRADE | Pattern weak (0.35) | Conf: 0.00
2025-12-03 19:43:48 | INFO     | strategies.neural_hybrid | [DECISION] NO_TRADE | Pattern weak (0.36) | Conf: 0.00
2025-12-03 19:43:48 | INFO     | strategies.neural_hybrid | [DECISION] NO_TRADE | Pattern weak (0.36) | Conf: 0.00
2025-12-03 19:43:48 | INFO     | strategies.neural_hybrid | [DECISION] NO_TRADE | Pattern weak (0.36) | Conf: 0.00
2025-12-03 19:43:48 | INFO     | strategies.neural_hybrid | [DECISION] NO_TRADE | Pattern weak (0.35) | Conf: 0.00
2025-12-03 19:43:49 | INFO     | strategies.neural_hybrid | [DECISION] NO_TRADE | Pattern weak (0.36) | Conf: 0.00
2025-12-03 19:43:49 | INFO     | strategies.neural_hybrid | [DECISION] NO_TRADE | Pattern weak (0.36) | Conf: 0.00
2025-12-03 19:43:49 | INFO     | strategies.neural_hybrid | [DECISION] NO_TRADE | Pattern weak (0.36) | Conf: 0.00
2025-12-03 19:43:49 | INFO     | strategies.neural_hybrid | [DECISION] NO_TRADE | Pattern weak (0.36) | Conf: 0.00
2025-12-03 19:43:50 | INFO     | strategies.neural_hybrid | [DECISION] NO_TRADE | Pattern weak (0.36) | Conf: 0.00
2025-12-03 19:43:50 | INFO     | strategies.neural_hybrid | [DECISION] NO_TRADE | Pattern weak (0.36) | Conf: 0.00
2025-12-03 19:43:50 | INFO     | strategies.neural_hybrid | [DECISION] NO_TRADE | Pattern weak (0.37) | Conf: 0.00
2025-12-03 19:43:51 | INFO     | strategies.neural_hybrid | [DECISION] NO_TRADE | Pattern weak (0.36) | Conf: 0.00
2025-12-03 19:43:51 | INFO     | strategies.neural_hybrid | [DECISION] NO_TRADE | Pattern weak (0.37) | Conf: 0.00
2025-12-03 19:43:51 | INFO     | strategies.neural_hybrid | [DECISION] NO_TRADE | Pattern weak (0.37) | Conf: 0.00
2025-12-03 19:43:51 | INFO     | strategies.neural_hybrid | [DECISION] NO_TRADE | Pattern weak (0.37) | Conf: 0.00
2025-12-03 19:43:52 | INFO     | strategies.neural_hybrid | [DECISION] NO_TRADE | Pattern weak (0.37) | Conf: 0.00
2025-12-03 19:43:52 | INFO     | strategies.neural_hybrid | [DECISION] NO_TRADE | Pattern weak (0.38) | Conf: 0.00
2025-12-03 19:43:52 | INFO     | strategies.neural_hybrid | [DECISION] NO_TRADE | Pattern weak (0.38) | Conf: 0.00
2025-12-03 19:43:52 | INFO     | strategies.neural_hybrid | [DECISION] NO_TRADE | Pattern weak (0.39) | Conf: 0.00
2025-12-03 19:43:53 | INFO     | strategies.neural_hybrid | [DECISION] NO_TRADE | Pattern weak (0.38) | Conf: 0.00
2025-12-03 19:43:53 | INFO     | strategies.neural_hybrid | [DECISION] NO_TRADE | Pattern weak (0.38) | Conf: 0.00
2025-12-03 19:43:53 | INFO     | strategies.neural_hybrid | [DECISION] NO_TRADE | Pattern weak (0.37) | Conf: 0.00
2025-12-03 19:43:53 | INFO     | strategies.neural_hybrid | [DECISION] NO_TRADE | Pattern weak (0.36) | Conf: 0.00
2025-12-03 19:43:54 | INFO     | strategies.neural_hybrid | [DECISION] NO_TRADE | Pattern weak (0.36) | Conf: 0.00
2025-12-03 19:43:54 | INFO     | strategies.neural_hybrid | [DECISION] NO_TRADE | Pattern weak (0.36) | Conf: 0.00
2025-12-03 19:43:54 | INFO     | strategies.neural_hybrid | [DECISION] NO_TRADE | Pattern weak (0.36) | Conf: 0.00
2025-12-03 19:43:55 | INFO     | strategies.neural_hybrid | [DECISION] NO_TRADE | Pattern weak (0.36) | Conf: 0.00
2025-12-03 19:43:55 | INFO     | strategies.neural_hybrid | [DECISION] NO_TRADE | Pattern weak (0.36) | Conf: 0.00
2025-12-03 19:43:55 | INFO     | strategies.neural_hybrid | [DECISION] NO_TRADE | Pattern weak (0.36) | Conf: 0.00
2025-12-03 19:43:55 | INFO     | strategies.neural_hybrid | [DECISION] NO_TRADE | Pattern weak (0.37) | Conf: 0.00
2025-12-03 19:43:56 | INFO     | strategies.neural_hybrid | [DECISION] NO_TRADE | Pattern weak (0.36) | Conf: 0.00
2025-12-03 19:43:56 | INFO     | strategies.neural_hybrid | [DECISION] NO_TRADE | Pattern weak (0.36) | Conf: 0.00
2025-12-03 19:43:56 | INFO     | strategies.neural_hybrid | [DECISION] NO_TRADE | Pattern weak (0.37) | Conf: 0.00
2025-12-03 19:43:56 | INFO     | strategies.neural_hybrid | [DECISION] NO_TRADE | Pattern weak (0.38) | Conf: 0.00
2025-12-03 19:43:57 | INFO     | strategies.neural_hybrid | [DECISION] NO_TRADE | Pattern weak (0.38) | Conf: 0.00
2025-12-03 19:43:57 | INFO     | strategies.neural_hybrid | [DECISION] NO_TRADE | Pattern weak (0.38) | Conf: 0.00
2025-12-03 19:43:57 | INFO     | strategies.neural_hybrid | [DECISION] NO_TRADE | Pattern weak (0.38) | Conf: 0.00
2025-12-03 19:43:57 | INFO     | strategies.neural_hybrid | [DECISION] NO_TRADE | Pattern weak (0.37) | Conf: 0.00
2025-12-03 19:43:58 | INFO     | strategies.neural_hybrid | [DECISION] NO_TRADE | Pattern weak (0.37) | Conf: 0.00
2025-12-03 19:43:58 | INFO     | strategies.neural_hybrid | [DECISION] NO_TRADE | Pattern weak (0.37) | Conf: 0.00
2025-12-03 19:43:58 | INFO     | strategies.neural_hybrid | [DECISION] NO_TRADE | Pattern weak (0.37) | Conf: 0.00
2025-12-03 19:43:59 | INFO     | strategies.neural_hybrid | [DECISION] NO_TRADE | Pattern weak (0.36) | Conf: 0.00
2025-12-03 19:43:59 | INFO     | strategies.neural_hybrid | [DECISION] NO_TRADE | Pattern weak (0.37) | Conf: 0.00
2025-12-03 19:43:59 | INFO     | strategies.neural_hybrid | [DECISION] NO_TRADE | Pattern weak (0.36) | Conf: 0.00
2025-12-03 19:43:59 | INFO     | strategies.neural_hybrid | [DECISION] NO_TRADE | Pattern weak (0.36) | Conf: 0.00
2025-12-03 19:44:00 | INFO     | strategies.neural_hybrid | [DECISION] NO_TRADE | Pattern weak (0.36) | Conf: 0.00
2025-12-03 19:44:00 | INFO     | strategies.neural_hybrid | [DECISION] NO_TRADE | Pattern weak (0.37) | Conf: 0.00
2025-12-03 19:44:00 | INFO     | strategies.neural_hybrid | [DECISION] NO_TRADE | Pattern weak (0.36) | Conf: 0.00
2025-12-03 19:44:00 | INFO     | strategies.neural_hybrid | [DECISION] NO_TRADE | Pattern weak (0.35) | Conf: 0.00
2025-12-03 19:44:01 | INFO     | strategies.neural_hybrid | [DECISION] NO_TRADE | Pattern weak (0.36) | Conf: 0.00
2025-12-03 19:44:01 | INFO     | strategies.neural_hybrid | [DECISION] NO_TRADE | Pattern weak (0.36) | Conf: 0.00
2025-12-03 19:44:01 | INFO     | strategies.neural_hybrid | [DECISION] NO_TRADE | Pattern weak (0.35) | Conf: 0.00
2025-12-03 19:44:01 | INFO     | strategies.neural_hybrid | [DECISION] NO_TRADE | Pattern weak (0.36) | Conf: 0.00
2025-12-03 19:44:02 | INFO     | strategies.neural_hybrid | [DECISION] NO_TRADE | Pattern weak (0.36) | Conf: 0.00
2025-12-03 19:44:02 | INFO     | strategies.neural_hybrid | [DECISION] NO_TRADE | Pattern weak (0.35) | Conf: 0.00
2025-12-03 19:44:02 | INFO     | strategies.neural_hybrid | [DECISION] NO_TRADE | Pattern weak (0.35) | Conf: 0.00
2025-12-03 19:44:03 | INFO     | strategies.neural_hybrid | [DECISION] NO_TRADE | Pattern weak (0.35) | Conf: 0.00
2025-12-03 19:44:03 | INFO     | strategies.neural_hybrid | [DECISION] NO_TRADE | Pattern weak (0.36) | Conf: 0.00
2025-12-03 19:44:03 | INFO     | strategies.neural_hybrid | [DECISION] NO_TRADE | Pattern weak (0.36) | Conf: 0.00
2025-12-03 19:44:03 | INFO     | strategies.neural_hybrid | [DECISION] NO_TRADE | Pattern weak (0.36) | Conf: 0.00
2025-12-03 19:44:04 | INFO     | strategies.neural_hybrid | [DECISION] NO_TRADE | Pattern weak (0.35) | Conf: 0.00
2025-12-03 19:44:04 | INFO     | strategies.neural_hybrid | [DECISION] NO_TRADE | Pattern weak (0.35) | Conf: 0.00
2025-12-03 19:44:04 | INFO     | strategies.neural_hybrid | [DECISION] NO_TRADE | Pattern weak (0.35) | Conf: 0.00
2025-12-03 19:44:04 | INFO     | strategies.neural_hybrid | [DECISION] NO_TRADE | Pattern weak (0.36) | Conf: 0.00
2025-12-03 19:44:05 | INFO     | strategies.neural_hybrid | [DECISION] NO_TRADE | Pattern weak (0.35) | Conf: 0.00
2025-12-03 19:44:05 | INFO     | strategies.neural_hybrid | [DECISION] NO_TRADE | Pattern weak (0.36) | Conf: 0.00
2025-12-03 19:44:05 | INFO     | strategies.neural_hybrid | [DECISION] NO_TRADE | Pattern weak (0.35) | Conf: 0.00
2025-12-03 19:44:06 | INFO     | strategies.neural_hybrid | [DECISION] NO_TRADE | Pattern weak (0.35) | Conf: 0.00
2025-12-03 19:44:06 | INFO     | strategies.neural_hybrid | [DECISION] NO_TRADE | Pattern weak (0.36) | Conf: 0.00
2025-12-03 19:44:06 | INFO     | strategies.neural_hybrid | [DECISION] NO_TRADE | Pattern weak (0.36) | Conf: 0.00
2025-12-03 19:44:06 | INFO     | strategies.neural_hybrid | [DECISION] NO_TRADE | Pattern weak (0.36) | Conf: 0.00
2025-12-03 19:44:07 | INFO     | strategies.neural_hybrid | [DECISION] NO_TRADE | Pattern weak (0.37) | Conf: 0.00
2025-12-03 19:44:07 | INFO     | strategies.neural_hybrid | [DECISION] NO_TRADE | Pattern weak (0.37) | Conf: 0.00
2025-12-03 19:44:07 | INFO     | strategies.neural_hybrid | [DECISION] NO_TRADE | Pattern weak (0.38) | Conf: 0.00
2025-12-03 19:44:07 | INFO     | strategies.neural_hybrid | [DECISION] NO_TRADE | Pattern weak (0.37) | Conf: 0.00
2025-12-03 19:44:08 | INFO     | strategies.neural_hybrid | [DECISION] NO_TRADE | Pattern weak (0.38) | Conf: 0.00
2025-12-03 19:44:08 | INFO     | strategies.neural_hybrid | [DECISION] NO_TRADE | Pattern weak (0.37) | Conf: 0.00
2025-12-03 19:44:08 | INFO     | strategies.neural_hybrid | [DECISION] NO_TRADE | Pattern weak (0.38) | Conf: 0.00
2025-12-03 19:44:09 | INFO     | strategies.neural_hybrid | [DECISION] NO_TRADE | Pattern weak (0.37) | Conf: 0.00
2025-12-03 19:44:09 | INFO     | strategies.neural_hybrid | [DECISION] NO_TRADE | Pattern weak (0.38) | Conf: 0.00
2025-12-03 19:44:09 | INFO     | strategies.neural_hybrid | [DECISION] NO_TRADE | Pattern weak (0.38) | Conf: 0.00
2025-12-03 19:44:09 | INFO     | strategies.neural_hybrid | [DECISION] NO_TRADE | Pattern weak (0.37) | Conf: 0.00
2025-12-03 19:44:10 | INFO     | strategies.neural_hybrid | [DECISION] NO_TRADE | Pattern weak (0.37) | Conf: 0.00
2025-12-03 19:44:10 | INFO     | strategies.neural_hybrid | [DECISION] NO_TRADE | Pattern weak (0.37) | Conf: 0.00
2025-12-03 19:44:10 | INFO     | strategies.neural_hybrid | [DECISION] NO_TRADE | Pattern weak (0.37) | Conf: 0.00
2025-12-03 19:44:10 | INFO     | strategies.neural_hybrid | [DECISION] NO_TRADE | Pattern weak (0.36) | Conf: 0.00
2025-12-03 19:44:11 | INFO     | strategies.neural_hybrid | [DECISION] NO_TRADE | Pattern weak (0.37) | Conf: 0.00
2025-12-03 19:44:11 | INFO     | strategies.neural_hybrid | [DECISION] NO_TRADE | Pattern weak (0.36) | Conf: 0.00
2025-12-03 19:44:11 | INFO     | strategies.neural_hybrid | [DECISION] NO_TRADE | Pattern weak (0.35) | Conf: 0.00
2025-12-03 19:44:12 | INFO     | strategies.neural_hybrid | [DECISION] NO_TRADE | Pattern weak (0.36) | Conf: 0.00
2025-12-03 19:44:12 | INFO     | strategies.neural_hybrid | [DECISION] NO_TRADE | Pattern weak (0.36) | Conf: 0.00
2025-12-03 19:44:12 | INFO     | strategies.neural_hybrid | [DECISION] NO_TRADE | Pattern weak (0.35) | Conf: 0.00
2025-12-03 19:44:12 | INFO     | strategies.neural_hybrid | [DECISION] NO_TRADE | Pattern weak (0.36) | Conf: 0.00
2025-12-03 19:44:13 | INFO     | strategies.neural_hybrid | [DECISION] NO_TRADE | Pattern weak (0.36) | Conf: 0.00
2025-12-03 19:44:13 | INFO     | strategies.neural_hybrid | [DECISION] NO_TRADE | Pattern weak (0.37) | Conf: 0.00
2025-12-03 19:44:13 | INFO     | strategies.neural_hybrid | [DECISION] NO_TRADE | Pattern weak (0.37) | Conf: 0.00
2025-12-03 19:44:13 | INFO     | strategies.neural_hybrid | [DECISION] NO_TRADE | Pattern weak (0.37) | Conf: 0.00
2025-12-03 19:44:14 | INFO     | strategies.neural_hybrid | [DECISION] NO_TRADE | Pattern weak (0.37) | Conf: 0.00
2025-12-03 19:44:14 | INFO     | strategies.neural_hybrid | [DECISION] NO_TRADE | Pattern weak (0.37) | Conf: 0.00
2025-12-03 19:44:14 | INFO     | strategies.neural_hybrid | [DECISION] NO_TRADE | Pattern weak (0.37) | Conf: 0.00
2025-12-03 19:44:15 | INFO     | strategies.neural_hybrid | [DECISION] NO_TRADE | Pattern weak (0.37) | Conf: 0.00
2025-12-03 19:44:15 | INFO     | strategies.neural_hybrid | [DECISION] NO_TRADE | Pattern weak (0.37) | Conf: 0.00
2025-12-03 19:44:15 | INFO     | strategies.neural_hybrid | [DECISION] NO_TRADE | Pattern weak (0.38) | Conf: 0.00
2025-12-03 19:44:15 | INFO     | strategies.neural_hybrid | [DECISION] NO_TRADE | Pattern weak (0.38) | Conf: 0.00
2025-12-03 19:44:16 | INFO     | strategies.neural_hybrid | [DECISION] NO_TRADE | Pattern weak (0.38) | Conf: 0.00
2025-12-03 19:44:16 | INFO     | strategies.neural_hybrid | [DECISION] NO_TRADE | Pattern weak (0.38) | Conf: 0.00
2025-12-03 19:44:16 | INFO     | strategies.neural_hybrid | [DECISION] NO_TRADE | Pattern weak (0.37) | Conf: 0.00
2025-12-03 19:44:16 | INFO     | strategies.neural_hybrid | [DECISION] NO_TRADE | Pattern weak (0.37) | Conf: 0.00
2025-12-03 19:44:17 | INFO     | strategies.neural_hybrid | [DECISION] NO_TRADE | Pattern weak (0.36) | Conf: 0.00
2025-12-03 19:44:17 | INFO     | strategies.neural_hybrid | [DECISION] NO_TRADE | Pattern weak (0.36) | Conf: 0.00
2025-12-03 19:44:17 | INFO     | strategies.neural_hybrid | [DECISION] NO_TRADE | Pattern weak (0.36) | Conf: 0.00
2025-12-03 19:44:18 | INFO     | strategies.neural_hybrid | [DECISION] NO_TRADE | Pattern weak (0.37) | Conf: 0.00
2025-12-03 19:44:18 | INFO     | strategies.neural_hybrid | [DECISION] NO_TRADE | Pattern weak (0.36) | Conf: 0.00
2025-12-03 19:44:18 | INFO     | strategies.neural_hybrid | [DECISION] NO_TRADE | Pattern weak (0.36) | Conf: 0.00
2025-12-03 19:44:18 | INFO     | strategies.neural_hybrid | [DECISION] NO_TRADE | Pattern weak (0.36) | Conf: 0.00
2025-12-03 19:44:19 | INFO     | strategies.neural_hybrid | [DECISION] NO_TRADE | Pattern weak (0.36) | Conf: 0.00
2025-12-03 19:44:19 | INFO     | strategies.neural_hybrid | [DECISION] NO_TRADE | Pattern weak (0.36) | Conf: 0.00
2025-12-03 19:44:19 | INFO     | strategies.neural_hybrid | [DECISION] NO_TRADE | Pattern weak (0.36) | Conf: 0.00
2025-12-03 19:44:19 | INFO     | strategies.neural_hybrid | [DECISION] NO_TRADE | Pattern weak (0.37) | Conf: 0.00
2025-12-03 19:44:20 | INFO     | strategies.neural_hybrid | [DECISION] NO_TRADE | Pattern weak (0.37) | Conf: 0.00
2025-12-03 19:44:20 | INFO     | strategies.neural_hybrid | [DECISION] NO_TRADE | Pattern weak (0.37) | Conf: 0.00
2025-12-03 19:44:20 | INFO     | strategies.neural_hybrid | [DECISION] NO_TRADE | Pattern weak (0.37) | Conf: 0.00
2025-12-03 19:44:21 | INFO     | strategies.neural_hybrid | [DECISION] NO_TRADE | Pattern weak (0.37) | Conf: 0.00
2025-12-03 19:44:21 | INFO     | strategies.neural_hybrid | [DECISION] NO_TRADE | Pattern weak (0.37) | Conf: 0.00
2025-12-03 19:44:21 | INFO     | strategies.neural_hybrid | [DECISION] NO_TRADE | Pattern weak (0.38) | Conf: 0.00
2025-12-03 19:44:21 | INFO     | strategies.neural_hybrid | [DECISION] NO_TRADE | Pattern weak (0.38) | Conf: 0.00
2025-12-03 19:44:22 | INFO     | strategies.neural_hybrid | [DECISION] NO_TRADE | Pattern weak (0.38) | Conf: 0.00
2025-12-03 19:44:22 | INFO     | strategies.neural_hybrid | [DECISION] NO_TRADE | Pattern weak (0.37) | Conf: 0.00
2025-12-03 19:44:22 | INFO     | strategies.neural_hybrid | [DECISION] NO_TRADE | Pattern weak (0.37) | Conf: 0.00
2025-12-03 19:44:23 | INFO     | strategies.neural_hybrid | [DECISION] NO_TRADE | Pattern weak (0.36) | Conf: 0.00
2025-12-03 19:44:23 | INFO     | strategies.neural_hybrid | [DECISION] NO_TRADE | Pattern weak (0.36) | Conf: 0.00
2025-12-03 19:44:23 | INFO     | strategies.neural_hybrid | [DECISION] NO_TRADE | Pattern weak (0.36) | Conf: 0.00
2025-12-03 19:44:23 | INFO     | strategies.neural_hybrid | [DECISION] NO_TRADE | Pattern weak (0.35) | Conf: 0.00
2025-12-03 19:44:24 | INFO     | strategies.neural_hybrid | [DECISION] NO_TRADE | Pattern weak (0.36) | Conf: 0.00
2025-12-03 19:44:24 | INFO     | strategies.neural_hybrid | [DECISION] NO_TRADE | Pattern weak (0.36) | Conf: 0.00
2025-12-03 19:44:24 | INFO     | strategies.neural_hybrid | [DECISION] NO_TRADE | Pattern weak (0.36) | Conf: 0.00
2025-12-03 19:44:24 | INFO     | strategies.neural_hybrid | [DECISION] NO_TRADE | Pattern weak (0.36) | Conf: 0.00
2025-12-03 19:44:25 | INFO     | strategies.neural_hybrid | [DECISION] NO_TRADE | Pattern weak (0.36) | Conf: 0.00
2025-12-03 19:44:25 | INFO     | strategies.neural_hybrid | [DECISION] NO_TRADE | Pattern weak (0.35) | Conf: 0.00
2025-12-03 19:44:25 | INFO     | strategies.neural_hybrid | [DECISION] NO_TRADE | Pattern weak (0.36) | Conf: 0.00
2025-12-03 19:44:26 | INFO     | strategies.neural_hybrid | [DECISION] NO_TRADE | Pattern weak (0.36) | Conf: 0.00
2025-12-03 19:44:26 | INFO     | strategies.neural_hybrid | [DECISION] NO_TRADE | Pattern weak (0.36) | Conf: 0.00
2025-12-03 19:44:26 | INFO     | strategies.neural_hybrid | [DECISION] NO_TRADE | Pattern weak (0.36) | Conf: 0.00
2025-12-03 19:44:26 | INFO     | strategies.neural_hybrid | [DECISION] NO_TRADE | Pattern weak (0.37) | Conf: 0.00
2025-12-03 19:44:27 | INFO     | strategies.neural_hybrid | [DECISION] NO_TRADE | Pattern weak (0.37) | Conf: 0.00
2025-12-03 19:44:27 | INFO     | strategies.neural_hybrid | [DECISION] NO_TRADE | Pattern weak (0.36) | Conf: 0.00
2025-12-03 19:44:27 | INFO     | strategies.neural_hybrid | [DECISION] NO_TRADE | Pattern weak (0.35) | Conf: 0.00
2025-12-03 19:44:27 | INFO     | strategies.neural_hybrid | [DECISION] NO_TRADE | Pattern weak (0.36) | Conf: 0.00
2025-12-03 19:44:28 | INFO     | strategies.neural_hybrid | [DECISION] NO_TRADE | Pattern weak (0.37) | Conf: 0.00
2025-12-03 19:44:28 | INFO     | strategies.neural_hybrid | [DECISION] NO_TRADE | Pattern weak (0.37) | Conf: 0.00
2025-12-03 19:44:28 | INFO     | strategies.neural_hybrid | [DECISION] NO_TRADE | Pattern weak (0.37) | Conf: 0.00
2025-12-03 19:44:29 | INFO     | strategies.neural_hybrid | [DECISION] NO_TRADE | Pattern weak (0.37) | Conf: 0.00
2025-12-03 19:44:29 | INFO     | strategies.neural_hybrid | [DECISION] NO_TRADE | Pattern weak (0.38) | Conf: 0.00
2025-12-03 19:44:29 | INFO     | strategies.neural_hybrid | [DECISION] NO_TRADE | Pattern weak (0.37) | Conf: 0.00
2025-12-03 19:44:29 | INFO     | strategies.neural_hybrid | [DECISION] NO_TRADE | Pattern weak (0.37) | Conf: 0.00
2025-12-03 19:44:30 | INFO     | strategies.neural_hybrid | [DECISION] NO_TRADE | Pattern weak (0.37) | Conf: 0.00
2025-12-03 19:44:30 | INFO     | strategies.neural_hybrid | [DECISION] NO_TRADE | Pattern weak (0.37) | Conf: 0.00
2025-12-03 19:44:30 | INFO     | strategies.neural_hybrid | [DECISION] NO_TRADE | Pattern weak (0.37) | Conf: 0.00
2025-12-03 19:44:30 | INFO     | strategies.neural_hybrid | [DECISION] NO_TRADE | Pattern weak (0.36) | Conf: 0.00
2025-12-03 19:44:31 | INFO     | strategies.neural_hybrid | [DECISION] NO_TRADE | Pattern weak (0.35) | Conf: 0.00
2025-12-03 19:44:31 | INFO     | strategies.neural_hybrid | [DECISION] NO_TRADE | Pattern weak (0.37) | Conf: 0.00
2025-12-03 19:44:31 | INFO     | strategies.neural_hybrid | [DECISION] NO_TRADE | Pattern weak (0.37) | Conf: 0.00
2025-12-03 19:44:32 | INFO     | strategies.neural_hybrid | [DECISION] NO_TRADE | Pattern weak (0.37) | Conf: 0.00
2025-12-03 19:44:32 | INFO     | strategies.neural_hybrid | [DECISION] NO_TRADE | Pattern weak (0.37) | Conf: 0.00
2025-12-03 19:44:32 | INFO     | strategies.neural_hybrid | [DECISION] NO_TRADE | Pattern weak (0.37) | Conf: 0.00
2025-12-03 19:44:32 | INFO     | strategies.neural_hybrid | [DECISION] NO_TRADE | Pattern weak (0.37) | Conf: 0.00
2025-12-03 19:44:33 | INFO     | strategies.neural_hybrid | [DECISION] NO_TRADE | Pattern weak (0.37) | Conf: 0.00
2025-12-03 19:44:33 | INFO     | strategies.neural_hybrid | [DECISION] NO_TRADE | Pattern weak (0.37) | Conf: 0.00
2025-12-03 19:44:33 | INFO     | strategies.neural_hybrid | [DECISION] NO_TRADE | Pattern weak (0.37) | Conf: 0.00
2025-12-03 19:44:33 | INFO     | strategies.neural_hybrid | [DECISION] NO_TRADE | Pattern weak (0.38) | Conf: 0.00
2025-12-03 19:44:34 | INFO     | strategies.neural_hybrid | [DECISION] NO_TRADE | Pattern weak (0.37) | Conf: 0.00
2025-12-03 19:44:34 | INFO     | strategies.neural_hybrid | [DECISION] NO_TRADE | Pattern weak (0.37) | Conf: 0.00
2025-12-03 19:44:34 | INFO     | strategies.neural_hybrid | [DECISION] NO_TRADE | Pattern weak (0.37) | Conf: 0.00
2025-12-03 19:44:34 | INFO     | strategies.neural_hybrid | [DECISION] NO_TRADE | Pattern weak (0.38) | Conf: 0.00
2025-12-03 19:44:35 | INFO     | strategies.neural_hybrid | [DECISION] NO_TRADE | Pattern weak (0.38) | Conf: 0.00
2025-12-03 19:44:35 | INFO     | strategies.neural_hybrid | [DECISION] NO_TRADE | Pattern weak (0.38) | Conf: 0.00
2025-12-03 19:44:35 | INFO     | strategies.neural_hybrid | [DECISION] NO_TRADE | Pattern weak (0.37) | Conf: 0.00
2025-12-03 19:44:36 | INFO     | strategies.neural_hybrid | [DECISION] NO_TRADE | Pattern weak (0.37) | Conf: 0.00
2025-12-03 19:44:36 | INFO     | strategies.neural_hybrid | [DECISION] NO_TRADE | Pattern weak (0.37) | Conf: 0.00
2025-12-03 19:44:36 | INFO     | strategies.neural_hybrid | [DECISION] NO_TRADE | Pattern weak (0.36) | Conf: 0.00
2025-12-03 19:44:36 | INFO     | strategies.neural_hybrid | [DECISION] NO_TRADE | Pattern weak (0.36) | Conf: 0.00
2025-12-03 19:44:37 | INFO     | strategies.neural_hybrid | [DECISION] NO_TRADE | Pattern weak (0.36) | Conf: 0.00
2025-12-03 19:44:37 | INFO     | strategies.neural_hybrid | [DECISION] NO_TRADE | Pattern weak (0.36) | Conf: 0.00
2025-12-03 19:44:37 | INFO     | strategies.neural_hybrid | [DECISION] NO_TRADE | Pattern weak (0.36) | Conf: 0.00
2025-12-03 19:44:37 | INFO     | strategies.neural_hybrid | [DECISION] NO_TRADE | Pattern weak (0.36) | Conf: 0.00
2025-12-03 19:44:38 | INFO     | strategies.neural_hybrid | [DECISION] NO_TRADE | Pattern weak (0.35) | Conf: 0.00
2025-12-03 19:44:38 | INFO     | strategies.neural_hybrid | [DECISION] NO_TRADE | Pattern weak (0.36) | Conf: 0.00
2025-12-03 19:44:38 | INFO     | strategies.neural_hybrid | [DECISION] NO_TRADE | Pattern weak (0.36) | Conf: 0.00
2025-12-03 19:44:39 | INFO     | strategies.neural_hybrid | [DECISION] NO_TRADE | Pattern weak (0.36) | Conf: 0.00
2025-12-03 19:44:39 | INFO     | strategies.neural_hybrid | [DECISION] NO_TRADE | Pattern weak (0.36) | Conf: 0.00
2025-12-03 19:44:39 | INFO     | strategies.neural_hybrid | [DECISION] NO_TRADE | Pattern weak (0.36) | Conf: 0.00
2025-12-03 19:44:39 | INFO     | strategies.neural_hybrid | [DECISION] NO_TRADE | Pattern weak (0.37) | Conf: 0.00
2025-12-03 19:44:40 | INFO     | strategies.neural_hybrid | [DECISION] NO_TRADE | Pattern weak (0.37) | Conf: 0.00
2025-12-03 19:44:40 | INFO     | strategies.neural_hybrid | [DECISION] NO_TRADE | Pattern weak (0.36) | Conf: 0.00
2025-12-03 19:44:40 | INFO     | strategies.neural_hybrid | [DECISION] NO_TRADE | Pattern weak (0.36) | Conf: 0.00
2025-12-03 19:44:40 | INFO     | strategies.neural_hybrid | [DECISION] NO_TRADE | Pattern weak (0.36) | Conf: 0.00
2025-12-03 19:44:41 | INFO     | strategies.neural_hybrid | [DECISION] NO_TRADE | Pattern weak (0.36) | Conf: 0.00
2025-12-03 19:44:41 | INFO     | strategies.neural_hybrid | [DECISION] NO_TRADE | Pattern weak (0.37) | Conf: 0.00
2025-12-03 19:44:41 | INFO     | strategies.neural_hybrid | [DECISION] NO_TRADE | Pattern weak (0.36) | Conf: 0.00
2025-12-03 19:44:42 | INFO     | strategies.neural_hybrid | [DECISION] NO_TRADE | Pattern weak (0.37) | Conf: 0.00
2025-12-03 19:44:42 | INFO     | strategies.neural_hybrid | [DECISION] NO_TRADE | Pattern weak (0.37) | Conf: 0.00
2025-12-03 19:44:42 | INFO     | strategies.neural_hybrid | [DECISION] NO_TRADE | Pattern weak (0.37) | Conf: 0.00
2025-12-03 19:44:42 | INFO     | strategies.neural_hybrid | [DECISION] NO_TRADE | Pattern weak (0.36) | Conf: 0.00
2025-12-03 19:44:43 | INFO     | strategies.neural_hybrid | [DECISION] NO_TRADE | Pattern weak (0.36) | Conf: 0.00
2025-12-03 19:44:43 | INFO     | strategies.neural_hybrid | [DECISION] NO_TRADE | Pattern weak (0.36) | Conf: 0.00
2025-12-03 19:44:43 | INFO     | strategies.neural_hybrid | [DECISION] NO_TRADE | Pattern weak (0.36) | Conf: 0.00
2025-12-03 19:44:43 | INFO     | strategies.neural_hybrid | [DECISION] NO_TRADE | Pattern weak (0.36) | Conf: 0.00
2025-12-03 19:44:44 | INFO     | strategies.neural_hybrid | [DECISION] NO_TRADE | Pattern weak (0.36) | Conf: 0.00
2025-12-03 19:44:44 | INFO     | strategies.neural_hybrid | [DECISION] NO_TRADE | Pattern weak (0.35) | Conf: 0.00
2025-12-03 19:44:44 | INFO     | strategies.neural_hybrid | [DECISION] NO_TRADE | Pattern weak (0.36) | Conf: 0.00
2025-12-03 19:44:44 | INFO     | strategies.neural_hybrid | [DECISION] NO_TRADE | Pattern weak (0.36) | Conf: 0.00
2025-12-03 19:44:45 | INFO     | strategies.neural_hybrid | [DECISION] NO_TRADE | Pattern weak (0.36) | Conf: 0.00
2025-12-03 19:44:45 | INFO     | strategies.neural_hybrid | [DECISION] NO_TRADE | Pattern weak (0.36) | Conf: 0.00
2025-12-03 19:44:45 | INFO     | strategies.neural_hybrid | [DECISION] NO_TRADE | Pattern weak (0.36) | Conf: 0.00
2025-12-03 19:44:46 | INFO     | strategies.neural_hybrid | [DECISION] NO_TRADE | Pattern weak (0.36) | Conf: 0.00
2025-12-03 19:44:46 | INFO     | strategies.neural_hybrid | [DECISION] NO_TRADE | Pattern weak (0.35) | Conf: 0.00
2025-12-03 19:44:46 | INFO     | strategies.neural_hybrid | [DECISION] NO_TRADE | Pattern weak (0.36) | Conf: 0.00
2025-12-03 19:44:46 | INFO     | strategies.neural_hybrid | [DECISION] NO_TRADE | Pattern weak (0.35) | Conf: 0.00
2025-12-03 19:44:47 | INFO     | strategies.neural_hybrid | [DECISION] NO_TRADE | Pattern weak (0.35) | Conf: 0.00
2025-12-03 19:44:47 | INFO     | strategies.neural_hybrid | [DECISION] NO_TRADE | Pattern weak (0.37) | Conf: 0.00
2025-12-03 19:44:47 | INFO     | strategies.neural_hybrid | [DECISION] NO_TRADE | Pattern weak (0.37) | Conf: 0.00
2025-12-03 19:44:47 | INFO     | strategies.neural_hybrid | [DECISION] NO_TRADE | Pattern weak (0.38) | Conf: 0.00
2025-12-03 19:44:48 | INFO     | strategies.neural_hybrid | [DECISION] NO_TRADE | Pattern weak (0.38) | Conf: 0.00
2025-12-03 19:44:48 | INFO     | strategies.neural_hybrid | [DECISION] NO_TRADE | Pattern weak (0.38) | Conf: 0.00
2025-12-03 19:44:48 | INFO     | strategies.neural_hybrid | [DECISION] NO_TRADE | Pattern weak (0.38) | Conf: 0.00
2025-12-03 19:44:48 | INFO     | strategies.neural_hybrid | [DECISION] NO_TRADE | Pattern weak (0.38) | Conf: 0.00
2025-12-03 19:44:49 | INFO     | strategies.neural_hybrid | [DECISION] NO_TRADE | Pattern weak (0.37) | Conf: 0.00
2025-12-03 19:44:49 | INFO     | strategies.neural_hybrid | [DECISION] NO_TRADE | Pattern weak (0.37) | Conf: 0.00
2025-12-03 19:44:49 | INFO     | strategies.neural_hybrid | [DECISION] NO_TRADE | Pattern weak (0.36) | Conf: 0.00
2025-12-03 19:44:50 | INFO     | strategies.neural_hybrid | [DECISION] NO_TRADE | Pattern weak (0.37) | Conf: 0.00
2025-12-03 19:44:50 | INFO     | strategies.neural_hybrid | [DECISION] NO_TRADE | Pattern weak (0.36) | Conf: 0.00
2025-12-03 19:44:50 | INFO     | strategies.neural_hybrid | [DECISION] NO_TRADE | Pattern weak (0.37) | Conf: 0.00
2025-12-03 19:44:50 | INFO     | strategies.neural_hybrid | [DECISION] NO_TRADE | Pattern weak (0.36) | Conf: 0.00
2025-12-03 19:44:51 | INFO     | strategies.neural_hybrid | [DECISION] NO_TRADE | Pattern weak (0.36) | Conf: 0.00
2025-12-03 19:44:51 | INFO     | strategies.neural_hybrid | [DECISION] NO_TRADE | Pattern weak (0.36) | Conf: 0.00
2025-12-03 19:44:51 | INFO     | strategies.neural_hybrid | [DECISION] NO_TRADE | Pattern weak (0.36) | Conf: 0.00
2025-12-03 19:44:51 | INFO     | strategies.neural_hybrid | [DECISION] NO_TRADE | Pattern weak (0.37) | Conf: 0.00
2025-12-03 19:44:52 | INFO     | strategies.neural_hybrid | [DECISION] NO_TRADE | Pattern weak (0.37) | Conf: 0.00
2025-12-03 19:44:52 | INFO     | strategies.neural_hybrid | [DECISION] NO_TRADE | Pattern weak (0.37) | Conf: 0.00
2025-12-03 19:44:52 | INFO     | strategies.neural_hybrid | [DECISION] NO_TRADE | Pattern weak (0.37) | Conf: 0.00
2025-12-03 19:44:52 | INFO     | strategies.neural_hybrid | [DECISION] NO_TRADE | Pattern weak (0.37) | Conf: 0.00
2025-12-03 19:44:53 | INFO     | strategies.neural_hybrid | [DECISION] NO_TRADE | Pattern weak (0.37) | Conf: 0.00
2025-12-03 19:44:53 | INFO     | strategies.neural_hybrid | [DECISION] NO_TRADE | Pattern weak (0.37) | Conf: 0.00
2025-12-03 19:44:53 | INFO     | strategies.neural_hybrid | [DECISION] NO_TRADE | Pattern weak (0.37) | Conf: 0.00
2025-12-03 19:44:54 | INFO     | strategies.neural_hybrid | [DECISION] NO_TRADE | Pattern weak (0.37) | Conf: 0.00
2025-12-03 19:44:54 | INFO     | strategies.neural_hybrid | [DECISION] NO_TRADE | Pattern weak (0.38) | Conf: 0.00
2025-12-03 19:44:54 | INFO     | strategies.neural_hybrid | [DECISION] NO_TRADE | Pattern weak (0.38) | Conf: 0.00
2025-12-03 19:44:54 | INFO     | strategies.neural_hybrid | [DECISION] NO_TRADE | Pattern weak (0.38) | Conf: 0.00
2025-12-03 19:44:55 | INFO     | strategies.neural_hybrid | [DECISION] NO_TRADE | Pattern weak (0.38) | Conf: 0.00
2025-12-03 19:44:55 | INFO     | strategies.neural_hybrid | [DECISION] NO_TRADE | Pattern weak (0.38) | Conf: 0.00
2025-12-03 19:44:55 | INFO     | strategies.neural_hybrid | [DECISION] NO_TRADE | Pattern weak (0.38) | Conf: 0.00
2025-12-03 19:44:55 | INFO     | strategies.neural_hybrid | [DECISION] NO_TRADE | Pattern weak (0.37) | Conf: 0.00
2025-12-03 19:44:56 | INFO     | strategies.neural_hybrid | [DECISION] NO_TRADE | Pattern weak (0.36) | Conf: 0.00
2025-12-03 19:44:56 | INFO     | strategies.neural_hybrid | [DECISION] NO_TRADE | Pattern weak (0.36) | Conf: 0.00
2025-12-03 19:44:56 | INFO     | strategies.neural_hybrid | [DECISION] NO_TRADE | Pattern weak (0.35) | Conf: 0.00
2025-12-03 19:44:56 | INFO     | strategies.neural_hybrid | [DECISION] NO_TRADE | Pattern weak (0.35) | Conf: 0.00
2025-12-03 19:44:57 | INFO     | strategies.neural_hybrid | [DECISION] NO_TRADE | Pattern weak (0.36) | Conf: 0.00
2025-12-03 19:44:57 | INFO     | strategies.neural_hybrid | [DECISION] NO_TRADE | Pattern weak (0.35) | Conf: 0.00
2025-12-03 19:44:57 | INFO     | strategies.neural_hybrid | [DECISION] NO_TRADE | Pattern weak (0.36) | Conf: 0.00
2025-12-03 19:44:58 | INFO     | strategies.neural_hybrid | [DECISION] NO_TRADE | Pattern weak (0.35) | Conf: 0.00
2025-12-03 19:44:58 | INFO     | strategies.neural_hybrid | [DECISION] NO_TRADE | Pattern weak (0.35) | Conf: 0.00
2025-12-03 19:44:58 | INFO     | strategies.neural_hybrid | [DECISION] NO_TRADE | Pattern weak (0.36) | Conf: 0.00
2025-12-03 19:44:58 | INFO     | strategies.neural_hybrid | [DECISION] NO_TRADE | Pattern weak (0.37) | Conf: 0.00
2025-12-03 19:44:59 | INFO     | strategies.neural_hybrid | [DECISION] NO_TRADE | Pattern weak (0.37) | Conf: 0.00
2025-12-03 19:44:59 | INFO     | strategies.neural_hybrid | [DECISION] NO_TRADE | Pattern weak (0.37) | Conf: 0.00
2025-12-03 19:44:59 | INFO     | strategies.neural_hybrid | [DECISION] NO_TRADE | Pattern weak (0.37) | Conf: 0.00
2025-12-03 19:44:59 | INFO     | strategies.neural_hybrid | [DECISION] NO_TRADE | Pattern weak (0.37) | Conf: 0.00
2025-12-03 19:45:00 | INFO     | strategies.neural_hybrid | [DECISION] NO_TRADE | Pattern weak (0.37) | Conf: 0.00
2025-12-03 19:45:00 | INFO     | strategies.neural_hybrid | [DECISION] NO_TRADE | Pattern weak (0.37) | Conf: 0.00
2025-12-03 19:45:00 | INFO     | strategies.neural_hybrid | [DECISION] NO_TRADE | Pattern weak (0.38) | Conf: 0.00
2025-12-03 19:45:01 | INFO     | strategies.neural_hybrid | [DECISION] NO_TRADE | Pattern weak (0.37) | Conf: 0.00
2025-12-03 19:45:01 | INFO     | strategies.neural_hybrid | [DECISION] NO_TRADE | Pattern weak (0.37) | Conf: 0.00
2025-12-03 19:45:01 | INFO     | strategies.neural_hybrid | [DECISION] NO_TRADE | Pattern weak (0.37) | Conf: 0.00
2025-12-03 19:45:01 | INFO     | strategies.neural_hybrid | [DECISION] NO_TRADE | Pattern weak (0.37) | Conf: 0.00
2025-12-03 19:45:02 | INFO     | strategies.neural_hybrid | [DECISION] NO_TRADE | Pattern weak (0.36) | Conf: 0.00
2025-12-03 19:45:02 | INFO     | strategies.neural_hybrid | [DECISION] NO_TRADE | Pattern weak (0.36) | Conf: 0.00
2025-12-03 19:45:02 | INFO     | strategies.neural_hybrid | [DECISION] NO_TRADE | Pattern weak (0.36) | Conf: 0.00
2025-12-03 19:45:02 | INFO     | strategies.neural_hybrid | [DECISION] NO_TRADE | Pattern weak (0.35) | Conf: 0.00
2025-12-03 19:45:03 | INFO     | strategies.neural_hybrid | [DECISION] NO_TRADE | Pattern weak (0.36) | Conf: 0.00
2025-12-03 19:45:03 | INFO     | strategies.neural_hybrid | [DECISION] NO_TRADE | Pattern weak (0.35) | Conf: 0.00
2025-12-03 19:45:03 | INFO     | strategies.neural_hybrid | [DECISION] NO_TRADE | Pattern weak (0.36) | Conf: 0.00
2025-12-03 19:45:04 | INFO     | strategies.neural_hybrid | [DECISION] NO_TRADE | Pattern weak (0.36) | Conf: 0.00
2025-12-03 19:45:04 | INFO     | strategies.neural_hybrid | [DECISION] NO_TRADE | Pattern weak (0.36) | Conf: 0.00
2025-12-03 19:45:04 | INFO     | strategies.neural_hybrid | [DECISION] NO_TRADE | Pattern weak (0.36) | Conf: 0.00
2025-12-03 19:45:04 | INFO     | strategies.neural_hybrid | [DECISION] NO_TRADE | Pattern weak (0.36) | Conf: 0.00
2025-12-03 19:45:05 | INFO     | strategies.neural_hybrid | [DECISION] NO_TRADE | Pattern weak (0.35) | Conf: 0.00
2025-12-03 19:45:05 | INFO     | strategies.neural_hybrid | [DECISION] NO_TRADE | Pattern weak (0.37) | Conf: 0.00
2025-12-03 19:45:05 | INFO     | strategies.neural_hybrid | [DECISION] NO_TRADE | Pattern weak (0.35) | Conf: 0.00
2025-12-03 19:45:05 | INFO     | strategies.neural_hybrid | [DECISION] NO_TRADE | Pattern weak (0.35) | Conf: 0.00
2025-12-03 19:45:06 | INFO     | strategies.neural_hybrid | [DECISION] NO_TRADE | Pattern weak (0.35) | Conf: 0.00
2025-12-03 19:45:06 | INFO     | strategies.neural_hybrid | [DECISION] NO_TRADE | Pattern weak (0.35) | Conf: 0.00
2025-12-03 19:45:06 | INFO     | strategies.neural_hybrid | [DECISION] NO_TRADE | Pattern weak (0.35) | Conf: 0.00
2025-12-03 19:45:06 | INFO     | strategies.neural_hybrid | [DECISION] NO_TRADE | Pattern weak (0.35) | Conf: 0.00
2025-12-03 19:45:07 | INFO     | strategies.neural_hybrid | [DECISION] NO_TRADE | Pattern weak (0.34) | Conf: 0.00
2025-12-03 19:45:07 | INFO     | strategies.neural_hybrid | [DECISION] NO_TRADE | Pattern weak (0.34) | Conf: 0.00
2025-12-03 19:45:07 | INFO     | strategies.neural_hybrid | [DECISION] NO_TRADE | Pattern weak (0.35) | Conf: 0.00
2025-12-03 19:45:08 | INFO     | strategies.neural_hybrid | [DECISION] NO_TRADE | Pattern weak (0.35) | Conf: 0.00
2025-12-03 19:45:08 | INFO     | strategies.neural_hybrid | [DECISION] NO_TRADE | Pattern weak (0.35) | Conf: 0.00
2025-12-03 19:45:08 | INFO     | strategies.neural_hybrid | [DECISION] NO_TRADE | Pattern weak (0.35) | Conf: 0.00
2025-12-03 19:45:08 | INFO     | strategies.neural_hybrid | [DECISION] NO_TRADE | Pattern weak (0.35) | Conf: 0.00
2025-12-03 19:45:09 | INFO     | strategies.neural_hybrid | [DECISION] NO_TRADE | Pattern weak (0.36) | Conf: 0.00
2025-12-03 19:45:09 | INFO     | strategies.neural_hybrid | [DECISION] NO_TRADE | Pattern weak (0.36) | Conf: 0.00
2025-12-03 19:45:09 | INFO     | strategies.neural_hybrid | [DECISION] NO_TRADE | Pattern weak (0.35) | Conf: 0.00
2025-12-03 19:45:10 | INFO     | strategies.neural_hybrid | [DECISION] NO_TRADE | Pattern weak (0.35) | Conf: 0.00
2025-12-03 19:45:10 | INFO     | strategies.neural_hybrid | [DECISION] NO_TRADE | Pattern weak (0.35) | Conf: 0.00
2025-12-03 19:45:10 | INFO     | strategies.neural_hybrid | [DECISION] NO_TRADE | Pattern weak (0.36) | Conf: 0.00
2025-12-03 19:45:11 | INFO     | strategies.neural_hybrid | [DECISION] NO_TRADE | Pattern weak (0.36) | Conf: 0.00
2025-12-03 19:45:11 | INFO     | strategies.neural_hybrid | [DECISION] NO_TRADE | Pattern weak (0.36) | Conf: 0.00
2025-12-03 19:45:11 | INFO     | strategies.neural_hybrid | [DECISION] NO_TRADE | Pattern weak (0.35) | Conf: 0.00
2025-12-03 19:45:12 | INFO     | strategies.neural_hybrid | [DECISION] NO_TRADE | Pattern weak (0.36) | Conf: 0.00
2025-12-03 19:45:12 | INFO     | strategies.neural_hybrid | [DECISION] NO_TRADE | Pattern weak (0.36) | Conf: 0.00
2025-12-03 19:45:12 | INFO     | strategies.neural_hybrid | [DECISION] NO_TRADE | Pattern weak (0.34) | Conf: 0.00
2025-12-03 19:45:13 | INFO     | strategies.neural_hybrid | [DECISION] NO_TRADE | Pattern weak (0.35) | Conf: 0.00
2025-12-03 19:45:13 | INFO     | strategies.neural_hybrid | [DECISION] NO_TRADE | Pattern weak (0.35) | Conf: 0.00
2025-12-03 19:45:13 | INFO     | strategies.neural_hybrid | [DECISION] NO_TRADE | Pattern weak (0.36) | Conf: 0.00
2025-12-03 19:45:14 | INFO     | strategies.neural_hybrid | [DECISION] NO_TRADE | Pattern weak (0.34) | Conf: 0.00
2025-12-03 19:45:14 | INFO     | strategies.neural_hybrid | [DECISION] NO_TRADE | Pattern weak (0.36) | Conf: 0.00
2025-12-03 19:45:14 | INFO     | strategies.neural_hybrid | [DECISION] NO_TRADE | Pattern weak (0.35) | Conf: 0.00
2025-12-03 19:45:15 | INFO     | strategies.neural_hybrid | [DECISION] NO_TRADE | Pattern weak (0.34) | Conf: 0.00
2025-12-03 19:45:15 | INFO     | strategies.neural_hybrid | [DECISION] NO_TRADE | Pattern weak (0.34) | Conf: 0.00
2025-12-03 19:45:15 | INFO     | strategies.neural_hybrid | [DECISION] NO_TRADE | Pattern weak (0.34) | Conf: 0.00
2025-12-03 19:45:16 | INFO     | strategies.neural_hybrid | [DECISION] NO_TRADE | Pattern weak (0.34) | Conf: 0.00
2025-12-03 19:45:16 | INFO     | strategies.neural_hybrid | [DECISION] NO_TRADE | Pattern weak (0.35) | Conf: 0.00
2025-12-03 19:45:17 | INFO     | strategies.neural_hybrid | [DECISION] NO_TRADE | Pattern weak (0.34) | Conf: 0.00
2025-12-03 19:45:17 | INFO     | strategies.neural_hybrid | [DECISION] NO_TRADE | Pattern weak (0.35) | Conf: 0.00
2025-12-03 19:45:17 | INFO     | strategies.neural_hybrid | [DECISION] NO_TRADE | Pattern weak (0.34) | Conf: 0.00
2025-12-03 19:45:18 | INFO     | strategies.neural_hybrid | [DECISION] NO_TRADE | Pattern weak (0.35) | Conf: 0.00
2025-12-03 19:45:18 | INFO     | strategies.neural_hybrid | [DECISION] NO_TRADE | Pattern weak (0.36) | Conf: 0.00
2025-12-03 19:45:18 | INFO     | strategies.neural_hybrid | [DECISION] NO_TRADE | Pattern weak (0.36) | Conf: 0.00
2025-12-03 19:45:19 | INFO     | strategies.neural_hybrid | [DECISION] NO_TRADE | Pattern weak (0.35) | Conf: 0.00
2025-12-03 19:45:19 | INFO     | strategies.neural_hybrid | [DECISION] NO_TRADE | Pattern weak (0.36) | Conf: 0.00
2025-12-03 19:45:19 | INFO     | strategies.neural_hybrid | [DECISION] NO_TRADE | Pattern weak (0.37) | Conf: 0.00
2025-12-03 19:45:20 | INFO     | strategies.neural_hybrid | [DECISION] NO_TRADE | Pattern weak (0.36) | Conf: 0.00
2025-12-03 19:45:20 | INFO     | strategies.neural_hybrid | [DECISION] NO_TRADE | Pattern weak (0.36) | Conf: 0.00
2025-12-03 19:45:20 | INFO     | strategies.neural_hybrid | [DECISION] NO_TRADE | Pattern weak (0.36) | Conf: 0.00
2025-12-03 19:45:21 | INFO     | strategies.neural_hybrid | [DECISION] NO_TRADE | Pattern weak (0.36) | Conf: 0.00
2025-12-03 19:45:21 | INFO     | strategies.neural_hybrid | [DECISION] NO_TRADE | Pattern weak (0.36) | Conf: 0.00
2025-12-03 19:45:21 | INFO     | strategies.neural_hybrid | [DECISION] NO_TRADE | Pattern weak (0.36) | Conf: 0.00
2025-12-03 19:45:22 | INFO     | strategies.neural_hybrid | [DECISION] NO_TRADE | Pattern weak (0.36) | Conf: 0.00
2025-12-03 19:45:22 | INFO     | strategies.neural_hybrid | [DECISION] NO_TRADE | Pattern weak (0.36) | Conf: 0.00
2025-12-03 19:45:22 | INFO     | strategies.neural_hybrid | [DECISION] NO_TRADE | Pattern weak (0.36) | Conf: 0.00
2025-12-03 19:45:23 | INFO     | strategies.neural_hybrid | [DECISION] NO_TRADE | Pattern weak (0.36) | Conf: 0.00
2025-12-03 19:45:23 | INFO     | strategies.neural_hybrid | [DECISION] NO_TRADE | Pattern weak (0.36) | Conf: 0.00
2025-12-03 19:45:23 | INFO     | strategies.neural_hybrid | [DECISION] NO_TRADE | Pattern weak (0.33) | Conf: 0.00
2025-12-03 19:45:24 | INFO     | strategies.neural_hybrid | [DECISION] NO_TRADE | Pattern weak (0.35) | Conf: 0.00
2025-12-03 19:45:24 | INFO     | strategies.neural_hybrid | [DECISION] NO_TRADE | Pattern weak (0.34) | Conf: 0.00
2025-12-03 19:45:24 | INFO     | strategies.neural_hybrid | [DECISION] NO_TRADE | Pattern weak (0.34) | Conf: 0.00
2025-12-03 19:45:25 | INFO     | strategies.neural_hybrid | [DECISION] NO_TRADE | Pattern weak (0.35) | Conf: 0.00
2025-12-03 19:45:25 | INFO     | strategies.neural_hybrid | [DECISION] NO_TRADE | Pattern weak (0.35) | Conf: 0.00
2025-12-03 19:45:25 | INFO     | strategies.neural_hybrid | [DECISION] NO_TRADE | Pattern weak (0.35) | Conf: 0.00
2025-12-03 19:45:26 | INFO     | strategies.neural_hybrid | [DECISION] NO_TRADE | Pattern weak (0.34) | Conf: 0.00
2025-12-03 19:45:26 | INFO     | strategies.neural_hybrid | [DECISION] NO_TRADE | Pattern weak (0.34) | Conf: 0.00
2025-12-03 19:45:27 | INFO     | strategies.neural_hybrid | [DECISION] NO_TRADE | Pattern weak (0.35) | Conf: 0.00
2025-12-03 19:45:27 | INFO     | strategies.neural_hybrid | [DECISION] NO_TRADE | Pattern weak (0.35) | Conf: 0.00
2025-12-03 19:45:27 | INFO     | strategies.neural_hybrid | [DECISION] NO_TRADE | Pattern weak (0.36) | Conf: 0.00
2025-12-03 19:45:28 | INFO     | strategies.neural_hybrid | [DECISION] NO_TRADE | Pattern weak (0.36) | Conf: 0.00
2025-12-03 19:45:28 | INFO     | strategies.neural_hybrid | [DECISION] NO_TRADE | Pattern weak (0.35) | Conf: 0.00
2025-12-03 19:45:28 | INFO     | strategies.neural_hybrid | [DECISION] NO_TRADE | Pattern weak (0.36) | Conf: 0.00
2025-12-03 19:45:29 | INFO     | strategies.neural_hybrid | [DECISION] NO_TRADE | Pattern weak (0.36) | Conf: 0.00
2025-12-03 19:45:29 | INFO     | strategies.neural_hybrid | [DECISION] NO_TRADE | Pattern weak (0.36) | Conf: 0.00
2025-12-03 19:45:29 | INFO     | strategies.neural_hybrid | [DECISION] NO_TRADE | Pattern weak (0.34) | Conf: 0.00
2025-12-03 19:45:30 | INFO     | strategies.neural_hybrid | [DECISION] NO_TRADE | Pattern weak (0.34) | Conf: 0.00
2025-12-03 19:45:30 | INFO     | strategies.neural_hybrid | [DECISION] NO_TRADE | Pattern weak (0.34) | Conf: 0.00
2025-12-03 19:45:30 | INFO     | strategies.neural_hybrid | [DECISION] NO_TRADE | Pattern weak (0.34) | Conf: 0.00
2025-12-03 19:45:31 | INFO     | strategies.neural_hybrid | [DECISION] NO_TRADE | Pattern weak (0.35) | Conf: 0.00
2025-12-03 19:45:31 | INFO     | strategies.neural_hybrid | [DECISION] NO_TRADE | Pattern weak (0.37) | Conf: 0.00
2025-12-03 19:45:31 | INFO     | strategies.neural_hybrid | [DECISION] NO_TRADE | Pattern weak (0.36) | Conf: 0.00
2025-12-03 19:45:32 | INFO     | strategies.neural_hybrid | [DECISION] NO_TRADE | Pattern weak (0.37) | Conf: 0.00
2025-12-03 19:45:32 | INFO     | strategies.neural_hybrid | [DECISION] NO_TRADE | Pattern weak (0.36) | Conf: 0.00
2025-12-03 19:45:32 | INFO     | strategies.neural_hybrid | [DECISION] NO_TRADE | Pattern weak (0.34) | Conf: 0.00
2025-12-03 19:45:33 | INFO     | strategies.neural_hybrid | [DECISION] NO_TRADE | Pattern weak (0.34) | Conf: 0.00
2025-12-03 19:45:33 | INFO     | strategies.neural_hybrid | [DECISION] NO_TRADE | Pattern weak (0.34) | Conf: 0.00
2025-12-03 19:45:33 | INFO     | strategies.neural_hybrid | [DECISION] NO_TRADE | Pattern weak (0.34) | Conf: 0.00
2025-12-03 19:45:34 | INFO     | strategies.neural_hybrid | [DECISION] NO_TRADE | Pattern weak (0.35) | Conf: 0.00
2025-12-03 19:45:34 | INFO     | strategies.neural_hybrid | [DECISION] NO_TRADE | Pattern weak (0.35) | Conf: 0.00
2025-12-03 19:45:34 | INFO     | strategies.neural_hybrid | [DECISION] NO_TRADE | Pattern weak (0.35) | Conf: 0.00
2025-12-03 19:45:35 | INFO     | strategies.neural_hybrid | [DECISION] NO_TRADE | Pattern weak (0.36) | Conf: 0.00
2025-12-03 19:45:35 | INFO     | strategies.neural_hybrid | [DECISION] NO_TRADE | Pattern weak (0.35) | Conf: 0.00
2025-12-03 19:45:36 | INFO     | strategies.neural_hybrid | [DECISION] NO_TRADE | Pattern weak (0.36) | Conf: 0.00
2025-12-03 19:45:36 | INFO     | strategies.neural_hybrid | [DECISION] NO_TRADE | Pattern weak (0.36) | Conf: 0.00
2025-12-03 19:45:36 | INFO     | strategies.neural_hybrid | [DECISION] NO_TRADE | Pattern weak (0.36) | Conf: 0.00
2025-12-03 19:45:37 | INFO     | strategies.neural_hybrid | [DECISION] NO_TRADE | Pattern weak (0.36) | Conf: 0.00
2025-12-03 19:45:37 | INFO     | strategies.neural_hybrid | [DECISION] NO_TRADE | Pattern weak (0.36) | Conf: 0.00
2025-12-03 19:45:37 | INFO     | strategies.neural_hybrid | [DECISION] NO_TRADE | Pattern weak (0.36) | Conf: 0.00
2025-12-03 19:45:38 | INFO     | strategies.neural_hybrid | [DECISION] NO_TRADE | Pattern weak (0.36) | Conf: 0.00
2025-12-03 19:45:38 | INFO     | strategies.neural_hybrid | [DECISION] NO_TRADE | Pattern weak (0.36) | Conf: 0.00
2025-12-03 19:45:38 | INFO     | strategies.neural_hybrid | [DECISION] NO_TRADE | Pattern weak (0.36) | Conf: 0.00
2025-12-03 19:45:39 | INFO     | strategies.neural_hybrid | [DECISION] NO_TRADE | Pattern weak (0.36) | Conf: 0.00
2025-12-03 19:45:39 | INFO     | strategies.neural_hybrid | [DECISION] NO_TRADE | Pattern weak (0.37) | Conf: 0.00
2025-12-03 19:45:39 | INFO     | strategies.neural_hybrid | [DECISION] NO_TRADE | Pattern weak (0.38) | Conf: 0.00
2025-12-03 19:45:40 | INFO     | strategies.neural_hybrid | [DECISION] NO_TRADE | Pattern weak (0.38) | Conf: 0.00
2025-12-03 19:45:40 | INFO     | strategies.neural_hybrid | [DECISION] NO_TRADE | Pattern weak (0.38) | Conf: 0.00
2025-12-03 19:45:40 | INFO     | strategies.neural_hybrid | [DECISION] NO_TRADE | Pattern weak (0.35) | Conf: 0.00
2025-12-03 19:45:41 | INFO     | strategies.neural_hybrid | [DECISION] NO_TRADE | Pattern weak (0.35) | Conf: 0.00
2025-12-03 19:45:41 | INFO     | strategies.neural_hybrid | [DECISION] NO_TRADE | Pattern weak (0.35) | Conf: 0.00
2025-12-03 19:45:41 | INFO     | strategies.neural_hybrid | [DECISION] NO_TRADE | Pattern weak (0.36) | Conf: 0.00
2025-12-03 19:45:42 | INFO     | strategies.neural_hybrid | [DECISION] NO_TRADE | Pattern weak (0.35) | Conf: 0.00
2025-12-03 19:45:42 | INFO     | strategies.neural_hybrid | [DECISION] NO_TRADE | Pattern weak (0.36) | Conf: 0.00
2025-12-03 19:45:42 | INFO     | strategies.neural_hybrid | [DECISION] NO_TRADE | Pattern weak (0.36) | Conf: 0.00
2025-12-03 19:45:43 | INFO     | strategies.neural_hybrid | [DECISION] NO_TRADE | Pattern weak (0.36) | Conf: 0.00
2025-12-03 19:45:43 | INFO     | strategies.neural_hybrid | [DECISION] NO_TRADE | Pattern weak (0.36) | Conf: 0.00
2025-12-03 19:45:43 | INFO     | strategies.neural_hybrid | [DECISION] NO_TRADE | Pattern weak (0.37) | Conf: 0.00
2025-12-03 19:45:44 | INFO     | strategies.neural_hybrid | [DECISION] NO_TRADE | Pattern weak (0.36) | Conf: 0.00
2025-12-03 19:45:44 | INFO     | strategies.neural_hybrid | [DECISION] NO_TRADE | Pattern weak (0.36) | Conf: 0.00
2025-12-03 19:45:44 | INFO     | strategies.neural_hybrid | [DECISION] NO_TRADE | Pattern weak (0.36) | Conf: 0.00
2025-12-03 19:45:45 | INFO     | strategies.neural_hybrid | [DECISION] NO_TRADE | Pattern weak (0.37) | Conf: 0.00
2025-12-03 19:45:45 | INFO     | strategies.neural_hybrid | [DECISION] NO_TRADE | Pattern weak (0.36) | Conf: 0.00
2025-12-03 19:45:45 | INFO     | strategies.neural_hybrid | [DECISION] NO_TRADE | Pattern weak (0.37) | Conf: 0.00
2025-12-03 19:45:46 | INFO     | strategies.neural_hybrid | [DECISION] NO_TRADE | Pattern weak (0.37) | Conf: 0.00
2025-12-03 19:45:46 | INFO     | strategies.neural_hybrid | [DECISION] NO_TRADE | Pattern weak (0.38) | Conf: 0.00
2025-12-03 19:45:46 | INFO     | strategies.neural_hybrid | [DECISION] NO_TRADE | Pattern weak (0.38) | Conf: 0.00
2025-12-03 19:45:47 | INFO     | strategies.neural_hybrid | [DECISION] NO_TRADE | Pattern weak (0.37) | Conf: 0.00
2025-12-03 19:45:47 | INFO     | strategies.neural_hybrid | [DECISION] NO_TRADE | Pattern weak (0.38) | Conf: 0.00
2025-12-03 19:45:48 | INFO     | strategies.neural_hybrid | [DECISION] NO_TRADE | Pattern weak (0.38) | Conf: 0.00
2025-12-03 19:45:48 | INFO     | strategies.neural_hybrid | [DECISION] NO_TRADE | Pattern weak (0.38) | Conf: 0.00
2025-12-03 19:45:48 | INFO     | strategies.neural_hybrid | [DECISION] NO_TRADE | Pattern weak (0.38) | Conf: 0.00
2025-12-03 19:45:49 | INFO     | strategies.neural_hybrid | [DECISION] NO_TRADE | Pattern weak (0.37) | Conf: 0.00
2025-12-03 19:45:49 | INFO     | strategies.neural_hybrid | [DECISION] NO_TRADE | Pattern weak (0.37) | Conf: 0.00
2025-12-03 19:45:49 | INFO     | strategies.neural_hybrid | [DECISION] NO_TRADE | Pattern weak (0.36) | Conf: 0.00
2025-12-03 19:45:50 | INFO     | strategies.neural_hybrid | [DECISION] NO_TRADE | Pattern weak (0.37) | Conf: 0.00
2025-12-03 19:45:50 | INFO     | strategies.neural_hybrid | [DECISION] NO_TRADE | Pattern weak (0.35) | Conf: 0.00
2025-12-03 19:45:50 | INFO     | strategies.neural_hybrid | [DECISION] NO_TRADE | Pattern weak (0.36) | Conf: 0.00
2025-12-03 19:45:51 | INFO     | strategies.neural_hybrid | [DECISION] NO_TRADE | Pattern weak (0.36) | Conf: 0.00
2025-12-03 19:45:51 | INFO     | strategies.neural_hybrid | [DECISION] NO_TRADE | Pattern weak (0.36) | Conf: 0.00
2025-12-03 19:45:51 | INFO     | strategies.neural_hybrid | [DECISION] NO_TRADE | Pattern weak (0.36) | Conf: 0.00
2025-12-03 19:45:52 | INFO     | strategies.neural_hybrid | [DECISION] NO_TRADE | Pattern weak (0.36) | Conf: 0.00
2025-12-03 19:45:52 | INFO     | strategies.neural_hybrid | [DECISION] NO_TRADE | Pattern weak (0.36) | Conf: 0.00
2025-12-03 19:45:52 | INFO     | strategies.neural_hybrid | [DECISION] NO_TRADE | Pattern weak (0.36) | Conf: 0.00
2025-12-03 19:45:53 | INFO     | strategies.neural_hybrid | [DECISION] NO_TRADE | Pattern weak (0.36) | Conf: 0.00
2025-12-03 19:45:53 | INFO     | strategies.neural_hybrid | [DECISION] NO_TRADE | Pattern weak (0.35) | Conf: 0.00
2025-12-03 19:45:53 | INFO     | strategies.neural_hybrid | [DECISION] NO_TRADE | Pattern weak (0.36) | Conf: 0.00
2025-12-03 19:45:54 | INFO     | strategies.neural_hybrid | [DECISION] NO_TRADE | Pattern weak (0.37) | Conf: 0.00
2025-12-03 19:45:54 | INFO     | strategies.neural_hybrid | [DECISION] NO_TRADE | Pattern weak (0.37) | Conf: 0.00
2025-12-03 19:45:54 | INFO     | strategies.neural_hybrid | [DECISION] NO_TRADE | Pattern weak (0.37) | Conf: 0.00
2025-12-03 19:45:55 | INFO     | strategies.neural_hybrid | [DECISION] NO_TRADE | Pattern weak (0.37) | Conf: 0.00
2025-12-03 19:45:55 | INFO     | strategies.neural_hybrid | [DECISION] NO_TRADE | Pattern weak (0.37) | Conf: 0.00
2025-12-03 19:45:55 | INFO     | strategies.neural_hybrid | [DECISION] NO_TRADE | Pattern weak (0.37) | Conf: 0.00
2025-12-03 19:45:56 | INFO     | strategies.neural_hybrid | [DECISION] NO_TRADE | Pattern weak (0.37) | Conf: 0.00
2025-12-03 19:45:56 | INFO     | strategies.neural_hybrid | [DECISION] NO_TRADE | Pattern weak (0.37) | Conf: 0.00
2025-12-03 19:45:56 | INFO     | strategies.neural_hybrid | [DECISION] NO_TRADE | Pattern weak (0.37) | Conf: 0.00
2025-12-03 19:45:57 | INFO     | strategies.neural_hybrid | [DECISION] NO_TRADE | Pattern weak (0.38) | Conf: 0.00
2025-12-03 19:45:57 | INFO     | strategies.neural_hybrid | [DECISION] NO_TRADE | Pattern weak (0.37) | Conf: 0.00
2025-12-03 19:45:57 | INFO     | strategies.neural_hybrid | [DECISION] NO_TRADE | Pattern weak (0.36) | Conf: 0.00
2025-12-03 19:45:58 | INFO     | strategies.neural_hybrid | [DECISION] NO_TRADE | Pattern weak (0.37) | Conf: 0.00
2025-12-03 19:45:58 | INFO     | strategies.neural_hybrid | [DECISION] NO_TRADE | Pattern weak (0.37) | Conf: 0.00
2025-12-03 19:45:58 | INFO     | strategies.neural_hybrid | [DECISION] NO_TRADE | Pattern weak (0.37) | Conf: 0.00
2025-12-03 19:45:59 | INFO     | strategies.neural_hybrid | [DECISION] NO_TRADE | Pattern weak (0.36) | Conf: 0.00
2025-12-03 19:45:59 | INFO     | strategies.neural_hybrid | [DECISION] NO_TRADE | Pattern weak (0.36) | Conf: 0.00
2025-12-03 19:45:59 | INFO     | strategies.neural_hybrid | [DECISION] NO_TRADE | Pattern weak (0.36) | Conf: 0.00
2025-12-03 19:45:59 | INFO     | strategies.neural_hybrid | [DECISION] NO_TRADE | Pattern weak (0.37) | Conf: 0.00
2025-12-03 19:46:00 | INFO     | strategies.neural_hybrid | [DECISION] NO_TRADE | Pattern weak (0.36) | Conf: 0.00
2025-12-03 19:46:00 | INFO     | strategies.neural_hybrid | [DECISION] NO_TRADE | Pattern weak (0.36) | Conf: 0.00
2025-12-03 19:46:00 | INFO     | strategies.neural_hybrid | [DECISION] NO_TRADE | Pattern weak (0.36) | Conf: 0.00
2025-12-03 19:46:01 | INFO     | strategies.neural_hybrid | [DECISION] NO_TRADE | Pattern weak (0.37) | Conf: 0.00
2025-12-03 19:46:01 | INFO     | strategies.neural_hybrid | [DECISION] NO_TRADE | Pattern weak (0.37) | Conf: 0.00
2025-12-03 19:46:01 | INFO     | strategies.neural_hybrid | [DECISION] NO_TRADE | Pattern weak (0.37) | Conf: 0.00
2025-12-03 19:46:02 | INFO     | strategies.neural_hybrid | [DECISION] NO_TRADE | Pattern weak (0.37) | Conf: 0.00
2025-12-03 19:46:02 | INFO     | strategies.neural_hybrid | [DECISION] NO_TRADE | Pattern weak (0.37) | Conf: 0.00
2025-12-03 19:46:02 | INFO     | strategies.neural_hybrid | [DECISION] NO_TRADE | Pattern weak (0.37) | Conf: 0.00
2025-12-03 19:46:03 | INFO     | strategies.neural_hybrid | [DECISION] NO_TRADE | Pattern weak (0.36) | Conf: 0.00
2025-12-03 19:46:03 | INFO     | strategies.neural_hybrid | [DECISION] NO_TRADE | Pattern weak (0.37) | Conf: 0.00
2025-12-03 19:46:03 | INFO     | strategies.neural_hybrid | [DECISION] NO_TRADE | Pattern weak (0.38) | Conf: 0.00
2025-12-03 19:46:04 | INFO     | strategies.neural_hybrid | [DECISION] NO_TRADE | Pattern weak (0.38) | Conf: 0.00
2025-12-03 19:46:04 | INFO     | strategies.neural_hybrid | [DECISION] NO_TRADE | Pattern weak (0.37) | Conf: 0.00
2025-12-03 19:46:04 | INFO     | strategies.neural_hybrid | [DECISION] NO_TRADE | Pattern weak (0.37) | Conf: 0.00
2025-12-03 19:46:05 | INFO     | strategies.neural_hybrid | [DECISION] NO_TRADE | Pattern weak (0.37) | Conf: 0.00
2025-12-03 19:46:05 | INFO     | strategies.neural_hybrid | [DECISION] NO_TRADE | Pattern weak (0.37) | Conf: 0.00
2025-12-03 19:46:05 | INFO     | strategies.neural_hybrid | [DECISION] NO_TRADE | Pattern weak (0.36) | Conf: 0.00
2025-12-03 19:46:06 | INFO     | strategies.neural_hybrid | [DECISION] NO_TRADE | Pattern weak (0.36) | Conf: 0.00
2025-12-03 19:46:06 | INFO     | strategies.neural_hybrid | [DECISION] NO_TRADE | Pattern weak (0.35) | Conf: 0.00
2025-12-03 19:46:06 | INFO     | strategies.neural_hybrid | [DECISION] NO_TRADE | Pattern weak (0.36) | Conf: 0.00
2025-12-03 19:46:07 | INFO     | strategies.neural_hybrid | [DECISION] NO_TRADE | Pattern weak (0.35) | Conf: 0.00
2025-12-03 19:46:07 | INFO     | strategies.neural_hybrid | [DECISION] NO_TRADE | Pattern weak (0.35) | Conf: 0.00
2025-12-03 19:46:07 | INFO     | strategies.neural_hybrid | [DECISION] NO_TRADE | Pattern weak (0.35) | Conf: 0.00
2025-12-03 19:46:08 | INFO     | strategies.neural_hybrid | [DECISION] NO_TRADE | Pattern weak (0.36) | Conf: 0.00
2025-12-03 19:46:08 | INFO     | strategies.neural_hybrid | [DECISION] NO_TRADE | Pattern weak (0.35) | Conf: 0.00
2025-12-03 19:46:08 | INFO     | strategies.neural_hybrid | [DECISION] NO_TRADE | Pattern weak (0.35) | Conf: 0.00
2025-12-03 19:46:09 | INFO     | strategies.neural_hybrid | [DECISION] NO_TRADE | Pattern weak (0.35) | Conf: 0.00
2025-12-03 19:46:09 | INFO     | strategies.neural_hybrid | [DECISION] NO_TRADE | Pattern weak (0.35) | Conf: 0.00
2025-12-03 19:46:09 | INFO     | strategies.neural_hybrid | [DECISION] NO_TRADE | Pattern weak (0.36) | Conf: 0.00
2025-12-03 19:46:10 | INFO     | strategies.neural_hybrid | [DECISION] NO_TRADE | Pattern weak (0.36) | Conf: 0.00
2025-12-03 19:46:10 | INFO     | strategies.neural_hybrid | [DECISION] NO_TRADE | Pattern weak (0.36) | Conf: 0.00
2025-12-03 19:46:10 | INFO     | strategies.neural_hybrid | [DECISION] NO_TRADE | Pattern weak (0.36) | Conf: 0.00
2025-12-03 19:46:11 | INFO     | strategies.neural_hybrid | [DECISION] NO_TRADE | Pattern weak (0.36) | Conf: 0.00
2025-12-03 19:46:11 | INFO     | strategies.neural_hybrid | [DECISION] NO_TRADE | Pattern weak (0.37) | Conf: 0.00
2025-12-03 19:46:11 | INFO     | strategies.neural_hybrid | [DECISION] NO_TRADE | Pattern weak (0.37) | Conf: 0.00
2025-12-03 19:46:12 | INFO     | strategies.neural_hybrid | [DECISION] NO_TRADE | Pattern weak (0.36) | Conf: 0.00
2025-12-03 19:46:12 | INFO     | strategies.neural_hybrid | [DECISION] NO_TRADE | Pattern weak (0.36) | Conf: 0.00
2025-12-03 19:46:12 | INFO     | strategies.neural_hybrid | [DECISION] NO_TRADE | Pattern weak (0.36) | Conf: 0.00
2025-12-03 19:46:13 | INFO     | strategies.neural_hybrid | [DECISION] NO_TRADE | Pattern weak (0.37) | Conf: 0.00
2025-12-03 19:46:13 | INFO     | strategies.neural_hybrid | [DECISION] NO_TRADE | Pattern weak (0.37) | Conf: 0.00
2025-12-03 19:46:13 | INFO     | strategies.neural_hybrid | [DECISION] NO_TRADE | Pattern weak (0.38) | Conf: 0.00
2025-12-03 19:46:14 | INFO     | strategies.neural_hybrid | [DECISION] NO_TRADE | Pattern weak (0.37) | Conf: 0.00
2025-12-03 19:46:14 | INFO     | strategies.neural_hybrid | [DECISION] NO_TRADE | Pattern weak (0.37) | Conf: 0.00
2025-12-03 19:46:14 | INFO     | strategies.neural_hybrid | [DECISION] NO_TRADE | Pattern weak (0.37) | Conf: 0.00
2025-12-03 19:46:15 | INFO     | strategies.neural_hybrid | [DECISION] NO_TRADE | Pattern weak (0.36) | Conf: 0.00
2025-12-03 19:46:15 | INFO     | strategies.neural_hybrid | [DECISION] NO_TRADE | Pattern weak (0.37) | Conf: 0.00
2025-12-03 19:46:15 | INFO     | strategies.neural_hybrid | [DECISION] NO_TRADE | Pattern weak (0.37) | Conf: 0.00
2025-12-03 19:46:16 | INFO     | strategies.neural_hybrid | [DECISION] NO_TRADE | Pattern weak (0.36) | Conf: 0.00
2025-12-03 19:46:16 | INFO     | strategies.neural_hybrid | [DECISION] NO_TRADE | Pattern weak (0.36) | Conf: 0.00
2025-12-03 19:46:16 | INFO     | strategies.neural_hybrid | [DECISION] NO_TRADE | Pattern weak (0.36) | Conf: 0.00
2025-12-03 19:46:17 | INFO     | strategies.neural_hybrid | [DECISION] NO_TRADE | Pattern weak (0.37) | Conf: 0.00
2025-12-03 19:46:17 | INFO     | strategies.neural_hybrid | [DECISION] NO_TRADE | Pattern weak (0.37) | Conf: 0.00
2025-12-03 19:46:17 | INFO     | strategies.neural_hybrid | [DECISION] NO_TRADE | Pattern weak (0.37) | Conf: 0.00
2025-12-03 19:46:18 | INFO     | strategies.neural_hybrid | [DECISION] NO_TRADE | Pattern weak (0.37) | Conf: 0.00
2025-12-03 19:46:18 | INFO     | strategies.neural_hybrid | [DECISION] NO_TRADE | Pattern weak (0.37) | Conf: 0.00
2025-12-03 19:46:19 | INFO     | strategies.neural_hybrid | [DECISION] NO_TRADE | Pattern weak (0.37) | Conf: 0.00
2025-12-03 19:46:19 | INFO     | strategies.neural_hybrid | [DECISION] NO_TRADE | Pattern weak (0.37) | Conf: 0.00
2025-12-03 19:46:19 | INFO     | strategies.neural_hybrid | [DECISION] NO_TRADE | Pattern weak (0.37) | Conf: 0.00
2025-12-03 19:46:20 | INFO     | strategies.neural_hybrid | [DECISION] NO_TRADE | Pattern weak (0.37) | Conf: 0.00
2025-12-03 19:46:20 | INFO     | strategies.neural_hybrid | [DECISION] NO_TRADE | Pattern weak (0.38) | Conf: 0.00
2025-12-03 19:46:20 | INFO     | strategies.neural_hybrid | [DECISION] NO_TRADE | Pattern weak (0.37) | Conf: 0.00
2025-12-03 19:46:21 | INFO     | strategies.neural_hybrid | [DECISION] NO_TRADE | Pattern weak (0.38) | Conf: 0.00
2025-12-03 19:46:21 | INFO     | strategies.neural_hybrid | [DECISION] NO_TRADE | Pattern weak (0.37) | Conf: 0.00
2025-12-03 19:46:21 | INFO     | strategies.neural_hybrid | [DECISION] NO_TRADE | Pattern weak (0.37) | Conf: 0.00
2025-12-03 19:46:22 | INFO     | strategies.neural_hybrid | [DECISION] NO_TRADE | Pattern weak (0.36) | Conf: 0.00
2025-12-03 19:46:22 | INFO     | strategies.neural_hybrid | [DECISION] NO_TRADE | Pattern weak (0.36) | Conf: 0.00
2025-12-03 19:46:22 | INFO     | strategies.neural_hybrid | [DECISION] NO_TRADE | Pattern weak (0.36) | Conf: 0.00
2025-12-03 19:46:23 | INFO     | strategies.neural_hybrid | [DECISION] NO_TRADE | Pattern weak (0.36) | Conf: 0.00
2025-12-03 19:46:23 | INFO     | strategies.neural_hybrid | [DECISION] NO_TRADE | Pattern weak (0.36) | Conf: 0.00
2025-12-03 19:46:23 | INFO     | strategies.neural_hybrid | [DECISION] NO_TRADE | Pattern weak (0.36) | Conf: 0.00
2025-12-03 19:46:24 | INFO     | strategies.neural_hybrid | [DECISION] NO_TRADE | Pattern weak (0.35) | Conf: 0.00
2025-12-03 19:46:24 | INFO     | strategies.neural_hybrid | [DECISION] NO_TRADE | Pattern weak (0.36) | Conf: 0.00
2025-12-03 19:46:24 | INFO     | strategies.neural_hybrid | [DECISION] NO_TRADE | Pattern weak (0.36) | Conf: 0.00
2025-12-03 19:46:25 | INFO     | strategies.neural_hybrid | [DECISION] NO_TRADE | Pattern weak (0.35) | Conf: 0.00
2025-12-03 19:46:25 | INFO     | strategies.neural_hybrid | [DECISION] NO_TRADE | Pattern weak (0.36) | Conf: 0.00
2025-12-03 19:46:25 | INFO     | strategies.neural_hybrid | [DECISION] NO_TRADE | Pattern weak (0.36) | Conf: 0.00
2025-12-03 19:46:26 | INFO     | strategies.neural_hybrid | [DECISION] NO_TRADE | Pattern weak (0.36) | Conf: 0.00
2025-12-03 19:46:26 | INFO     | strategies.neural_hybrid | [DECISION] NO_TRADE | Pattern weak (0.36) | Conf: 0.00
2025-12-03 19:46:26 | INFO     | strategies.neural_hybrid | [DECISION] NO_TRADE | Pattern weak (0.36) | Conf: 0.00
2025-12-03 19:46:27 | INFO     | strategies.neural_hybrid | [DECISION] NO_TRADE | Pattern weak (0.36) | Conf: 0.00
2025-12-03 19:46:27 | INFO     | strategies.neural_hybrid | [DECISION] NO_TRADE | Pattern weak (0.37) | Conf: 0.00
2025-12-03 19:46:27 | INFO     | strategies.neural_hybrid | [DECISION] NO_TRADE | Pattern weak (0.37) | Conf: 0.00
2025-12-03 19:46:28 | INFO     | strategies.neural_hybrid | [DECISION] NO_TRADE | Pattern weak (0.37) | Conf: 0.00
2025-12-03 19:46:28 | INFO     | strategies.neural_hybrid | [DECISION] NO_TRADE | Pattern weak (0.37) | Conf: 0.00
2025-12-03 19:46:28 | INFO     | strategies.neural_hybrid | [DECISION] NO_TRADE | Pattern weak (0.34) | Conf: 0.00
2025-12-03 19:46:29 | INFO     | strategies.neural_hybrid | [DECISION] NO_TRADE | Pattern weak (0.34) | Conf: 0.00
2025-12-03 19:46:29 | INFO     | strategies.neural_hybrid | [DECISION] NO_TRADE | Pattern weak (0.32) | Conf: 0.00
2025-12-03 19:46:29 | INFO     | strategies.neural_hybrid | [DECISION] NO_TRADE | Pattern weak (0.35) | Conf: 0.00
2025-12-03 19:46:30 | INFO     | strategies.neural_hybrid | [DECISION] NO_TRADE | Pattern weak (0.35) | Conf: 0.00
2025-12-03 19:46:30 | INFO     | strategies.neural_hybrid | [DECISION] NO_TRADE | Pattern weak (0.35) | Conf: 0.00
2025-12-03 19:46:30 | INFO     | strategies.neural_hybrid | [DECISION] NO_TRADE | Pattern weak (0.35) | Conf: 0.00
2025-12-03 19:46:31 | INFO     | strategies.neural_hybrid | [DECISION] NO_TRADE | Pattern weak (0.35) | Conf: 0.00
2025-12-03 19:46:31 | INFO     | strategies.neural_hybrid | [DECISION] NO_TRADE | Pattern weak (0.35) | Conf: 0.00
2025-12-03 19:46:32 | INFO     | strategies.neural_hybrid | [DECISION] NO_TRADE | Pattern weak (0.36) | Conf: 0.00
2025-12-03 19:46:32 | INFO     | strategies.neural_hybrid | [DECISION] NO_TRADE | Pattern weak (0.36) | Conf: 0.00
2025-12-03 19:46:32 | INFO     | strategies.neural_hybrid | [DECISION] NO_TRADE | Pattern weak (0.36) | Conf: 0.00
2025-12-03 19:46:33 | INFO     | strategies.neural_hybrid | [DECISION] NO_TRADE | Pattern weak (0.36) | Conf: 0.00
2025-12-03 19:46:33 | INFO     | strategies.neural_hybrid | [DECISION] NO_TRADE | Pattern weak (0.37) | Conf: 0.00
2025-12-03 19:46:33 | INFO     | strategies.neural_hybrid | [DECISION] NO_TRADE | Pattern weak (0.37) | Conf: 0.00
2025-12-03 19:46:34 | INFO     | strategies.neural_hybrid | [DECISION] NO_TRADE | Pattern weak (0.36) | Conf: 0.00
2025-12-03 19:46:34 | INFO     | strategies.neural_hybrid | [DECISION] NO_TRADE | Pattern weak (0.36) | Conf: 0.00
2025-12-03 19:46:34 | INFO     | strategies.neural_hybrid | [DECISION] NO_TRADE | Pattern weak (0.36) | Conf: 0.00
2025-12-03 19:46:35 | INFO     | strategies.neural_hybrid | [DECISION] NO_TRADE | Pattern weak (0.36) | Conf: 0.00
2025-12-03 19:46:35 | INFO     | strategies.neural_hybrid | [DECISION] NO_TRADE | Pattern weak (0.37) | Conf: 0.00
2025-12-03 19:46:35 | INFO     | strategies.neural_hybrid | [DECISION] NO_TRADE | Pattern weak (0.35) | Conf: 0.00
2025-12-03 19:46:35 | INFO     | strategies.neural_hybrid | [DECISION] NO_TRADE | Pattern weak (0.35) | Conf: 0.00
2025-12-03 19:46:36 | INFO     | strategies.neural_hybrid | [DECISION] NO_TRADE | Pattern weak (0.35) | Conf: 0.00
2025-12-03 19:46:36 | INFO     | strategies.neural_hybrid | [DECISION] NO_TRADE | Pattern weak (0.35) | Conf: 0.00
2025-12-03 19:46:36 | INFO     | strategies.neural_hybrid | [DECISION] NO_TRADE | Pattern weak (0.34) | Conf: 0.00
2025-12-03 19:46:37 | INFO     | strategies.neural_hybrid | [DECISION] NO_TRADE | Pattern weak (0.35) | Conf: 0.00
2025-12-03 19:46:37 | INFO     | strategies.neural_hybrid | [DECISION] NO_TRADE | Pattern weak (0.36) | Conf: 0.00
2025-12-03 19:46:37 | INFO     | strategies.neural_hybrid | [DECISION] NO_TRADE | Pattern weak (0.36) | Conf: 0.00
2025-12-03 19:46:37 | INFO     | strategies.neural_hybrid | [DECISION] NO_TRADE | Pattern weak (0.35) | Conf: 0.00
2025-12-03 19:46:38 | INFO     | strategies.neural_hybrid | [DECISION] NO_TRADE | Pattern weak (0.36) | Conf: 0.00
2025-12-03 19:46:38 | INFO     | strategies.neural_hybrid | [DECISION] NO_TRADE | Pattern weak (0.36) | Conf: 0.00
2025-12-03 19:46:38 | INFO     | strategies.neural_hybrid | [DECISION] NO_TRADE | Pattern weak (0.35) | Conf: 0.00
2025-12-03 19:46:39 | INFO     | strategies.neural_hybrid | [DECISION] NO_TRADE | Pattern weak (0.36) | Conf: 0.00
2025-12-03 19:46:39 | INFO     | strategies.neural_hybrid | [DECISION] NO_TRADE | Pattern weak (0.36) | Conf: 0.00
2025-12-03 19:46:39 | INFO     | strategies.neural_hybrid | [DECISION] NO_TRADE | Pattern weak (0.36) | Conf: 0.00
2025-12-03 19:46:39 | INFO     | strategies.neural_hybrid | [DECISION] NO_TRADE | Pattern weak (0.36) | Conf: 0.00
2025-12-03 19:46:40 | INFO     | strategies.neural_hybrid | [DECISION] NO_TRADE | Pattern weak (0.37) | Conf: 0.00
2025-12-03 19:46:40 | INFO     | strategies.neural_hybrid | [DECISION] NO_TRADE | Pattern weak (0.36) | Conf: 0.00
2025-12-03 19:46:40 | INFO     | strategies.neural_hybrid | [DECISION] NO_TRADE | Pattern weak (0.35) | Conf: 0.00
2025-12-03 19:46:41 | INFO     | strategies.neural_hybrid | [DECISION] NO_TRADE | Pattern weak (0.36) | Conf: 0.00
2025-12-03 19:46:41 | INFO     | strategies.neural_hybrid | [DECISION] NO_TRADE | Pattern weak (0.36) | Conf: 0.00
2025-12-03 19:46:41 | INFO     | strategies.neural_hybrid | [DECISION] NO_TRADE | Pattern weak (0.36) | Conf: 0.00
2025-12-03 19:46:41 | INFO     | strategies.neural_hybrid | [DECISION] NO_TRADE | Pattern weak (0.35) | Conf: 0.00
2025-12-03 19:46:42 | INFO     | strategies.neural_hybrid | [DECISION] NO_TRADE | Pattern weak (0.35) | Conf: 0.00
2025-12-03 19:46:42 | INFO     | strategies.neural_hybrid | [DECISION] NO_TRADE | Pattern weak (0.36) | Conf: 0.00
2025-12-03 19:46:42 | INFO     | strategies.neural_hybrid | [DECISION] NO_TRADE | Pattern weak (0.36) | Conf: 0.00
2025-12-03 19:46:43 | INFO     | strategies.neural_hybrid | [DECISION] NO_TRADE | Pattern weak (0.37) | Conf: 0.00
2025-12-03 19:46:43 | INFO     | strategies.neural_hybrid | [DECISION] NO_TRADE | Pattern weak (0.37) | Conf: 0.00
2025-12-03 19:46:43 | INFO     | strategies.neural_hybrid | [DECISION] NO_TRADE | Pattern weak (0.36) | Conf: 0.00
2025-12-03 19:46:43 | INFO     | strategies.neural_hybrid | [DECISION] NO_TRADE | Pattern weak (0.35) | Conf: 0.00
2025-12-03 19:46:44 | INFO     | strategies.neural_hybrid | [DECISION] NO_TRADE | Pattern weak (0.34) | Conf: 0.00
2025-12-03 19:46:44 | INFO     | strategies.neural_hybrid | [DECISION] NO_TRADE | Pattern weak (0.34) | Conf: 0.00
2025-12-03 19:46:44 | INFO     | strategies.neural_hybrid | [DECISION] NO_TRADE | Pattern weak (0.35) | Conf: 0.00
2025-12-03 19:46:45 | INFO     | strategies.neural_hybrid | [DECISION] NO_TRADE | Pattern weak (0.36) | Conf: 0.00
2025-12-03 19:46:45 | INFO     | strategies.neural_hybrid | [DECISION] NO_TRADE | Pattern weak (0.35) | Conf: 0.00
2025-12-03 19:46:45 | INFO     | strategies.neural_hybrid | [DECISION] NO_TRADE | Pattern weak (0.35) | Conf: 0.00
2025-12-03 19:46:45 | INFO     | strategies.neural_hybrid | [DECISION] NO_TRADE | Pattern weak (0.36) | Conf: 0.00
2025-12-03 19:46:46 | INFO     | strategies.neural_hybrid | [DECISION] NO_TRADE | Pattern weak (0.36) | Conf: 0.00
2025-12-03 19:46:46 | INFO     | strategies.neural_hybrid | [DECISION] NO_TRADE | Pattern weak (0.35) | Conf: 0.00
2025-12-03 19:46:46 | INFO     | strategies.neural_hybrid | [DECISION] NO_TRADE | Pattern weak (0.37) | Conf: 0.00
2025-12-03 19:46:46 | INFO     | strategies.neural_hybrid | [DECISION] NO_TRADE | Pattern weak (0.37) | Conf: 0.00
2025-12-03 19:46:47 | INFO     | strategies.neural_hybrid | [DECISION] NO_TRADE | Pattern weak (0.36) | Conf: 0.00
2025-12-03 19:46:47 | INFO     | strategies.neural_hybrid | [DECISION] NO_TRADE | Pattern weak (0.36) | Conf: 0.00
2025-12-03 19:46:47 | INFO     | strategies.neural_hybrid | [DECISION] NO_TRADE | Pattern weak (0.36) | Conf: 0.00
2025-12-03 19:46:48 | INFO     | strategies.neural_hybrid | [DECISION] NO_TRADE | Pattern weak (0.35) | Conf: 0.00
2025-12-03 19:46:48 | INFO     | strategies.neural_hybrid | [DECISION] NO_TRADE | Pattern weak (0.35) | Conf: 0.00
2025-12-03 19:46:48 | INFO     | strategies.neural_hybrid | [DECISION] NO_TRADE | Pattern weak (0.34) | Conf: 0.00
2025-12-03 19:46:48 | INFO     | strategies.neural_hybrid | [DECISION] NO_TRADE | Pattern weak (0.35) | Conf: 0.00
2025-12-03 19:46:49 | INFO     | strategies.neural_hybrid | [DECISION] NO_TRADE | Pattern weak (0.35) | Conf: 0.00
2025-12-03 19:46:49 | INFO     | strategies.neural_hybrid | [DECISION] NO_TRADE | Pattern weak (0.34) | Conf: 0.00
2025-12-03 19:46:49 | INFO     | strategies.neural_hybrid | [DECISION] NO_TRADE | Pattern weak (0.35) | Conf: 0.00
2025-12-03 19:46:50 | INFO     | strategies.neural_hybrid | [DECISION] NO_TRADE | Pattern weak (0.34) | Conf: 0.00
2025-12-03 19:46:50 | INFO     | strategies.neural_hybrid | [DECISION] NO_TRADE | Pattern weak (0.34) | Conf: 0.00
2025-12-03 19:46:50 | INFO     | strategies.neural_hybrid | [DECISION] NO_TRADE | Pattern weak (0.34) | Conf: 0.00
2025-12-03 19:46:50 | INFO     | strategies.neural_hybrid | [DECISION] NO_TRADE | Pattern weak (0.34) | Conf: 0.00
2025-12-03 19:46:51 | INFO     | strategies.neural_hybrid | [DECISION] NO_TRADE | Pattern weak (0.34) | Conf: 0.00
2025-12-03 19:46:51 | INFO     | strategies.neural_hybrid | [DECISION] NO_TRADE | Pattern weak (0.35) | Conf: 0.00
2025-12-03 19:46:51 | INFO     | strategies.neural_hybrid | [DECISION] NO_TRADE | Pattern weak (0.34) | Conf: 0.00
2025-12-03 19:46:51 | INFO     | strategies.neural_hybrid | [DECISION] NO_TRADE | Pattern weak (0.34) | Conf: 0.00
2025-12-03 19:46:52 | INFO     | strategies.neural_hybrid | [DECISION] NO_TRADE | Pattern weak (0.35) | Conf: 0.00
2025-12-03 19:46:52 | INFO     | strategies.neural_hybrid | [DECISION] NO_TRADE | Pattern weak (0.35) | Conf: 0.00
2025-12-03 19:46:52 | INFO     | strategies.neural_hybrid | [DECISION] NO_TRADE | Pattern weak (0.35) | Conf: 0.00
2025-12-03 19:46:53 | INFO     | strategies.neural_hybrid | [DECISION] NO_TRADE | Pattern weak (0.35) | Conf: 0.00
2025-12-03 19:46:53 | INFO     | strategies.neural_hybrid | [DECISION] NO_TRADE | Pattern weak (0.35) | Conf: 0.00
2025-12-03 19:46:53 | INFO     | strategies.neural_hybrid | [DECISION] NO_TRADE | Pattern weak (0.35) | Conf: 0.00
2025-12-03 19:46:53 | INFO     | strategies.neural_hybrid | [DECISION] NO_TRADE | Pattern weak (0.36) | Conf: 0.00
2025-12-03 19:46:54 | INFO     | strategies.neural_hybrid | [DECISION] NO_TRADE | Pattern weak (0.36) | Conf: 0.00
2025-12-03 19:46:54 | INFO     | strategies.neural_hybrid | [DECISION] NO_TRADE | Pattern weak (0.36) | Conf: 0.00
2025-12-03 19:46:54 | INFO     | strategies.neural_hybrid | [DECISION] NO_TRADE | Pattern weak (0.35) | Conf: 0.00
2025-12-03 19:46:55 | INFO     | strategies.neural_hybrid | [DECISION] NO_TRADE | Pattern weak (0.33) | Conf: 0.00
2025-12-03 19:46:55 | INFO     | strategies.neural_hybrid | [DECISION] NO_TRADE | Pattern weak (0.35) | Conf: 0.00
2025-12-03 19:46:55 | INFO     | strategies.neural_hybrid | [DECISION] NO_TRADE | Pattern weak (0.35) | Conf: 0.00
2025-12-03 19:46:55 | INFO     | strategies.neural_hybrid | [DECISION] NO_TRADE | Pattern weak (0.35) | Conf: 0.00
2025-12-03 19:46:56 | INFO     | strategies.neural_hybrid | [DECISION] NO_TRADE | Pattern weak (0.36) | Conf: 0.00
2025-12-03 19:46:56 | INFO     | strategies.neural_hybrid | [DECISION] NO_TRADE | Pattern weak (0.37) | Conf: 0.00
2025-12-03 19:46:56 | INFO     | strategies.neural_hybrid | [DECISION] NO_TRADE | Pattern weak (0.38) | Conf: 0.00
2025-12-03 19:46:56 | INFO     | strategies.neural_hybrid | [DECISION] NO_TRADE | Pattern weak (0.37) | Conf: 0.00
2025-12-03 19:46:57 | INFO     | strategies.neural_hybrid | [DECISION] NO_TRADE | Pattern weak (0.35) | Conf: 0.00
2025-12-03 19:46:57 | INFO     | strategies.neural_hybrid | [DECISION] NO_TRADE | Pattern weak (0.34) | Conf: 0.00
2025-12-03 19:46:57 | INFO     | strategies.neural_hybrid | [DECISION] NO_TRADE | Pattern weak (0.34) | Conf: 0.00
2025-12-03 19:46:58 | INFO     | strategies.neural_hybrid | [DECISION] NO_TRADE | Pattern weak (0.36) | Conf: 0.00
2025-12-03 19:46:58 | INFO     | strategies.neural_hybrid | [DECISION] NO_TRADE | Pattern weak (0.35) | Conf: 0.00
2025-12-03 19:46:58 | INFO     | strategies.neural_hybrid | [DECISION] NO_TRADE | Pattern weak (0.35) | Conf: 0.00
2025-12-03 19:46:58 | INFO     | strategies.neural_hybrid | [DECISION] NO_TRADE | Pattern weak (0.36) | Conf: 0.00
2025-12-03 19:46:59 | INFO     | strategies.neural_hybrid | [DECISION] NO_TRADE | Pattern weak (0.37) | Conf: 0.00
2025-12-03 19:46:59 | INFO     | strategies.neural_hybrid | [DECISION] NO_TRADE | Pattern weak (0.36) | Conf: 0.00
2025-12-03 19:46:59 | INFO     | strategies.neural_hybrid | [DECISION] NO_TRADE | Pattern weak (0.36) | Conf: 0.00
2025-12-03 19:47:00 | INFO     | strategies.neural_hybrid | [DECISION] NO_TRADE | Pattern weak (0.36) | Conf: 0.00
2025-12-03 19:47:00 | INFO     | strategies.neural_hybrid | [DECISION] NO_TRADE | Pattern weak (0.36) | Conf: 0.00
2025-12-03 19:47:00 | INFO     | strategies.neural_hybrid | [DECISION] NO_TRADE | Pattern weak (0.36) | Conf: 0.00
2025-12-03 19:47:00 | INFO     | strategies.neural_hybrid | [DECISION] NO_TRADE | Pattern weak (0.36) | Conf: 0.00
2025-12-03 19:47:01 | INFO     | strategies.neural_hybrid | [DECISION] NO_TRADE | Pattern weak (0.36) | Conf: 0.00
2025-12-03 19:47:01 | INFO     | strategies.neural_hybrid | [DECISION] NO_TRADE | Pattern weak (0.37) | Conf: 0.00
2025-12-03 19:47:01 | INFO     | strategies.neural_hybrid | [DECISION] NO_TRADE | Pattern weak (0.36) | Conf: 0.00
2025-12-03 19:47:01 | INFO     | strategies.neural_hybrid | [DECISION] NO_TRADE | Pattern weak (0.36) | Conf: 0.00
2025-12-03 19:47:02 | INFO     | strategies.neural_hybrid | [DECISION] NO_TRADE | Pattern weak (0.36) | Conf: 0.00
2025-12-03 19:47:02 | INFO     | strategies.neural_hybrid | [DECISION] NO_TRADE | Pattern weak (0.36) | Conf: 0.00
2025-12-03 19:47:02 | INFO     | strategies.neural_hybrid | [DECISION] NO_TRADE | Pattern weak (0.37) | Conf: 0.00
2025-12-03 19:47:02 | INFO     | strategies.neural_hybrid | [DECISION] NO_TRADE | Pattern weak (0.37) | Conf: 0.00
2025-12-03 19:47:03 | INFO     | strategies.neural_hybrid | [DECISION] NO_TRADE | Pattern weak (0.37) | Conf: 0.00
2025-12-03 19:47:03 | INFO     | strategies.neural_hybrid | [DECISION] NO_TRADE | Pattern weak (0.36) | Conf: 0.00
2025-12-03 19:47:03 | INFO     | strategies.neural_hybrid | [DECISION] NO_TRADE | Pattern weak (0.35) | Conf: 0.00
2025-12-03 19:47:04 | INFO     | strategies.neural_hybrid | [DECISION] NO_TRADE | Pattern weak (0.36) | Conf: 0.00
2025-12-03 19:47:04 | INFO     | strategies.neural_hybrid | [DECISION] NO_TRADE | Pattern weak (0.36) | Conf: 0.00
2025-12-03 19:47:04 | INFO     | strategies.neural_hybrid | [DECISION] NO_TRADE | Pattern weak (0.36) | Conf: 0.00
2025-12-03 19:47:04 | INFO     | strategies.neural_hybrid | [DECISION] NO_TRADE | Pattern weak (0.36) | Conf: 0.00
2025-12-03 19:47:05 | INFO     | strategies.neural_hybrid | [DECISION] NO_TRADE | Pattern weak (0.36) | Conf: 0.00
2025-12-03 19:47:05 | INFO     | strategies.neural_hybrid | [DECISION] NO_TRADE | Pattern weak (0.36) | Conf: 0.00
2025-12-03 19:47:05 | INFO     | strategies.neural_hybrid | [DECISION] NO_TRADE | Pattern weak (0.37) | Conf: 0.00
2025-12-03 19:47:05 | INFO     | strategies.neural_hybrid | [DECISION] NO_TRADE | Pattern weak (0.36) | Conf: 0.00
2025-12-03 19:47:06 | INFO     | strategies.neural_hybrid | [DECISION] NO_TRADE | Pattern weak (0.35) | Conf: 0.00
2025-12-03 19:47:06 | INFO     | strategies.neural_hybrid | [DECISION] NO_TRADE | Pattern weak (0.35) | Conf: 0.00
2025-12-03 19:47:06 | INFO     | strategies.neural_hybrid | [DECISION] NO_TRADE | Pattern weak (0.35) | Conf: 0.00
2025-12-03 19:47:07 | INFO     | strategies.neural_hybrid | [DECISION] NO_TRADE | Pattern weak (0.36) | Conf: 0.00
2025-12-03 19:47:07 | INFO     | strategies.neural_hybrid | [DECISION] NO_TRADE | Pattern weak (0.35) | Conf: 0.00
2025-12-03 19:47:07 | INFO     | strategies.neural_hybrid | [DECISION] NO_TRADE | Pattern weak (0.35) | Conf: 0.00
2025-12-03 19:47:07 | INFO     | strategies.neural_hybrid | [DECISION] NO_TRADE | Pattern weak (0.35) | Conf: 0.00
2025-12-03 19:47:08 | INFO     | strategies.neural_hybrid | [DECISION] NO_TRADE | Pattern weak (0.36) | Conf: 0.00
2025-12-03 19:47:08 | INFO     | strategies.neural_hybrid | [DECISION] NO_TRADE | Pattern weak (0.36) | Conf: 0.00
2025-12-03 19:47:08 | INFO     | strategies.neural_hybrid | [DECISION] NO_TRADE | Pattern weak (0.36) | Conf: 0.00
2025-12-03 19:47:08 | INFO     | strategies.neural_hybrid | [DECISION] NO_TRADE | Pattern weak (0.36) | Conf: 0.00
2025-12-03 19:47:09 | INFO     | strategies.neural_hybrid | [DECISION] NO_TRADE | Pattern weak (0.36) | Conf: 0.00
2025-12-03 19:47:09 | INFO     | strategies.neural_hybrid | [DECISION] NO_TRADE | Pattern weak (0.37) | Conf: 0.00
2025-12-03 19:47:09 | INFO     | strategies.neural_hybrid | [DECISION] NO_TRADE | Pattern weak (0.37) | Conf: 0.00
2025-12-03 19:47:10 | INFO     | strategies.neural_hybrid | [DECISION] NO_TRADE | Pattern weak (0.37) | Conf: 0.00
2025-12-03 19:47:10 | INFO     | strategies.neural_hybrid | [DECISION] NO_TRADE | Pattern weak (0.37) | Conf: 0.00
2025-12-03 19:47:10 | INFO     | strategies.neural_hybrid | [DECISION] NO_TRADE | Pattern weak (0.37) | Conf: 0.00
2025-12-03 19:47:10 | INFO     | strategies.neural_hybrid | [DECISION] NO_TRADE | Pattern weak (0.36) | Conf: 0.00
2025-12-03 19:47:11 | INFO     | strategies.neural_hybrid | [DECISION] NO_TRADE | Pattern weak (0.36) | Conf: 0.00
2025-12-03 19:47:11 | INFO     | strategies.neural_hybrid | [DECISION] NO_TRADE | Pattern weak (0.37) | Conf: 0.00
2025-12-03 19:47:11 | INFO     | strategies.neural_hybrid | [DECISION] NO_TRADE | Pattern weak (0.36) | Conf: 0.00
2025-12-03 19:47:11 | INFO     | strategies.neural_hybrid | [DECISION] NO_TRADE | Pattern weak (0.36) | Conf: 0.00
2025-12-03 19:47:12 | INFO     | strategies.neural_hybrid | [DECISION] NO_TRADE | Pattern weak (0.36) | Conf: 0.00
2025-12-03 19:47:12 | INFO     | strategies.neural_hybrid | [DECISION] NO_TRADE | Pattern weak (0.37) | Conf: 0.00
2025-12-03 19:47:12 | INFO     | strategies.neural_hybrid | [DECISION] NO_TRADE | Pattern weak (0.36) | Conf: 0.00
2025-12-03 19:47:12 | INFO     | strategies.neural_hybrid | [DECISION] NO_TRADE | Pattern weak (0.36) | Conf: 0.00
2025-12-03 19:47:13 | INFO     | strategies.neural_hybrid | [DECISION] NO_TRADE | Pattern weak (0.36) | Conf: 0.00
2025-12-03 19:47:13 | INFO     | strategies.neural_hybrid | [DECISION] NO_TRADE | Pattern weak (0.36) | Conf: 0.00
2025-12-03 19:47:13 | INFO     | strategies.neural_hybrid | [DECISION] NO_TRADE | Pattern weak (0.37) | Conf: 0.00
2025-12-03 19:47:14 | INFO     | strategies.neural_hybrid | [DECISION] NO_TRADE | Pattern weak (0.37) | Conf: 0.00
2025-12-03 19:47:14 | INFO     | strategies.neural_hybrid | [DECISION] NO_TRADE | Pattern weak (0.37) | Conf: 0.00
2025-12-03 19:47:14 | INFO     | strategies.neural_hybrid | [DECISION] NO_TRADE | Pattern weak (0.37) | Conf: 0.00
2025-12-03 19:47:14 | INFO     | strategies.neural_hybrid | [DECISION] NO_TRADE | Pattern weak (0.37) | Conf: 0.00
2025-12-03 19:47:15 | INFO     | strategies.neural_hybrid | [DECISION] NO_TRADE | Pattern weak (0.37) | Conf: 0.00
2025-12-03 19:47:15 | INFO     | strategies.neural_hybrid | [DECISION] NO_TRADE | Pattern weak (0.37) | Conf: 0.00
2025-12-03 19:47:15 | INFO     | strategies.neural_hybrid | [DECISION] NO_TRADE | Pattern weak (0.38) | Conf: 0.00
2025-12-03 19:47:15 | INFO     | strategies.neural_hybrid | [DECISION] NO_TRADE | Pattern weak (0.38) | Conf: 0.00
2025-12-03 19:47:16 | INFO     | strategies.neural_hybrid | [DECISION] NO_TRADE | Pattern weak (0.38) | Conf: 0.00
2025-12-03 19:47:16 | INFO     | strategies.neural_hybrid | [DECISION] NO_TRADE | Pattern weak (0.38) | Conf: 0.00
2025-12-03 19:47:16 | INFO     | strategies.neural_hybrid | [DECISION] NO_TRADE | Pattern weak (0.35) | Conf: 0.00
2025-12-03 19:47:17 | INFO     | strategies.neural_hybrid | [DECISION] NO_TRADE | Pattern weak (0.34) | Conf: 0.00
2025-12-03 19:47:17 | INFO     | strategies.neural_hybrid | [DECISION] NO_TRADE | Pattern weak (0.35) | Conf: 0.00
2025-12-03 19:47:17 | INFO     | strategies.neural_hybrid | [DECISION] NO_TRADE | Pattern weak (0.36) | Conf: 0.00
2025-12-03 19:47:17 | INFO     | strategies.neural_hybrid | [DECISION] NO_TRADE | Pattern weak (0.35) | Conf: 0.00
2025-12-03 19:47:18 | INFO     | strategies.neural_hybrid | [DECISION] NO_TRADE | Pattern weak (0.36) | Conf: 0.00
2025-12-03 19:47:18 | INFO     | strategies.neural_hybrid | [DECISION] NO_TRADE | Pattern weak (0.36) | Conf: 0.00
2025-12-03 19:47:18 | INFO     | strategies.neural_hybrid | [DECISION] NO_TRADE | Pattern weak (0.37) | Conf: 0.00
2025-12-03 19:47:18 | INFO     | strategies.neural_hybrid | [DECISION] NO_TRADE | Pattern weak (0.36) | Conf: 0.00
2025-12-03 19:47:19 | INFO     | strategies.neural_hybrid | [DECISION] NO_TRADE | Pattern weak (0.36) | Conf: 0.00
2025-12-03 19:47:19 | INFO     | strategies.neural_hybrid | [DECISION] NO_TRADE | Pattern weak (0.36) | Conf: 0.00
2025-12-03 19:47:19 | INFO     | strategies.neural_hybrid | [DECISION] NO_TRADE | Pattern weak (0.36) | Conf: 0.00
2025-12-03 19:47:19 | INFO     | strategies.neural_hybrid | [DECISION] NO_TRADE | Pattern weak (0.37) | Conf: 0.00
2025-12-03 19:47:20 | INFO     | strategies.neural_hybrid | [DECISION] NO_TRADE | Pattern weak (0.37) | Conf: 0.00
2025-12-03 19:47:20 | INFO     | strategies.neural_hybrid | [DECISION] NO_TRADE | Pattern weak (0.36) | Conf: 0.00
2025-12-03 19:47:20 | INFO     | strategies.neural_hybrid | [DECISION] NO_TRADE | Pattern weak (0.36) | Conf: 0.00
2025-12-03 19:47:21 | INFO     | strategies.neural_hybrid | [DECISION] NO_TRADE | Pattern weak (0.35) | Conf: 0.00
2025-12-03 19:47:21 | INFO     | strategies.neural_hybrid | [DECISION] NO_TRADE | Pattern weak (0.35) | Conf: 0.00
2025-12-03 19:47:21 | INFO     | strategies.neural_hybrid | [DECISION] NO_TRADE | Pattern weak (0.35) | Conf: 0.00
2025-12-03 19:47:21 | INFO     | strategies.neural_hybrid | [DECISION] NO_TRADE | Pattern weak (0.36) | Conf: 0.00
2025-12-03 19:47:22 | INFO     | strategies.neural_hybrid | [DECISION] NO_TRADE | Pattern weak (0.35) | Conf: 0.00
2025-12-03 19:47:22 | INFO     | strategies.neural_hybrid | [DECISION] NO_TRADE | Pattern weak (0.35) | Conf: 0.00
2025-12-03 19:47:22 | INFO     | strategies.neural_hybrid | [DECISION] NO_TRADE | Pattern weak (0.35) | Conf: 0.00
2025-12-03 19:47:22 | INFO     | strategies.neural_hybrid | [DECISION] NO_TRADE | Pattern weak (0.36) | Conf: 0.00
2025-12-03 19:47:23 | INFO     | strategies.neural_hybrid | [DECISION] NO_TRADE | Pattern weak (0.36) | Conf: 0.00
2025-12-03 19:47:23 | INFO     | strategies.neural_hybrid | [DECISION] NO_TRADE | Pattern weak (0.36) | Conf: 0.00
2025-12-03 19:47:23 | INFO     | strategies.neural_hybrid | [DECISION] NO_TRADE | Pattern weak (0.36) | Conf: 0.00
2025-12-03 19:47:24 | INFO     | strategies.neural_hybrid | [DECISION] NO_TRADE | Pattern weak (0.35) | Conf: 0.00
2025-12-03 19:47:24 | INFO     | strategies.neural_hybrid | [DECISION] NO_TRADE | Pattern weak (0.36) | Conf: 0.00
2025-12-03 19:47:24 | INFO     | strategies.neural_hybrid | [DECISION] NO_TRADE | Pattern weak (0.36) | Conf: 0.00
2025-12-03 19:47:24 | INFO     | strategies.neural_hybrid | [DECISION] NO_TRADE | Pattern weak (0.35) | Conf: 0.00
2025-12-03 19:47:25 | INFO     | strategies.neural_hybrid | [DECISION] NO_TRADE | Pattern weak (0.36) | Conf: 0.00
2025-12-03 19:47:25 | INFO     | strategies.neural_hybrid | [DECISION] NO_TRADE | Pattern weak (0.36) | Conf: 0.00
2025-12-03 19:47:25 | INFO     | strategies.neural_hybrid | [DECISION] NO_TRADE | Pattern weak (0.37) | Conf: 0.00
2025-12-03 19:47:25 | INFO     | strategies.neural_hybrid | [DECISION] NO_TRADE | Pattern weak (0.36) | Conf: 0.00
2025-12-03 19:47:26 | INFO     | strategies.neural_hybrid | [DECISION] NO_TRADE | Pattern weak (0.37) | Conf: 0.00
2025-12-03 19:47:26 | INFO     | strategies.neural_hybrid | [DECISION] NO_TRADE | Pattern weak (0.36) | Conf: 0.00
2025-12-03 19:47:26 | INFO     | strategies.neural_hybrid | [DECISION] NO_TRADE | Pattern weak (0.36) | Conf: 0.00
2025-12-03 19:47:27 | INFO     | strategies.neural_hybrid | [DECISION] NO_TRADE | Pattern weak (0.37) | Conf: 0.00
2025-12-03 19:47:27 | INFO     | strategies.neural_hybrid | [DECISION] NO_TRADE | Pattern weak (0.37) | Conf: 0.00
2025-12-03 19:47:27 | INFO     | strategies.neural_hybrid | [DECISION] NO_TRADE | Pattern weak (0.37) | Conf: 0.00
2025-12-03 19:47:27 | INFO     | strategies.neural_hybrid | [DECISION] NO_TRADE | Pattern weak (0.36) | Conf: 0.00
2025-12-03 19:47:28 | INFO     | strategies.neural_hybrid | [DECISION] NO_TRADE | Pattern weak (0.36) | Conf: 0.00
2025-12-03 19:47:28 | INFO     | strategies.neural_hybrid | [DECISION] NO_TRADE | Pattern weak (0.36) | Conf: 0.00
2025-12-03 19:47:28 | INFO     | strategies.neural_hybrid | [DECISION] NO_TRADE | Pattern weak (0.37) | Conf: 0.00
2025-12-03 19:47:28 | INFO     | strategies.neural_hybrid | [DECISION] NO_TRADE | Pattern weak (0.38) | Conf: 0.00
2025-12-03 19:47:29 | INFO     | strategies.neural_hybrid | [DECISION] NO_TRADE | Pattern weak (0.38) | Conf: 0.00
2025-12-03 19:47:29 | INFO     | strategies.neural_hybrid | [DECISION] NO_TRADE | Pattern weak (0.38) | Conf: 0.00
2025-12-03 19:47:29 | INFO     | strategies.neural_hybrid | [DECISION] NO_TRADE | Pattern weak (0.38) | Conf: 0.00
2025-12-03 19:47:30 | INFO     | strategies.neural_hybrid | [DECISION] NO_TRADE | Pattern weak (0.37) | Conf: 0.00
2025-12-03 19:47:30 | INFO     | strategies.neural_hybrid | [DECISION] NO_TRADE | Pattern weak (0.37) | Conf: 0.00
2025-12-03 19:47:30 | INFO     | strategies.neural_hybrid | [DECISION] NO_TRADE | Pattern weak (0.37) | Conf: 0.00
2025-12-03 19:47:30 | INFO     | strategies.neural_hybrid | [DECISION] NO_TRADE | Pattern weak (0.37) | Conf: 0.00
2025-12-03 19:47:31 | INFO     | strategies.neural_hybrid | [DECISION] NO_TRADE | Pattern weak (0.36) | Conf: 0.00
2025-12-03 19:47:31 | INFO     | strategies.neural_hybrid | [DECISION] NO_TRADE | Pattern weak (0.36) | Conf: 0.00
2025-12-03 19:47:31 | INFO     | strategies.neural_hybrid | [DECISION] NO_TRADE | Pattern weak (0.37) | Conf: 0.00
2025-12-03 19:47:31 | INFO     | strategies.neural_hybrid | [DECISION] NO_TRADE | Pattern weak (0.36) | Conf: 0.00
2025-12-03 19:47:32 | INFO     | strategies.neural_hybrid | [DECISION] NO_TRADE | Pattern weak (0.36) | Conf: 0.00
2025-12-03 19:47:32 | INFO     | strategies.neural_hybrid | [DECISION] NO_TRADE | Pattern weak (0.36) | Conf: 0.00
2025-12-03 19:47:32 | INFO     | strategies.neural_hybrid | [DECISION] NO_TRADE | Pattern weak (0.36) | Conf: 0.00
2025-12-03 19:47:33 | INFO     | strategies.neural_hybrid | [DECISION] NO_TRADE | Pattern weak (0.36) | Conf: 0.00
2025-12-03 19:47:33 | INFO     | strategies.neural_hybrid | [DECISION] NO_TRADE | Pattern weak (0.35) | Conf: 0.00
2025-12-03 19:47:33 | INFO     | strategies.neural_hybrid | [DECISION] NO_TRADE | Pattern weak (0.36) | Conf: 0.00
2025-12-03 19:47:33 | INFO     | strategies.neural_hybrid | [DECISION] NO_TRADE | Pattern weak (0.36) | Conf: 0.00
2025-12-03 19:47:34 | INFO     | strategies.neural_hybrid | [DECISION] NO_TRADE | Pattern weak (0.37) | Conf: 0.00
2025-12-03 19:47:34 | INFO     | strategies.neural_hybrid | [DECISION] NO_TRADE | Pattern weak (0.36) | Conf: 0.00
2025-12-03 19:47:34 | INFO     | strategies.neural_hybrid | [DECISION] NO_TRADE | Pattern weak (0.35) | Conf: 0.00
2025-12-03 19:47:34 | INFO     | strategies.neural_hybrid | [DECISION] NO_TRADE | Pattern weak (0.36) | Conf: 0.00
2025-12-03 19:47:35 | INFO     | strategies.neural_hybrid | [DECISION] NO_TRADE | Pattern weak (0.38) | Conf: 0.00
2025-12-03 19:47:35 | INFO     | strategies.neural_hybrid | [DECISION] NO_TRADE | Pattern weak (0.38) | Conf: 0.00
2025-12-03 19:47:35 | INFO     | strategies.neural_hybrid | [DECISION] NO_TRADE | Pattern weak (0.37) | Conf: 0.00
2025-12-03 19:47:36 | INFO     | strategies.neural_hybrid | [DECISION] NO_TRADE | Pattern weak (0.36) | Conf: 0.00
2025-12-03 19:47:36 | INFO     | strategies.neural_hybrid | [DECISION] NO_TRADE | Pattern weak (0.35) | Conf: 0.00
2025-12-03 19:47:36 | INFO     | strategies.neural_hybrid | [DECISION] NO_TRADE | Pattern weak (0.36) | Conf: 0.00
2025-12-03 19:47:36 | INFO     | strategies.neural_hybrid | [DECISION] NO_TRADE | Pattern weak (0.35) | Conf: 0.00
2025-12-03 19:47:37 | INFO     | strategies.neural_hybrid | [DECISION] NO_TRADE | Pattern weak (0.36) | Conf: 0.00
2025-12-03 19:47:37 | INFO     | strategies.neural_hybrid | [DECISION] NO_TRADE | Pattern weak (0.36) | Conf: 0.00
2025-12-03 19:47:37 | INFO     | strategies.neural_hybrid | [DECISION] NO_TRADE | Pattern weak (0.36) | Conf: 0.00
2025-12-03 19:47:37 | INFO     | strategies.neural_hybrid | [DECISION] NO_TRADE | Pattern weak (0.36) | Conf: 0.00
2025-12-03 19:47:38 | INFO     | strategies.neural_hybrid | [DECISION] NO_TRADE | Pattern weak (0.36) | Conf: 0.00
2025-12-03 19:47:38 | INFO     | strategies.neural_hybrid | [DECISION] NO_TRADE | Pattern weak (0.36) | Conf: 0.00
2025-12-03 19:47:38 | INFO     | strategies.neural_hybrid | [DECISION] NO_TRADE | Pattern weak (0.37) | Conf: 0.00
2025-12-03 19:47:38 | INFO     | strategies.neural_hybrid | [DECISION] NO_TRADE | Pattern weak (0.37) | Conf: 0.00
2025-12-03 19:47:39 | INFO     | strategies.neural_hybrid | [DECISION] NO_TRADE | Pattern weak (0.36) | Conf: 0.00
2025-12-03 19:47:39 | INFO     | strategies.neural_hybrid | [DECISION] NO_TRADE | Pattern weak (0.36) | Conf: 0.00
2025-12-03 19:47:39 | INFO     | strategies.neural_hybrid | [DECISION] NO_TRADE | Pattern weak (0.36) | Conf: 0.00
2025-12-03 19:47:40 | INFO     | strategies.neural_hybrid | [DECISION] NO_TRADE | Pattern weak (0.37) | Conf: 0.00
2025-12-03 19:47:40 | INFO     | strategies.neural_hybrid | [DECISION] NO_TRADE | Pattern weak (0.37) | Conf: 0.00
2025-12-03 19:47:40 | INFO     | strategies.neural_hybrid | [DECISION] NO_TRADE | Pattern weak (0.36) | Conf: 0.00
2025-12-03 19:47:40 | INFO     | strategies.neural_hybrid | [DECISION] NO_TRADE | Pattern weak (0.36) | Conf: 0.00
2025-12-03 19:47:41 | INFO     | strategies.neural_hybrid | [DECISION] NO_TRADE | Pattern weak (0.36) | Conf: 0.00
2025-12-03 19:47:41 | INFO     | strategies.neural_hybrid | [DECISION] NO_TRADE | Pattern weak (0.36) | Conf: 0.00
2025-12-03 19:47:41 | INFO     | strategies.neural_hybrid | [DECISION] NO_TRADE | Pattern weak (0.37) | Conf: 0.00
2025-12-03 19:47:41 | INFO     | strategies.neural_hybrid | [DECISION] NO_TRADE | Pattern weak (0.37) | Conf: 0.00
2025-12-03 19:47:42 | INFO     | strategies.neural_hybrid | [DECISION] NO_TRADE | Pattern weak (0.37) | Conf: 0.00
2025-12-03 19:47:42 | INFO     | strategies.neural_hybrid | [DECISION] NO_TRADE | Pattern weak (0.37) | Conf: 0.00
2025-12-03 19:47:42 | INFO     | strategies.neural_hybrid | [DECISION] NO_TRADE | Pattern weak (0.37) | Conf: 0.00
2025-12-03 19:47:43 | INFO     | strategies.neural_hybrid | [DECISION] NO_TRADE | Pattern weak (0.37) | Conf: 0.00
2025-12-03 19:47:43 | INFO     | strategies.neural_hybrid | [DECISION] NO_TRADE | Pattern weak (0.36) | Conf: 0.00
2025-12-03 19:47:43 | INFO     | strategies.neural_hybrid | [DECISION] NO_TRADE | Pattern weak (0.36) | Conf: 0.00
2025-12-03 19:47:43 | INFO     | strategies.neural_hybrid | [DECISION] NO_TRADE | Pattern weak (0.36) | Conf: 0.00
2025-12-03 19:47:44 | INFO     | strategies.neural_hybrid | [DECISION] NO_TRADE | Pattern weak (0.36) | Conf: 0.00
2025-12-03 19:47:44 | INFO     | strategies.neural_hybrid | [DECISION] NO_TRADE | Pattern weak (0.36) | Conf: 0.00
2025-12-03 19:47:44 | INFO     | strategies.neural_hybrid | [DECISION] NO_TRADE | Pattern weak (0.36) | Conf: 0.00
2025-12-03 19:47:44 | INFO     | strategies.neural_hybrid | [DECISION] NO_TRADE | Pattern weak (0.36) | Conf: 0.00
2025-12-03 19:47:45 | INFO     | strategies.neural_hybrid | [DECISION] NO_TRADE | Pattern weak (0.36) | Conf: 0.00
2025-12-03 19:47:45 | INFO     | strategies.neural_hybrid | [DECISION] NO_TRADE | Pattern weak (0.37) | Conf: 0.00
2025-12-03 19:47:45 | INFO     | strategies.neural_hybrid | [DECISION] NO_TRADE | Pattern weak (0.36) | Conf: 0.00
2025-12-03 19:47:46 | INFO     | strategies.neural_hybrid | [DECISION] NO_TRADE | Pattern weak (0.36) | Conf: 0.00
2025-12-03 19:47:46 | INFO     | strategies.neural_hybrid | [DECISION] NO_TRADE | Pattern weak (0.37) | Conf: 0.00
2025-12-03 19:47:46 | INFO     | strategies.neural_hybrid | [DECISION] NO_TRADE | Pattern weak (0.37) | Conf: 0.00
2025-12-03 19:47:46 | INFO     | strategies.neural_hybrid | [DECISION] NO_TRADE | Pattern weak (0.37) | Conf: 0.00
2025-12-03 19:47:47 | INFO     | strategies.neural_hybrid | [DECISION] NO_TRADE | Pattern weak (0.37) | Conf: 0.00
2025-12-03 19:47:47 | INFO     | strategies.neural_hybrid | [DECISION] NO_TRADE | Pattern weak (0.36) | Conf: 0.00
2025-12-03 19:47:47 | INFO     | strategies.neural_hybrid | [DECISION] NO_TRADE | Pattern weak (0.36) | Conf: 0.00
2025-12-03 19:47:47 | INFO     | strategies.neural_hybrid | [DECISION] NO_TRADE | Pattern weak (0.36) | Conf: 0.00
2025-12-03 19:47:48 | INFO     | strategies.neural_hybrid | [DECISION] NO_TRADE | Pattern weak (0.37) | Conf: 0.00
2025-12-03 19:47:48 | INFO     | strategies.neural_hybrid | [DECISION] NO_TRADE | Pattern weak (0.37) | Conf: 0.00
2025-12-03 19:47:48 | INFO     | strategies.neural_hybrid | [DECISION] NO_TRADE | Pattern weak (0.38) | Conf: 0.00
2025-12-03 19:47:48 | INFO     | strategies.neural_hybrid | [DECISION] NO_TRADE | Pattern weak (0.38) | Conf: 0.00
2025-12-03 19:47:49 | INFO     | strategies.neural_hybrid | [DECISION] NO_TRADE | Pattern weak (0.37) | Conf: 0.00
2025-12-03 19:47:49 | INFO     | strategies.neural_hybrid | [DECISION] NO_TRADE | Pattern weak (0.37) | Conf: 0.00
2025-12-03 19:47:49 | INFO     | strategies.neural_hybrid | [DECISION] NO_TRADE | Pattern weak (0.37) | Conf: 0.00
2025-12-03 19:47:50 | INFO     | strategies.neural_hybrid | [DECISION] NO_TRADE | Pattern weak (0.37) | Conf: 0.00
2025-12-03 19:47:50 | INFO     | strategies.neural_hybrid | [DECISION] NO_TRADE | Pattern weak (0.36) | Conf: 0.00
2025-12-03 19:47:50 | INFO     | strategies.neural_hybrid | [DECISION] NO_TRADE | Pattern weak (0.36) | Conf: 0.00
2025-12-03 19:47:50 | INFO     | strategies.neural_hybrid | [DECISION] NO_TRADE | Pattern weak (0.36) | Conf: 0.00
2025-12-03 19:47:51 | INFO     | strategies.neural_hybrid | [DECISION] NO_TRADE | Pattern weak (0.36) | Conf: 0.00
2025-12-03 19:47:51 | INFO     | strategies.neural_hybrid | [DECISION] NO_TRADE | Pattern weak (0.37) | Conf: 0.00
2025-12-03 19:47:51 | INFO     | strategies.neural_hybrid | [DECISION] NO_TRADE | Pattern weak (0.37) | Conf: 0.00
2025-12-03 19:47:51 | INFO     | strategies.neural_hybrid | [DECISION] NO_TRADE | Pattern weak (0.37) | Conf: 0.00
2025-12-03 19:47:52 | INFO     | strategies.neural_hybrid | [DECISION] NO_TRADE | Pattern weak (0.37) | Conf: 0.00
2025-12-03 19:47:52 | INFO     | strategies.neural_hybrid | [DECISION] NO_TRADE | Pattern weak (0.37) | Conf: 0.00
2025-12-03 19:47:52 | INFO     | strategies.neural_hybrid | [DECISION] NO_TRADE | Pattern weak (0.37) | Conf: 0.00
2025-12-03 19:47:53 | INFO     | strategies.neural_hybrid | [DECISION] NO_TRADE | Pattern weak (0.37) | Conf: 0.00
2025-12-03 19:47:53 | INFO     | strategies.neural_hybrid | [DECISION] NO_TRADE | Pattern weak (0.37) | Conf: 0.00
2025-12-03 19:47:53 | INFO     | strategies.neural_hybrid | [DECISION] NO_TRADE | Pattern weak (0.37) | Conf: 0.00
2025-12-03 19:47:53 | INFO     | strategies.neural_hybrid | [DECISION] NO_TRADE | Pattern weak (0.37) | Conf: 0.00
2025-12-03 19:47:54 | INFO     | strategies.neural_hybrid | [DECISION] NO_TRADE | Pattern weak (0.37) | Conf: 0.00
2025-12-03 19:47:54 | INFO     | strategies.neural_hybrid | [DECISION] NO_TRADE | Pattern weak (0.37) | Conf: 0.00
2025-12-03 19:47:54 | INFO     | strategies.neural_hybrid | [DECISION] NO_TRADE | Pattern weak (0.38) | Conf: 0.00
2025-12-03 19:47:54 | INFO     | strategies.neural_hybrid | [DECISION] NO_TRADE | Pattern weak (0.38) | Conf: 0.00
2025-12-03 19:47:55 | INFO     | strategies.neural_hybrid | [DECISION] NO_TRADE | Pattern weak (0.38) | Conf: 0.00
2025-12-03 19:47:55 | INFO     | strategies.neural_hybrid | [DECISION] NO_TRADE | Pattern weak (0.38) | Conf: 0.00
2025-12-03 19:47:55 | INFO     | strategies.neural_hybrid | [DECISION] NO_TRADE | Pattern weak (0.37) | Conf: 0.00
2025-12-03 19:47:56 | INFO     | strategies.neural_hybrid | [DECISION] NO_TRADE | Pattern weak (0.36) | Conf: 0.00
2025-12-03 19:47:56 | INFO     | strategies.neural_hybrid | [DECISION] NO_TRADE | Pattern weak (0.36) | Conf: 0.00
2025-12-03 19:47:56 | INFO     | strategies.neural_hybrid | [DECISION] NO_TRADE | Pattern weak (0.35) | Conf: 0.00
2025-12-03 19:47:56 | INFO     | strategies.neural_hybrid | [DECISION] NO_TRADE | Pattern weak (0.35) | Conf: 0.00
2025-12-03 19:47:57 | INFO     | strategies.neural_hybrid | [DECISION] NO_TRADE | Pattern weak (0.36) | Conf: 0.00
2025-12-03 19:47:57 | INFO     | strategies.neural_hybrid | [DECISION] NO_TRADE | Pattern weak (0.36) | Conf: 0.00
2025-12-03 19:47:57 | INFO     | strategies.neural_hybrid | [DECISION] NO_TRADE | Pattern weak (0.36) | Conf: 0.00
2025-12-03 19:47:57 | INFO     | strategies.neural_hybrid | [DECISION] NO_TRADE | Pattern weak (0.36) | Conf: 0.00
2025-12-03 19:47:58 | INFO     | strategies.neural_hybrid | [DECISION] NO_TRADE | Pattern weak (0.36) | Conf: 0.00
2025-12-03 19:47:58 | INFO     | strategies.neural_hybrid | [DECISION] NO_TRADE | Pattern weak (0.36) | Conf: 0.00
2025-12-03 19:47:58 | INFO     | strategies.neural_hybrid | [DECISION] NO_TRADE | Pattern weak (0.36) | Conf: 0.00
2025-12-03 19:47:59 | INFO     | strategies.neural_hybrid | [DECISION] NO_TRADE | Pattern weak (0.35) | Conf: 0.00
2025-12-03 19:47:59 | INFO     | strategies.neural_hybrid | [DECISION] NO_TRADE | Pattern weak (0.35) | Conf: 0.00
2025-12-03 19:47:59 | INFO     | strategies.neural_hybrid | [DECISION] NO_TRADE | Pattern weak (0.36) | Conf: 0.00
2025-12-03 19:47:59 | INFO     | strategies.neural_hybrid | [DECISION] NO_TRADE | Pattern weak (0.37) | Conf: 0.00
2025-12-03 19:48:00 | INFO     | strategies.neural_hybrid | [DECISION] NO_TRADE | Pattern weak (0.36) | Conf: 0.00
2025-12-03 19:48:00 | INFO     | strategies.neural_hybrid | [DECISION] NO_TRADE | Pattern weak (0.37) | Conf: 0.00
2025-12-03 19:48:00 | INFO     | strategies.neural_hybrid | [DECISION] NO_TRADE | Pattern weak (0.36) | Conf: 0.00
2025-12-03 19:48:00 | INFO     | strategies.neural_hybrid | [DECISION] NO_TRADE | Pattern weak (0.37) | Conf: 0.00
2025-12-03 19:48:01 | INFO     | strategies.neural_hybrid | [DECISION] NO_TRADE | Pattern weak (0.38) | Conf: 0.00
2025-12-03 19:48:01 | INFO     | strategies.neural_hybrid | [DECISION] NO_TRADE | Pattern weak (0.38) | Conf: 0.00
2025-12-03 19:48:01 | INFO     | strategies.neural_hybrid | [DECISION] NO_TRADE | Pattern weak (0.38) | Conf: 0.00
2025-12-03 19:48:02 | INFO     | strategies.neural_hybrid | [DECISION] NO_TRADE | Pattern weak (0.38) | Conf: 0.00
2025-12-03 19:48:02 | INFO     | strategies.neural_hybrid | [DECISION] NO_TRADE | Pattern weak (0.38) | Conf: 0.00
2025-12-03 19:48:02 | INFO     | strategies.neural_hybrid | [DECISION] NO_TRADE | Pattern weak (0.37) | Conf: 0.00
2025-12-03 19:48:02 | INFO     | strategies.neural_hybrid | [DECISION] NO_TRADE | Pattern weak (0.37) | Conf: 0.00
2025-12-03 19:48:03 | INFO     | strategies.neural_hybrid | [DECISION] NO_TRADE | Pattern weak (0.37) | Conf: 0.00
2025-12-03 19:48:03 | INFO     | strategies.neural_hybrid | [DECISION] NO_TRADE | Pattern weak (0.36) | Conf: 0.00
2025-12-03 19:48:03 | INFO     | strategies.neural_hybrid | [DECISION] NO_TRADE | Pattern weak (0.36) | Conf: 0.00
2025-12-03 19:48:03 | INFO     | strategies.neural_hybrid | [DECISION] NO_TRADE | Pattern weak (0.36) | Conf: 0.00
2025-12-03 19:48:04 | INFO     | strategies.neural_hybrid | [DECISION] NO_TRADE | Pattern weak (0.36) | Conf: 0.00
2025-12-03 19:48:04 | INFO     | strategies.neural_hybrid | [DECISION] NO_TRADE | Pattern weak (0.36) | Conf: 0.00
2025-12-03 19:48:04 | INFO     | strategies.neural_hybrid | [DECISION] NO_TRADE | Pattern weak (0.36) | Conf: 0.00
2025-12-03 19:48:05 | INFO     | strategies.neural_hybrid | [DECISION] NO_TRADE | Pattern weak (0.36) | Conf: 0.00
2025-12-03 19:48:05 | INFO     | strategies.neural_hybrid | [DECISION] NO_TRADE | Pattern weak (0.36) | Conf: 0.00
2025-12-03 19:48:05 | INFO     | strategies.neural_hybrid | [DECISION] NO_TRADE | Pattern weak (0.37) | Conf: 0.00
2025-12-03 19:48:05 | INFO     | strategies.neural_hybrid | [DECISION] NO_TRADE | Pattern weak (0.37) | Conf: 0.00
2025-12-03 19:48:06 | INFO     | strategies.neural_hybrid | [DECISION] NO_TRADE | Pattern weak (0.37) | Conf: 0.00
2025-12-03 19:48:06 | INFO     | strategies.neural_hybrid | [DECISION] NO_TRADE | Pattern weak (0.37) | Conf: 0.00
2025-12-03 19:48:06 | INFO     | strategies.neural_hybrid | [DECISION] NO_TRADE | Pattern weak (0.36) | Conf: 0.00
2025-12-03 19:48:07 | INFO     | strategies.neural_hybrid | [DECISION] NO_TRADE | Pattern weak (0.37) | Conf: 0.00
2025-12-03 19:48:07 | INFO     | strategies.neural_hybrid | [DECISION] NO_TRADE | Pattern weak (0.36) | Conf: 0.00
2025-12-03 19:48:07 | INFO     | strategies.neural_hybrid | [DECISION] NO_TRADE | Pattern weak (0.37) | Conf: 0.00
2025-12-03 19:48:07 | INFO     | strategies.neural_hybrid | [DECISION] NO_TRADE | Pattern weak (0.37) | Conf: 0.00
2025-12-03 19:48:08 | INFO     | strategies.neural_hybrid | [DECISION] NO_TRADE | Pattern weak (0.37) | Conf: 0.00
2025-12-03 19:48:08 | INFO     | strategies.neural_hybrid | [DECISION] NO_TRADE | Pattern weak (0.38) | Conf: 0.00
2025-12-03 19:48:08 | INFO     | strategies.neural_hybrid | [DECISION] NO_TRADE | Pattern weak (0.36) | Conf: 0.00
2025-12-03 19:48:08 | INFO     | strategies.neural_hybrid | [DECISION] NO_TRADE | Pattern weak (0.34) | Conf: 0.00
2025-12-03 19:48:09 | INFO     | strategies.neural_hybrid | [DECISION] NO_TRADE | Pattern weak (0.33) | Conf: 0.00
2025-12-03 19:48:09 | INFO     | strategies.neural_hybrid | [DECISION] NO_TRADE | Pattern weak (0.34) | Conf: 0.00
2025-12-03 19:48:09 | INFO     | strategies.neural_hybrid | [DECISION] NO_TRADE | Pattern weak (0.34) | Conf: 0.00
2025-12-03 19:48:10 | INFO     | strategies.neural_hybrid | [DECISION] NO_TRADE | Pattern weak (0.35) | Conf: 0.00
2025-12-03 19:48:10 | INFO     | strategies.neural_hybrid | [DECISION] NO_TRADE | Pattern weak (0.34) | Conf: 0.00
2025-12-03 19:48:10 | INFO     | strategies.neural_hybrid | [DECISION] NO_TRADE | Pattern weak (0.34) | Conf: 0.00
2025-12-03 19:48:10 | INFO     | strategies.neural_hybrid | [DECISION] NO_TRADE | Pattern weak (0.35) | Conf: 0.00
2025-12-03 19:48:11 | INFO     | strategies.neural_hybrid | [DECISION] NO_TRADE | Pattern weak (0.35) | Conf: 0.00
2025-12-03 19:48:11 | INFO     | strategies.neural_hybrid | [DECISION] NO_TRADE | Pattern weak (0.35) | Conf: 0.00
2025-12-03 19:48:11 | INFO     | strategies.neural_hybrid | [DECISION] NO_TRADE | Pattern weak (0.35) | Conf: 0.00
2025-12-03 19:48:11 | INFO     | strategies.neural_hybrid | [DECISION] NO_TRADE | Pattern weak (0.35) | Conf: 0.00
2025-12-03 19:48:12 | INFO     | strategies.neural_hybrid | [DECISION] NO_TRADE | Pattern weak (0.36) | Conf: 0.00
2025-12-03 19:48:12 | INFO     | strategies.neural_hybrid | [DECISION] NO_TRADE | Pattern weak (0.36) | Conf: 0.00
2025-12-03 19:48:12 | INFO     | strategies.neural_hybrid | [DECISION] NO_TRADE | Pattern weak (0.35) | Conf: 0.00
2025-12-03 19:48:13 | INFO     | strategies.neural_hybrid | [DECISION] NO_TRADE | Pattern weak (0.35) | Conf: 0.00
2025-12-03 19:48:13 | INFO     | strategies.neural_hybrid | [DECISION] NO_TRADE | Pattern weak (0.36) | Conf: 0.00
2025-12-03 19:48:13 | INFO     | strategies.neural_hybrid | [DECISION] NO_TRADE | Pattern weak (0.36) | Conf: 0.00
2025-12-03 19:48:13 | INFO     | strategies.neural_hybrid | [DECISION] NO_TRADE | Pattern weak (0.35) | Conf: 0.00
2025-12-03 19:48:14 | INFO     | strategies.neural_hybrid | [DECISION] NO_TRADE | Pattern weak (0.36) | Conf: 0.00
2025-12-03 19:48:14 | INFO     | strategies.neural_hybrid | [DECISION] NO_TRADE | Pattern weak (0.36) | Conf: 0.00
2025-12-03 19:48:14 | INFO     | strategies.neural_hybrid | [DECISION] NO_TRADE | Pattern weak (0.35) | Conf: 0.00
2025-12-03 19:48:14 | INFO     | strategies.neural_hybrid | [DECISION] NO_TRADE | Pattern weak (0.35) | Conf: 0.00
2025-12-03 19:48:15 | INFO     | strategies.neural_hybrid | [DECISION] NO_TRADE | Pattern weak (0.36) | Conf: 0.00
2025-12-03 19:48:15 | INFO     | strategies.neural_hybrid | [DECISION] NO_TRADE | Pattern weak (0.36) | Conf: 0.00
2025-12-03 19:48:15 | INFO     | strategies.neural_hybrid | [DECISION] NO_TRADE | Pattern weak (0.37) | Conf: 0.00
2025-12-03 19:48:16 | INFO     | strategies.neural_hybrid | [DECISION] NO_TRADE | Pattern weak (0.36) | Conf: 0.00
2025-12-03 19:48:16 | INFO     | strategies.neural_hybrid | [DECISION] NO_TRADE | Pattern weak (0.36) | Conf: 0.00
2025-12-03 19:48:16 | INFO     | strategies.neural_hybrid | [DECISION] NO_TRADE | Pattern weak (0.36) | Conf: 0.00
2025-12-03 19:48:16 | INFO     | strategies.neural_hybrid | [DECISION] NO_TRADE | Pattern weak (0.36) | Conf: 0.00
2025-12-03 19:48:17 | INFO     | strategies.neural_hybrid | [DECISION] NO_TRADE | Pattern weak (0.37) | Conf: 0.00
2025-12-03 19:48:17 | INFO     | strategies.neural_hybrid | [DECISION] NO_TRADE | Pattern weak (0.36) | Conf: 0.00
2025-12-03 19:48:17 | INFO     | strategies.neural_hybrid | [DECISION] NO_TRADE | Pattern weak (0.37) | Conf: 0.00
2025-12-03 19:48:18 | INFO     | strategies.neural_hybrid | [DECISION] NO_TRADE | Pattern weak (0.37) | Conf: 0.00
2025-12-03 19:48:18 | INFO     | strategies.neural_hybrid | [DECISION] NO_TRADE | Pattern weak (0.37) | Conf: 0.00
2025-12-03 19:48:18 | INFO     | strategies.neural_hybrid | [DECISION] NO_TRADE | Pattern weak (0.36) | Conf: 0.00
2025-12-03 19:48:19 | INFO     | strategies.neural_hybrid | [DECISION] NO_TRADE | Pattern weak (0.36) | Conf: 0.00
2025-12-03 19:48:19 | INFO     | strategies.neural_hybrid | [DECISION] NO_TRADE | Pattern weak (0.37) | Conf: 0.00
2025-12-03 19:48:19 | INFO     | strategies.neural_hybrid | [DECISION] NO_TRADE | Pattern weak (0.38) | Conf: 0.00
2025-12-03 19:48:20 | INFO     | strategies.neural_hybrid | [DECISION] NO_TRADE | Pattern weak (0.37) | Conf: 0.00
2025-12-03 19:48:20 | INFO     | strategies.neural_hybrid | [DECISION] NO_TRADE | Pattern weak (0.38) | Conf: 0.00
2025-12-03 19:48:20 | INFO     | strategies.neural_hybrid | [DECISION] NO_TRADE | Pattern weak (0.37) | Conf: 0.00
2025-12-03 19:48:21 | INFO     | strategies.neural_hybrid | [DECISION] NO_TRADE | Pattern weak (0.37) | Conf: 0.00
2025-12-03 19:48:21 | INFO     | strategies.neural_hybrid | [DECISION] NO_TRADE | Pattern weak (0.37) | Conf: 0.00
2025-12-03 19:48:21 | INFO     | strategies.neural_hybrid | [DECISION] NO_TRADE | Pattern weak (0.37) | Conf: 0.00
2025-12-03 19:48:22 | INFO     | strategies.neural_hybrid | [DECISION] NO_TRADE | Pattern weak (0.37) | Conf: 0.00
2025-12-03 19:48:22 | INFO     | strategies.neural_hybrid | [DECISION] NO_TRADE | Pattern weak (0.38) | Conf: 0.00
2025-12-03 19:48:22 | INFO     | strategies.neural_hybrid | [DECISION] NO_TRADE | Pattern weak (0.37) | Conf: 0.00
2025-12-03 19:48:23 | INFO     | strategies.neural_hybrid | [DECISION] NO_TRADE | Pattern weak (0.36) | Conf: 0.00
2025-12-03 19:48:23 | INFO     | strategies.neural_hybrid | [DECISION] NO_TRADE | Pattern weak (0.36) | Conf: 0.00
2025-12-03 19:48:23 | INFO     | strategies.neural_hybrid | [DECISION] NO_TRADE | Pattern weak (0.36) | Conf: 0.00
2025-12-03 19:48:24 | INFO     | strategies.neural_hybrid | [DECISION] NO_TRADE | Pattern weak (0.36) | Conf: 0.00
2025-12-03 19:48:24 | INFO     | strategies.neural_hybrid | [DECISION] NO_TRADE | Pattern weak (0.36) | Conf: 0.00
2025-12-03 19:48:24 | INFO     | strategies.neural_hybrid | [DECISION] NO_TRADE | Pattern weak (0.36) | Conf: 0.00
2025-12-03 19:48:25 | INFO     | strategies.neural_hybrid | [DECISION] NO_TRADE | Pattern weak (0.36) | Conf: 0.00
2025-12-03 19:48:25 | INFO     | strategies.neural_hybrid | [DECISION] NO_TRADE | Pattern weak (0.36) | Conf: 0.00
2025-12-03 19:48:26 | INFO     | strategies.neural_hybrid | [DECISION] NO_TRADE | Pattern weak (0.36) | Conf: 0.00
2025-12-03 19:48:26 | INFO     | strategies.neural_hybrid | [DECISION] NO_TRADE | Pattern weak (0.36) | Conf: 0.00
2025-12-03 19:48:26 | INFO     | strategies.neural_hybrid | [DECISION] NO_TRADE | Pattern weak (0.36) | Conf: 0.00
2025-12-03 19:48:27 | INFO     | strategies.neural_hybrid | [DECISION] NO_TRADE | Pattern weak (0.36) | Conf: 0.00
2025-12-03 19:48:27 | INFO     | strategies.neural_hybrid | [DECISION] NO_TRADE | Pattern weak (0.36) | Conf: 0.00
2025-12-03 19:48:27 | INFO     | strategies.neural_hybrid | [DECISION] NO_TRADE | Pattern weak (0.36) | Conf: 0.00
2025-12-03 19:48:28 | INFO     | strategies.neural_hybrid | [DECISION] NO_TRADE | Pattern weak (0.36) | Conf: 0.00
2025-12-03 19:48:28 | INFO     | strategies.neural_hybrid | [DECISION] NO_TRADE | Pattern weak (0.37) | Conf: 0.00
2025-12-03 19:48:28 | INFO     | strategies.neural_hybrid | [DECISION] NO_TRADE | Pattern weak (0.38) | Conf: 0.00
2025-12-03 19:48:29 | INFO     | strategies.neural_hybrid | [DECISION] NO_TRADE | Pattern weak (0.37) | Conf: 0.00
2025-12-03 19:48:29 | INFO     | strategies.neural_hybrid | [DECISION] NO_TRADE | Pattern weak (0.37) | Conf: 0.00
2025-12-03 19:48:29 | INFO     | strategies.neural_hybrid | [DECISION] NO_TRADE | Pattern weak (0.37) | Conf: 0.00
2025-12-03 19:48:30 | INFO     | strategies.neural_hybrid | [DECISION] NO_TRADE | Pattern weak (0.37) | Conf: 0.00
2025-12-03 19:48:30 | INFO     | strategies.neural_hybrid | [DECISION] NO_TRADE | Pattern weak (0.38) | Conf: 0.00
2025-12-03 19:48:30 | INFO     | strategies.neural_hybrid | [DECISION] NO_TRADE | Pattern weak (0.38) | Conf: 0.00
2025-12-03 19:48:31 | INFO     | strategies.neural_hybrid | [DECISION] NO_TRADE | Pattern weak (0.38) | Conf: 0.00
2025-12-03 19:48:31 | INFO     | strategies.neural_hybrid | [DECISION] NO_TRADE | Pattern weak (0.37) | Conf: 0.00
2025-12-03 19:48:31 | INFO     | strategies.neural_hybrid | [DECISION] NO_TRADE | Pattern weak (0.37) | Conf: 0.00
2025-12-03 19:48:32 | INFO     | strategies.neural_hybrid | [DECISION] NO_TRADE | Pattern weak (0.36) | Conf: 0.00
2025-12-03 19:48:32 | INFO     | strategies.neural_hybrid | [DECISION] NO_TRADE | Pattern weak (0.35) | Conf: 0.00
2025-12-03 19:48:32 | INFO     | strategies.neural_hybrid | [DECISION] NO_TRADE | Pattern weak (0.36) | Conf: 0.00
2025-12-03 19:48:33 | INFO     | strategies.neural_hybrid | [DECISION] NO_TRADE | Pattern weak (0.36) | Conf: 0.00
2025-12-03 19:48:33 | INFO     | strategies.neural_hybrid | [DECISION] NO_TRADE | Pattern weak (0.36) | Conf: 0.00
2025-12-03 19:48:33 | INFO     | strategies.neural_hybrid | [DECISION] NO_TRADE | Pattern weak (0.36) | Conf: 0.00
2025-12-03 19:48:34 | INFO     | strategies.neural_hybrid | [DECISION] NO_TRADE | Pattern weak (0.36) | Conf: 0.00
2025-12-03 19:48:34 | INFO     | strategies.neural_hybrid | [DECISION] NO_TRADE | Pattern weak (0.36) | Conf: 0.00
2025-12-03 19:48:34 | INFO     | strategies.neural_hybrid | [DECISION] NO_TRADE | Pattern weak (0.36) | Conf: 0.00
2025-12-03 19:48:35 | INFO     | strategies.neural_hybrid | [DECISION] NO_TRADE | Pattern weak (0.37) | Conf: 0.00
2025-12-03 19:48:35 | INFO     | strategies.neural_hybrid | [DECISION] NO_TRADE | Pattern weak (0.37) | Conf: 0.00
2025-12-03 19:48:35 | INFO     | strategies.neural_hybrid | [DECISION] NO_TRADE | Pattern weak (0.37) | Conf: 0.00
2025-12-03 19:48:36 | INFO     | strategies.neural_hybrid | [DECISION] NO_TRADE | Pattern weak (0.37) | Conf: 0.00
2025-12-03 19:48:36 | INFO     | strategies.neural_hybrid | [DECISION] NO_TRADE | Pattern weak (0.37) | Conf: 0.00
2025-12-03 19:48:36 | INFO     | strategies.neural_hybrid | [DECISION] NO_TRADE | Pattern weak (0.36) | Conf: 0.00
2025-12-03 19:48:37 | INFO     | strategies.neural_hybrid | [DECISION] NO_TRADE | Pattern weak (0.36) | Conf: 0.00
2025-12-03 19:48:37 | INFO     | strategies.neural_hybrid | [DECISION] NO_TRADE | Pattern weak (0.35) | Conf: 0.00
2025-12-03 19:48:37 | INFO     | strategies.neural_hybrid | [DECISION] NO_TRADE | Pattern weak (0.34) | Conf: 0.00
2025-12-03 19:48:38 | INFO     | strategies.neural_hybrid | [DECISION] NO_TRADE | Pattern weak (0.34) | Conf: 0.00
2025-12-03 19:48:38 | INFO     | strategies.neural_hybrid | [DECISION] NO_TRADE | Pattern weak (0.36) | Conf: 0.00
2025-12-03 19:48:38 | INFO     | strategies.neural_hybrid | [DECISION] NO_TRADE | Pattern weak (0.35) | Conf: 0.00
2025-12-03 19:48:39 | INFO     | strategies.neural_hybrid | [DECISION] NO_TRADE | Pattern weak (0.34) | Conf: 0.00
2025-12-03 19:48:39 | INFO     | strategies.neural_hybrid | [DECISION] NO_TRADE | Pattern weak (0.35) | Conf: 0.00
2025-12-03 19:48:39 | INFO     | strategies.neural_hybrid | [DECISION] NO_TRADE | Pattern weak (0.35) | Conf: 0.00
2025-12-03 19:48:40 | INFO     | strategies.neural_hybrid | [DECISION] NO_TRADE | Pattern weak (0.35) | Conf: 0.00
2025-12-03 19:48:40 | INFO     | strategies.neural_hybrid | [DECISION] NO_TRADE | Pattern weak (0.35) | Conf: 0.00
2025-12-03 19:48:40 | INFO     | strategies.neural_hybrid | [DECISION] NO_TRADE | Pattern weak (0.36) | Conf: 0.00
2025-12-03 19:48:41 | INFO     | strategies.neural_hybrid | [DECISION] NO_TRADE | Pattern weak (0.35) | Conf: 0.00
2025-12-03 19:48:41 | INFO     | strategies.neural_hybrid | [DECISION] NO_TRADE | Pattern weak (0.36) | Conf: 0.00
2025-12-03 19:48:41 | INFO     | strategies.neural_hybrid | [DECISION] NO_TRADE | Pattern weak (0.36) | Conf: 0.00
2025-12-03 19:48:42 | INFO     | strategies.neural_hybrid | [DECISION] NO_TRADE | Pattern weak (0.36) | Conf: 0.00
2025-12-03 19:48:42 | INFO     | strategies.neural_hybrid | [DECISION] NO_TRADE | Pattern weak (0.36) | Conf: 0.00
2025-12-03 19:48:42 | INFO     | strategies.neural_hybrid | [DECISION] NO_TRADE | Pattern weak (0.36) | Conf: 0.00
2025-12-03 19:48:43 | INFO     | strategies.neural_hybrid | [DECISION] NO_TRADE | Pattern weak (0.37) | Conf: 0.00
2025-12-03 19:48:43 | INFO     | strategies.neural_hybrid | [DECISION] NO_TRADE | Pattern weak (0.36) | Conf: 0.00
2025-12-03 19:48:44 | INFO     | strategies.neural_hybrid | [DECISION] NO_TRADE | Pattern weak (0.36) | Conf: 0.00
2025-12-03 19:48:44 | INFO     | strategies.neural_hybrid | [DECISION] NO_TRADE | Pattern weak (0.36) | Conf: 0.00
2025-12-03 19:48:44 | INFO     | strategies.neural_hybrid | [DECISION] NO_TRADE | Pattern weak (0.37) | Conf: 0.00
2025-12-03 19:48:45 | INFO     | strategies.neural_hybrid | [DECISION] NO_TRADE | Pattern weak (0.36) | Conf: 0.00
2025-12-03 19:48:45 | INFO     | strategies.neural_hybrid | [DECISION] NO_TRADE | Pattern weak (0.36) | Conf: 0.00
2025-12-03 19:48:45 | INFO     | strategies.neural_hybrid | [DECISION] NO_TRADE | Pattern weak (0.35) | Conf: 0.00
2025-12-03 19:48:46 | INFO     | strategies.neural_hybrid | [DECISION] NO_TRADE | Pattern weak (0.36) | Conf: 0.00
2025-12-03 19:48:46 | INFO     | strategies.neural_hybrid | [DECISION] NO_TRADE | Pattern weak (0.37) | Conf: 0.00
2025-12-03 19:48:46 | INFO     | strategies.neural_hybrid | [DECISION] NO_TRADE | Pattern weak (0.38) | Conf: 0.00
2025-12-03 19:48:47 | INFO     | strategies.neural_hybrid | [DECISION] NO_TRADE | Pattern weak (0.37) | Conf: 0.00
2025-12-03 19:48:47 | INFO     | strategies.neural_hybrid | [DECISION] NO_TRADE | Pattern weak (0.35) | Conf: 0.00
2025-12-03 19:48:47 | INFO     | strategies.neural_hybrid | [DECISION] NO_TRADE | Pattern weak (0.34) | Conf: 0.00
2025-12-03 19:48:48 | INFO     | strategies.neural_hybrid | [DECISION] NO_TRADE | Pattern weak (0.35) | Conf: 0.00
2025-12-03 19:48:48 | INFO     | strategies.neural_hybrid | [DECISION] NO_TRADE | Pattern weak (0.34) | Conf: 0.00
2025-12-03 19:48:48 | INFO     | strategies.neural_hybrid | [DECISION] NO_TRADE | Pattern weak (0.35) | Conf: 0.00
2025-12-03 19:48:49 | INFO     | strategies.neural_hybrid | [DECISION] NO_TRADE | Pattern weak (0.35) | Conf: 0.00
2025-12-03 19:48:49 | INFO     | strategies.neural_hybrid | [DECISION] NO_TRADE | Pattern weak (0.35) | Conf: 0.00
2025-12-03 19:48:49 | INFO     | strategies.neural_hybrid | [DECISION] NO_TRADE | Pattern weak (0.35) | Conf: 0.00
2025-12-03 19:48:50 | INFO     | strategies.neural_hybrid | [DECISION] NO_TRADE | Pattern weak (0.36) | Conf: 0.00
2025-12-03 19:48:50 | INFO     | strategies.neural_hybrid | [DECISION] NO_TRADE | Pattern weak (0.36) | Conf: 0.00
2025-12-03 19:48:50 | INFO     | strategies.neural_hybrid | [DECISION] NO_TRADE | Pattern weak (0.36) | Conf: 0.00
2025-12-03 19:48:51 | INFO     | strategies.neural_hybrid | [DECISION] NO_TRADE | Pattern weak (0.35) | Conf: 0.00
2025-12-03 19:48:51 | INFO     | strategies.neural_hybrid | [DECISION] NO_TRADE | Pattern weak (0.36) | Conf: 0.00
2025-12-03 19:48:51 | INFO     | strategies.neural_hybrid | [DECISION] NO_TRADE | Pattern weak (0.36) | Conf: 0.00
2025-12-03 19:48:52 | INFO     | strategies.neural_hybrid | [DECISION] NO_TRADE | Pattern weak (0.36) | Conf: 0.00
2025-12-03 19:48:52 | INFO     | strategies.neural_hybrid | [DECISION] NO_TRADE | Pattern weak (0.35) | Conf: 0.00
2025-12-03 19:48:52 | INFO     | strategies.neural_hybrid | [DECISION] NO_TRADE | Pattern weak (0.35) | Conf: 0.00
2025-12-03 19:48:53 | INFO     | strategies.neural_hybrid | [DECISION] NO_TRADE | Pattern weak (0.34) | Conf: 0.00
2025-12-03 19:48:53 | INFO     | strategies.neural_hybrid | [DECISION] NO_TRADE | Pattern weak (0.34) | Conf: 0.00
2025-12-03 19:48:53 | INFO     | strategies.neural_hybrid | [DECISION] NO_TRADE | Pattern weak (0.35) | Conf: 0.00
2025-12-03 19:48:54 | INFO     | strategies.neural_hybrid | [DECISION] NO_TRADE | Pattern weak (0.35) | Conf: 0.00
2025-12-03 19:48:54 | INFO     | strategies.neural_hybrid | [DECISION] NO_TRADE | Pattern weak (0.36) | Conf: 0.00
2025-12-03 19:48:54 | INFO     | strategies.neural_hybrid | [DECISION] NO_TRADE | Pattern weak (0.35) | Conf: 0.00
2025-12-03 19:48:55 | INFO     | strategies.neural_hybrid | [DECISION] NO_TRADE | Pattern weak (0.35) | Conf: 0.00
2025-12-03 19:48:55 | INFO     | strategies.neural_hybrid | [DECISION] NO_TRADE | Pattern weak (0.37) | Conf: 0.00
2025-12-03 19:48:55 | INFO     | strategies.neural_hybrid | [DECISION] NO_TRADE | Pattern weak (0.36) | Conf: 0.00
2025-12-03 19:48:56 | INFO     | strategies.neural_hybrid | [DECISION] NO_TRADE | Pattern weak (0.36) | Conf: 0.00
2025-12-03 19:48:56 | INFO     | strategies.neural_hybrid | [DECISION] NO_TRADE | Pattern weak (0.36) | Conf: 0.00
2025-12-03 19:48:56 | INFO     | strategies.neural_hybrid | [DECISION] NO_TRADE | Pattern weak (0.36) | Conf: 0.00
2025-12-03 19:48:57 | INFO     | strategies.neural_hybrid | [DECISION] NO_TRADE | Pattern weak (0.36) | Conf: 0.00
2025-12-03 19:48:57 | INFO     | strategies.neural_hybrid | [DECISION] NO_TRADE | Pattern weak (0.36) | Conf: 0.00
2025-12-03 19:48:57 | INFO     | strategies.neural_hybrid | [DECISION] NO_TRADE | Pattern weak (0.36) | Conf: 0.00
2025-12-03 19:48:58 | INFO     | strategies.neural_hybrid | [DECISION] NO_TRADE | Pattern weak (0.36) | Conf: 0.00
2025-12-03 19:48:58 | INFO     | strategies.neural_hybrid | [DECISION] NO_TRADE | Pattern weak (0.36) | Conf: 0.00
2025-12-03 19:48:58 | INFO     | strategies.neural_hybrid | [DECISION] NO_TRADE | Pattern weak (0.37) | Conf: 0.00
2025-12-03 19:48:59 | INFO     | strategies.neural_hybrid | [DECISION] NO_TRADE | Pattern weak (0.36) | Conf: 0.00
2025-12-03 19:48:59 | INFO     | strategies.neural_hybrid | [DECISION] NO_TRADE | Pattern weak (0.37) | Conf: 0.00
2025-12-03 19:48:59 | INFO     | strategies.neural_hybrid | [DECISION] NO_TRADE | Pattern weak (0.37) | Conf: 0.00
2025-12-03 19:49:00 | INFO     | strategies.neural_hybrid | [DECISION] NO_TRADE | Pattern weak (0.37) | Conf: 0.00
2025-12-03 19:49:00 | INFO     | strategies.neural_hybrid | [DECISION] NO_TRADE | Pattern weak (0.37) | Conf: 0.00
2025-12-03 19:49:01 | INFO     | strategies.neural_hybrid | [DECISION] NO_TRADE | Pattern weak (0.37) | Conf: 0.00
2025-12-03 19:49:01 | INFO     | strategies.neural_hybrid | [DECISION] NO_TRADE | Pattern weak (0.38) | Conf: 0.00
2025-12-03 19:49:01 | INFO     | strategies.neural_hybrid | [DECISION] NO_TRADE | Pattern weak (0.38) | Conf: 0.00
2025-12-03 19:49:02 | INFO     | strategies.neural_hybrid | [DECISION] NO_TRADE | Pattern weak (0.38) | Conf: 0.00
2025-12-03 19:49:02 | INFO     | strategies.neural_hybrid | [DECISION] NO_TRADE | Pattern weak (0.37) | Conf: 0.00
2025-12-03 19:49:02 | INFO     | strategies.neural_hybrid | [DECISION] NO_TRADE | Pattern weak (0.38) | Conf: 0.00
2025-12-03 19:49:03 | INFO     | strategies.neural_hybrid | [DECISION] NO_TRADE | Pattern weak (0.38) | Conf: 0.00
2025-12-03 19:49:03 | INFO     | strategies.neural_hybrid | [DECISION] NO_TRADE | Pattern weak (0.38) | Conf: 0.00
2025-12-03 19:49:03 | INFO     | strategies.neural_hybrid | [DECISION] NO_TRADE | Pattern weak (0.38) | Conf: 0.00
2025-12-03 19:49:04 | INFO     | strategies.neural_hybrid | [DECISION] NO_TRADE | Pattern weak (0.38) | Conf: 0.00
2025-12-03 19:49:04 | INFO     | strategies.neural_hybrid | [DECISION] NO_TRADE | Pattern weak (0.38) | Conf: 0.00
2025-12-03 19:49:04 | INFO     | strategies.neural_hybrid | [DECISION] NO_TRADE | Pattern weak (0.37) | Conf: 0.00
2025-12-03 19:49:05 | INFO     | strategies.neural_hybrid | [DECISION] NO_TRADE | Pattern weak (0.37) | Conf: 0.00
2025-12-03 19:49:05 | INFO     | strategies.neural_hybrid | [DECISION] NO_TRADE | Pattern weak (0.36) | Conf: 0.00
2025-12-03 19:49:05 | INFO     | strategies.neural_hybrid | [DECISION] NO_TRADE | Pattern weak (0.36) | Conf: 0.00
2025-12-03 19:49:06 | INFO     | strategies.neural_hybrid | [DECISION] NO_TRADE | Pattern weak (0.36) | Conf: 0.00
2025-12-03 19:49:06 | INFO     | strategies.neural_hybrid | [DECISION] NO_TRADE | Pattern weak (0.36) | Conf: 0.00
2025-12-03 19:49:06 | INFO     | strategies.neural_hybrid | [DECISION] NO_TRADE | Pattern weak (0.36) | Conf: 0.00
2025-12-03 19:49:07 | INFO     | strategies.neural_hybrid | [DECISION] NO_TRADE | Pattern weak (0.36) | Conf: 0.00
2025-12-03 19:49:07 | INFO     | strategies.neural_hybrid | [DECISION] NO_TRADE | Pattern weak (0.36) | Conf: 0.00
2025-12-03 19:49:07 | INFO     | strategies.neural_hybrid | [DECISION] NO_TRADE | Pattern weak (0.36) | Conf: 0.00
2025-12-03 19:49:08 | INFO     | strategies.neural_hybrid | [DECISION] NO_TRADE | Pattern weak (0.36) | Conf: 0.00
2025-12-03 19:49:08 | INFO     | strategies.neural_hybrid | [DECISION] NO_TRADE | Pattern weak (0.37) | Conf: 0.00
2025-12-03 19:49:08 | INFO     | strategies.neural_hybrid | [DECISION] NO_TRADE | Pattern weak (0.36) | Conf: 0.00
2025-12-03 19:49:09 | INFO     | strategies.neural_hybrid | [DECISION] NO_TRADE | Pattern weak (0.37) | Conf: 0.00
2025-12-03 19:49:09 | INFO     | strategies.neural_hybrid | [DECISION] NO_TRADE | Pattern weak (0.37) | Conf: 0.00
2025-12-03 19:49:09 | INFO     | strategies.neural_hybrid | [DECISION] NO_TRADE | Pattern weak (0.37) | Conf: 0.00
2025-12-03 19:49:10 | INFO     | strategies.neural_hybrid | [DECISION] NO_TRADE | Pattern weak (0.37) | Conf: 0.00
2025-12-03 19:49:10 | INFO     | strategies.neural_hybrid | [DECISION] NO_TRADE | Pattern weak (0.37) | Conf: 0.00
2025-12-03 19:49:10 | INFO     | strategies.neural_hybrid | [DECISION] NO_TRADE | Pattern weak (0.36) | Conf: 0.00
2025-12-03 19:49:11 | INFO     | strategies.neural_hybrid | [DECISION] NO_TRADE | Pattern weak (0.37) | Conf: 0.00
2025-12-03 19:49:11 | INFO     | strategies.neural_hybrid | [DECISION] NO_TRADE | Pattern weak (0.38) | Conf: 0.00
2025-12-03 19:49:11 | INFO     | strategies.neural_hybrid | [DECISION] NO_TRADE | Pattern weak (0.38) | Conf: 0.00
2025-12-03 19:49:12 | INFO     | strategies.neural_hybrid | [DECISION] NO_TRADE | Pattern weak (0.37) | Conf: 0.00
2025-12-03 19:49:12 | INFO     | strategies.neural_hybrid | [DECISION] NO_TRADE | Pattern weak (0.35) | Conf: 0.00
2025-12-03 19:49:12 | INFO     | strategies.neural_hybrid | [DECISION] NO_TRADE | Pattern weak (0.35) | Conf: 0.00
2025-12-03 19:49:13 | INFO     | strategies.neural_hybrid | [DECISION] NO_TRADE | Pattern weak (0.35) | Conf: 0.00
2025-12-03 19:49:13 | INFO     | strategies.neural_hybrid | [DECISION] NO_TRADE | Pattern weak (0.36) | Conf: 0.00
2025-12-03 19:49:13 | INFO     | strategies.neural_hybrid | [DECISION] NO_TRADE | Pattern weak (0.36) | Conf: 0.00
2025-12-03 19:49:14 | INFO     | strategies.neural_hybrid | [DECISION] NO_TRADE | Pattern weak (0.36) | Conf: 0.00
2025-12-03 19:49:14 | INFO     | strategies.neural_hybrid | [DECISION] NO_TRADE | Pattern weak (0.36) | Conf: 0.00
2025-12-03 19:49:14 | INFO     | strategies.neural_hybrid | [DECISION] NO_TRADE | Pattern weak (0.36) | Conf: 0.00
2025-12-03 19:49:15 | INFO     | strategies.neural_hybrid | [DECISION] NO_TRADE | Pattern weak (0.36) | Conf: 0.00
2025-12-03 19:49:15 | INFO     | strategies.neural_hybrid | [DECISION] NO_TRADE | Pattern weak (0.36) | Conf: 0.00
2025-12-03 19:49:15 | INFO     | strategies.neural_hybrid | [DECISION] NO_TRADE | Pattern weak (0.36) | Conf: 0.00
2025-12-03 19:49:16 | INFO     | strategies.neural_hybrid | [DECISION] NO_TRADE | Pattern weak (0.36) | Conf: 0.00
2025-12-03 19:49:16 | INFO     | strategies.neural_hybrid | [DECISION] NO_TRADE | Pattern weak (0.36) | Conf: 0.00
2025-12-03 19:49:16 | INFO     | strategies.neural_hybrid | [DECISION] NO_TRADE | Pattern weak (0.36) | Conf: 0.00
2025-12-03 19:49:17 | INFO     | strategies.neural_hybrid | [DECISION] NO_TRADE | Pattern weak (0.35) | Conf: 0.00
2025-12-03 19:49:17 | INFO     | strategies.neural_hybrid | [DECISION] NO_TRADE | Pattern weak (0.35) | Conf: 0.00
2025-12-03 19:49:17 | INFO     | strategies.neural_hybrid | [DECISION] NO_TRADE | Pattern weak (0.36) | Conf: 0.00
2025-12-03 19:49:18 | INFO     | strategies.neural_hybrid | [DECISION] NO_TRADE | Pattern weak (0.36) | Conf: 0.00
2025-12-03 19:49:18 | INFO     | strategies.neural_hybrid | [DECISION] NO_TRADE | Pattern weak (0.37) | Conf: 0.00
2025-12-03 19:49:18 | INFO     | strategies.neural_hybrid | [DECISION] NO_TRADE | Pattern weak (0.37) | Conf: 0.00
2025-12-03 19:49:19 | INFO     | strategies.neural_hybrid | [DECISION] NO_TRADE | Pattern weak (0.37) | Conf: 0.00
2025-12-03 19:49:19 | INFO     | strategies.neural_hybrid | [DECISION] NO_TRADE | Pattern weak (0.37) | Conf: 0.00
2025-12-03 19:49:19 | INFO     | strategies.neural_hybrid | [DECISION] NO_TRADE | Pattern weak (0.37) | Conf: 0.00
2025-12-03 19:49:20 | INFO     | strategies.neural_hybrid | [DECISION] NO_TRADE | Pattern weak (0.37) | Conf: 0.00
2025-12-03 19:49:20 | INFO     | strategies.neural_hybrid | [DECISION] NO_TRADE | Pattern weak (0.36) | Conf: 0.00
2025-12-03 19:49:20 | INFO     | strategies.neural_hybrid | [DECISION] NO_TRADE | Pattern weak (0.36) | Conf: 0.00
2025-12-03 19:49:21 | INFO     | strategies.neural_hybrid | [DECISION] NO_TRADE | Pattern weak (0.36) | Conf: 0.00
2025-12-03 19:49:21 | INFO     | strategies.neural_hybrid | [DECISION] NO_TRADE | Pattern weak (0.37) | Conf: 0.00
2025-12-03 19:49:21 | INFO     | strategies.neural_hybrid | [DECISION] NO_TRADE | Pattern weak (0.36) | Conf: 0.00
2025-12-03 19:49:22 | INFO     | strategies.neural_hybrid | [DECISION] NO_TRADE | Pattern weak (0.37) | Conf: 0.00
2025-12-03 19:49:22 | INFO     | strategies.neural_hybrid | [DECISION] NO_TRADE | Pattern weak (0.37) | Conf: 0.00
2025-12-03 19:49:22 | INFO     | strategies.neural_hybrid | [DECISION] NO_TRADE | Pattern weak (0.36) | Conf: 0.00
2025-12-03 19:49:23 | INFO     | strategies.neural_hybrid | [DECISION] NO_TRADE | Pattern weak (0.36) | Conf: 0.00
2025-12-03 19:49:23 | INFO     | strategies.neural_hybrid | [DECISION] NO_TRADE | Pattern weak (0.36) | Conf: 0.00
2025-12-03 19:49:23 | INFO     | strategies.neural_hybrid | [DECISION] NO_TRADE | Pattern weak (0.36) | Conf: 0.00
2025-12-03 19:49:24 | INFO     | strategies.neural_hybrid | [DECISION] NO_TRADE | Pattern weak (0.36) | Conf: 0.00
2025-12-03 19:49:24 | INFO     | strategies.neural_hybrid | [DECISION] NO_TRADE | Pattern weak (0.36) | Conf: 0.00
2025-12-03 19:49:24 | INFO     | strategies.neural_hybrid | [DECISION] NO_TRADE | Pattern weak (0.35) | Conf: 0.00
2025-12-03 19:49:25 | INFO     | strategies.neural_hybrid | [DECISION] NO_TRADE | Pattern weak (0.36) | Conf: 0.00
2025-12-03 19:49:25 | INFO     | strategies.neural_hybrid | [DECISION] NO_TRADE | Pattern weak (0.36) | Conf: 0.00
2025-12-03 19:49:25 | INFO     | strategies.neural_hybrid | [DECISION] NO_TRADE | Pattern weak (0.36) | Conf: 0.00
2025-12-03 19:49:26 | INFO     | strategies.neural_hybrid | [DECISION] NO_TRADE | Pattern weak (0.35) | Conf: 0.00
2025-12-03 19:49:26 | INFO     | strategies.neural_hybrid | [DECISION] NO_TRADE | Pattern weak (0.33) | Conf: 0.00
2025-12-03 19:49:26 | INFO     | strategies.neural_hybrid | [DECISION] NO_TRADE | Pattern weak (0.34) | Conf: 0.00
2025-12-03 19:49:27 | INFO     | strategies.neural_hybrid | [DECISION] NO_TRADE | Pattern weak (0.34) | Conf: 0.00
2025-12-03 19:49:27 | INFO     | strategies.neural_hybrid | [DECISION] NO_TRADE | Pattern weak (0.33) | Conf: 0.00
2025-12-03 19:49:27 | INFO     | strategies.neural_hybrid | [DECISION] NO_TRADE | Pattern weak (0.34) | Conf: 0.00
2025-12-03 19:49:28 | INFO     | strategies.neural_hybrid | [DECISION] NO_TRADE | Pattern weak (0.34) | Conf: 0.00
2025-12-03 19:49:28 | INFO     | strategies.neural_hybrid | [DECISION] NO_TRADE | Pattern weak (0.34) | Conf: 0.00
2025-12-03 19:49:29 | INFO     | strategies.neural_hybrid | [DECISION] NO_TRADE | Pattern weak (0.35) | Conf: 0.00
2025-12-03 19:49:29 | INFO     | strategies.neural_hybrid | [DECISION] NO_TRADE | Pattern weak (0.35) | Conf: 0.00
2025-12-03 19:49:29 | INFO     | strategies.neural_hybrid | [DECISION] NO_TRADE | Pattern weak (0.35) | Conf: 0.00
2025-12-03 19:49:30 | INFO     | strategies.neural_hybrid | [DECISION] NO_TRADE | Pattern weak (0.35) | Conf: 0.00
2025-12-03 19:49:30 | INFO     | strategies.neural_hybrid | [DECISION] NO_TRADE | Pattern weak (0.35) | Conf: 0.00
2025-12-03 19:49:30 | INFO     | strategies.neural_hybrid | [DECISION] NO_TRADE | Pattern weak (0.35) | Conf: 0.00
2025-12-03 19:49:31 | INFO     | strategies.neural_hybrid | [DECISION] NO_TRADE | Pattern weak (0.36) | Conf: 0.00
2025-12-03 19:49:31 | INFO     | strategies.neural_hybrid | [DECISION] NO_TRADE | Pattern weak (0.36) | Conf: 0.00
2025-12-03 19:49:31 | INFO     | strategies.neural_hybrid | [DECISION] NO_TRADE | Pattern weak (0.36) | Conf: 0.00
2025-12-03 19:49:32 | INFO     | strategies.neural_hybrid | [DECISION] NO_TRADE | Pattern weak (0.35) | Conf: 0.00
2025-12-03 19:49:32 | INFO     | strategies.neural_hybrid | [DECISION] NO_TRADE | Pattern weak (0.36) | Conf: 0.00
2025-12-03 19:49:32 | INFO     | strategies.neural_hybrid | [DECISION] NO_TRADE | Pattern weak (0.36) | Conf: 0.00
2025-12-03 19:49:33 | INFO     | strategies.neural_hybrid | [DECISION] NO_TRADE | Pattern weak (0.35) | Conf: 0.00
2025-12-03 19:49:33 | INFO     | strategies.neural_hybrid | [DECISION] NO_TRADE | Pattern weak (0.35) | Conf: 0.00
2025-12-03 19:49:33 | INFO     | strategies.neural_hybrid | [DECISION] NO_TRADE | Pattern weak (0.35) | Conf: 0.00
2025-12-03 19:49:34 | INFO     | strategies.neural_hybrid | [DECISION] NO_TRADE | Pattern weak (0.35) | Conf: 0.00
2025-12-03 19:49:34 | INFO     | strategies.neural_hybrid | [DECISION] NO_TRADE | Pattern weak (0.35) | Conf: 0.00
2025-12-03 19:49:34 | INFO     | strategies.neural_hybrid | [DECISION] NO_TRADE | Pattern weak (0.35) | Conf: 0.00
2025-12-03 19:49:35 | INFO     | strategies.neural_hybrid | [DECISION] NO_TRADE | Pattern weak (0.35) | Conf: 0.00
2025-12-03 19:49:35 | INFO     | strategies.neural_hybrid | [DECISION] NO_TRADE | Pattern weak (0.36) | Conf: 0.00
2025-12-03 19:49:35 | INFO     | strategies.neural_hybrid | [DECISION] NO_TRADE | Pattern weak (0.35) | Conf: 0.00
2025-12-03 19:49:36 | INFO     | strategies.neural_hybrid | [DECISION] NO_TRADE | Pattern weak (0.35) | Conf: 0.00
2025-12-03 19:49:36 | INFO     | strategies.neural_hybrid | [DECISION] NO_TRADE | Pattern weak (0.36) | Conf: 0.00
2025-12-03 19:49:36 | INFO     | strategies.neural_hybrid | [DECISION] NO_TRADE | Pattern weak (0.36) | Conf: 0.00
2025-12-03 19:49:37 | INFO     | strategies.neural_hybrid | [DECISION] NO_TRADE | Pattern weak (0.36) | Conf: 0.00
2025-12-03 19:49:37 | INFO     | strategies.neural_hybrid | [DECISION] NO_TRADE | Pattern weak (0.36) | Conf: 0.00
2025-12-03 19:49:37 | INFO     | strategies.neural_hybrid | [DECISION] NO_TRADE | Pattern weak (0.35) | Conf: 0.00
2025-12-03 19:49:38 | INFO     | strategies.neural_hybrid | [DECISION] NO_TRADE | Pattern weak (0.35) | Conf: 0.00
2025-12-03 19:49:38 | INFO     | strategies.neural_hybrid | [DECISION] NO_TRADE | Pattern weak (0.35) | Conf: 0.00
2025-12-03 19:49:38 | INFO     | strategies.neural_hybrid | [DECISION] NO_TRADE | Pattern weak (0.35) | Conf: 0.00
2025-12-03 19:49:39 | INFO     | strategies.neural_hybrid | [DECISION] NO_TRADE | Pattern weak (0.36) | Conf: 0.00
2025-12-03 19:49:39 | INFO     | strategies.neural_hybrid | [DECISION] NO_TRADE | Pattern weak (0.36) | Conf: 0.00
2025-12-03 19:49:39 | INFO     | strategies.neural_hybrid | [DECISION] NO_TRADE | Pattern weak (0.37) | Conf: 0.00
2025-12-03 19:49:40 | INFO     | strategies.neural_hybrid | [DECISION] NO_TRADE | Pattern weak (0.36) | Conf: 0.00
2025-12-03 19:49:40 | INFO     | strategies.neural_hybrid | [DECISION] NO_TRADE | Pattern weak (0.37) | Conf: 0.00
2025-12-03 19:49:40 | INFO     | strategies.neural_hybrid | [DECISION] NO_TRADE | Pattern weak (0.37) | Conf: 0.00
2025-12-03 19:49:41 | INFO     | strategies.neural_hybrid | [DECISION] NO_TRADE | Pattern weak (0.36) | Conf: 0.00
2025-12-03 19:49:41 | INFO     | strategies.neural_hybrid | [DECISION] NO_TRADE | Pattern weak (0.36) | Conf: 0.00
2025-12-03 19:49:41 | INFO     | strategies.neural_hybrid | [DECISION] NO_TRADE | Pattern weak (0.36) | Conf: 0.00
2025-12-03 19:49:42 | INFO     | strategies.neural_hybrid | [DECISION] NO_TRADE | Pattern weak (0.35) | Conf: 0.00
2025-12-03 19:49:42 | INFO     | strategies.neural_hybrid | [DECISION] NO_TRADE | Pattern weak (0.35) | Conf: 0.00
2025-12-03 19:49:42 | INFO     | strategies.neural_hybrid | [DECISION] NO_TRADE | Pattern weak (0.36) | Conf: 0.00
2025-12-03 19:49:43 | INFO     | strategies.neural_hybrid | [DECISION] NO_TRADE | Pattern weak (0.36) | Conf: 0.00
2025-12-03 19:49:43 | INFO     | strategies.neural_hybrid | [DECISION] NO_TRADE | Pattern weak (0.37) | Conf: 0.00
2025-12-03 19:49:43 | INFO     | strategies.neural_hybrid | [DECISION] NO_TRADE | Pattern weak (0.38) | Conf: 0.00
2025-12-03 19:49:44 | INFO     | strategies.neural_hybrid | [DECISION] NO_TRADE | Pattern weak (0.37) | Conf: 0.00
2025-12-03 19:49:44 | INFO     | strategies.neural_hybrid | [DECISION] NO_TRADE | Pattern weak (0.38) | Conf: 0.00
2025-12-03 19:49:44 | INFO     | strategies.neural_hybrid | [DECISION] NO_TRADE | Pattern weak (0.37) | Conf: 0.00
2025-12-03 19:49:45 | INFO     | strategies.neural_hybrid | [DECISION] NO_TRADE | Pattern weak (0.37) | Conf: 0.00
2025-12-03 19:49:45 | INFO     | strategies.neural_hybrid | [DECISION] NO_TRADE | Pattern weak (0.36) | Conf: 0.00
2025-12-03 19:49:46 | INFO     | strategies.neural_hybrid | [DECISION] NO_TRADE | Pattern weak (0.37) | Conf: 0.00
2025-12-03 19:49:46 | INFO     | strategies.neural_hybrid | [DECISION] NO_TRADE | Pattern weak (0.36) | Conf: 0.00
2025-12-03 19:49:46 | INFO     | strategies.neural_hybrid | [DECISION] NO_TRADE | Pattern weak (0.36) | Conf: 0.00
2025-12-03 19:49:47 | INFO     | strategies.neural_hybrid | [DECISION] NO_TRADE | Pattern weak (0.36) | Conf: 0.00
2025-12-03 19:49:47 | INFO     | strategies.neural_hybrid | [DECISION] NO_TRADE | Pattern weak (0.36) | Conf: 0.00
2025-12-03 19:49:47 | INFO     | strategies.neural_hybrid | [DECISION] NO_TRADE | Pattern weak (0.37) | Conf: 0.00
2025-12-03 19:49:48 | INFO     | strategies.neural_hybrid | [DECISION] NO_TRADE | Pattern weak (0.37) | Conf: 0.00
2025-12-03 19:49:48 | INFO     | strategies.neural_hybrid | [DECISION] NO_TRADE | Pattern weak (0.36) | Conf: 0.00
2025-12-03 19:49:48 | INFO     | strategies.neural_hybrid | [DECISION] NO_TRADE | Pattern weak (0.36) | Conf: 0.00
2025-12-03 19:49:49 | INFO     | strategies.neural_hybrid | [DECISION] NO_TRADE | Pattern weak (0.36) | Conf: 0.00
2025-12-03 19:49:49 | INFO     | strategies.neural_hybrid | [DECISION] NO_TRADE | Pattern weak (0.37) | Conf: 0.00
2025-12-03 19:49:49 | INFO     | strategies.neural_hybrid | [DECISION] NO_TRADE | Pattern weak (0.38) | Conf: 0.00
2025-12-03 19:49:50 | INFO     | strategies.neural_hybrid | [DECISION] NO_TRADE | Pattern weak (0.38) | Conf: 0.00
2025-12-03 19:49:50 | INFO     | strategies.neural_hybrid | [DECISION] NO_TRADE | Pattern weak (0.38) | Conf: 0.00
2025-12-03 19:49:50 | INFO     | strategies.neural_hybrid | [DECISION] NO_TRADE | Pattern weak (0.38) | Conf: 0.00
2025-12-03 19:49:51 | INFO     | strategies.neural_hybrid | [DECISION] NO_TRADE | Pattern weak (0.38) | Conf: 0.00
2025-12-03 19:49:51 | INFO     | strategies.neural_hybrid | [DECISION] NO_TRADE | Pattern weak (0.38) | Conf: 0.00
2025-12-03 19:49:51 | INFO     | strategies.neural_hybrid | [DECISION] NO_TRADE | Pattern weak (0.38) | Conf: 0.00
2025-12-03 19:49:52 | INFO     | strategies.neural_hybrid | [DECISION] NO_TRADE | Pattern weak (0.38) | Conf: 0.00
2025-12-03 19:49:52 | INFO     | strategies.neural_hybrid | [DECISION] NO_TRADE | Pattern weak (0.38) | Conf: 0.00
2025-12-03 19:49:52 | INFO     | strategies.neural_hybrid | [DECISION] NO_TRADE | Pattern weak (0.38) | Conf: 0.00
2025-12-03 19:49:53 | INFO     | strategies.neural_hybrid | [DECISION] NO_TRADE | Pattern weak (0.37) | Conf: 0.00
2025-12-03 19:49:53 | INFO     | strategies.neural_hybrid | [DECISION] NO_TRADE | Pattern weak (0.36) | Conf: 0.00
2025-12-03 19:49:53 | INFO     | strategies.neural_hybrid | [DECISION] NO_TRADE | Pattern weak (0.37) | Conf: 0.00
2025-12-03 19:49:54 | INFO     | strategies.neural_hybrid | [DECISION] NO_TRADE | Pattern weak (0.36) | Conf: 0.00
2025-12-03 19:49:54 | INFO     | strategies.neural_hybrid | [DECISION] NO_TRADE | Pattern weak (0.36) | Conf: 0.00
2025-12-03 19:49:54 | INFO     | strategies.neural_hybrid | [DECISION] NO_TRADE | Pattern weak (0.36) | Conf: 0.00
2025-12-03 19:49:55 | INFO     | strategies.neural_hybrid | [DECISION] NO_TRADE | Pattern weak (0.36) | Conf: 0.00
2025-12-03 19:49:55 | INFO     | strategies.neural_hybrid | [DECISION] NO_TRADE | Pattern weak (0.36) | Conf: 0.00
2025-12-03 19:49:55 | INFO     | strategies.neural_hybrid | [DECISION] NO_TRADE | Pattern weak (0.36) | Conf: 0.00
2025-12-03 19:49:56 | INFO     | strategies.neural_hybrid | [DECISION] NO_TRADE | Pattern weak (0.36) | Conf: 0.00
2025-12-03 19:49:56 | INFO     | strategies.neural_hybrid | [DECISION] NO_TRADE | Pattern weak (0.36) | Conf: 0.00
2025-12-03 19:49:57 | INFO     | strategies.neural_hybrid | [DECISION] NO_TRADE | Pattern weak (0.36) | Conf: 0.00
2025-12-03 19:49:57 | INFO     | strategies.neural_hybrid | [DECISION] NO_TRADE | Pattern weak (0.36) | Conf: 0.00
2025-12-03 19:49:57 | INFO     | strategies.neural_hybrid | [DECISION] NO_TRADE | Pattern weak (0.37) | Conf: 0.00
2025-12-03 19:49:58 | INFO     | strategies.neural_hybrid | [DECISION] NO_TRADE | Pattern weak (0.37) | Conf: 0.00
2025-12-03 19:49:58 | INFO     | strategies.neural_hybrid | [DECISION] NO_TRADE | Pattern weak (0.37) | Conf: 0.00
2025-12-03 19:49:58 | INFO     | strategies.neural_hybrid | [DECISION] NO_TRADE | Pattern weak (0.37) | Conf: 0.00
2025-12-03 19:49:59 | INFO     | strategies.neural_hybrid | [DECISION] NO_TRADE | Pattern weak (0.38) | Conf: 0.00
2025-12-03 19:49:59 | INFO     | strategies.neural_hybrid | [DECISION] NO_TRADE | Pattern weak (0.38) | Conf: 0.00
2025-12-03 19:49:59 | INFO     | strategies.neural_hybrid | [DECISION] NO_TRADE | Pattern weak (0.37) | Conf: 0.00
2025-12-03 19:50:00 | INFO     | strategies.neural_hybrid | [DECISION] NO_TRADE | Pattern weak (0.38) | Conf: 0.00
2025-12-03 19:50:00 | INFO     | strategies.neural_hybrid | [DECISION] NO_TRADE | Pattern weak (0.38) | Conf: 0.00
2025-12-03 19:50:00 | INFO     | strategies.neural_hybrid | [DECISION] NO_TRADE | Pattern weak (0.37) | Conf: 0.00
2025-12-03 19:50:01 | INFO     | strategies.neural_hybrid | [DECISION] NO_TRADE | Pattern weak (0.35) | Conf: 0.00
2025-12-03 19:50:01 | INFO     | strategies.neural_hybrid | [DECISION] NO_TRADE | Pattern weak (0.34) | Conf: 0.00
2025-12-03 19:50:01 | INFO     | strategies.neural_hybrid | [DECISION] NO_TRADE | Pattern weak (0.35) | Conf: 0.00
2025-12-03 19:50:02 | INFO     | strategies.neural_hybrid | [DECISION] NO_TRADE | Pattern weak (0.35) | Conf: 0.00
2025-12-03 19:50:02 | INFO     | strategies.neural_hybrid | [DECISION] NO_TRADE | Pattern weak (0.35) | Conf: 0.00
2025-12-03 19:50:02 | INFO     | strategies.neural_hybrid | [DECISION] NO_TRADE | Pattern weak (0.35) | Conf: 0.00
2025-12-03 19:50:03 | INFO     | strategies.neural_hybrid | [DECISION] NO_TRADE | Pattern weak (0.35) | Conf: 0.00
2025-12-03 19:50:03 | INFO     | strategies.neural_hybrid | [DECISION] NO_TRADE | Pattern weak (0.35) | Conf: 0.00
2025-12-03 19:50:03 | INFO     | strategies.neural_hybrid | [DECISION] NO_TRADE | Pattern weak (0.35) | Conf: 0.00
2025-12-03 19:50:04 | INFO     | strategies.neural_hybrid | [DECISION] NO_TRADE | Pattern weak (0.36) | Conf: 0.00
2025-12-03 19:50:04 | INFO     | strategies.neural_hybrid | [DECISION] NO_TRADE | Pattern weak (0.36) | Conf: 0.00
2025-12-03 19:50:04 | INFO     | strategies.neural_hybrid | [DECISION] NO_TRADE | Pattern weak (0.36) | Conf: 0.00
2025-12-03 19:50:05 | INFO     | strategies.neural_hybrid | [DECISION] NO_TRADE | Pattern weak (0.36) | Conf: 0.00
2025-12-03 19:50:05 | INFO     | strategies.neural_hybrid | [DECISION] NO_TRADE | Pattern weak (0.36) | Conf: 0.00
2025-12-03 19:50:05 | INFO     | strategies.neural_hybrid | [DECISION] NO_TRADE | Pattern weak (0.36) | Conf: 0.00
2025-12-03 19:50:06 | INFO     | strategies.neural_hybrid | [DECISION] NO_TRADE | Pattern weak (0.35) | Conf: 0.00
2025-12-03 19:50:06 | INFO     | strategies.neural_hybrid | [DECISION] NO_TRADE | Pattern weak (0.35) | Conf: 0.00
2025-12-03 19:50:06 | INFO     | strategies.neural_hybrid | [DECISION] NO_TRADE | Pattern weak (0.35) | Conf: 0.00
2025-12-03 19:50:07 | INFO     | strategies.neural_hybrid | [DECISION] NO_TRADE | Pattern weak (0.35) | Conf: 0.00
2025-12-03 19:50:07 | INFO     | strategies.neural_hybrid | [DECISION] NO_TRADE | Pattern weak (0.36) | Conf: 0.00
2025-12-03 19:50:07 | INFO     | strategies.neural_hybrid | [DECISION] NO_TRADE | Pattern weak (0.36) | Conf: 0.00
2025-12-03 19:50:08 | INFO     | strategies.neural_hybrid | [DECISION] NO_TRADE | Pattern weak (0.36) | Conf: 0.00
2025-12-03 19:50:08 | INFO     | strategies.neural_hybrid | [DECISION] NO_TRADE | Pattern weak (0.37) | Conf: 0.00
2025-12-03 19:50:09 | INFO     | strategies.neural_hybrid | [DECISION] NO_TRADE | Pattern weak (0.35) | Conf: 0.00
2025-12-03 19:50:09 | INFO     | strategies.neural_hybrid | [DECISION] NO_TRADE | Pattern weak (0.34) | Conf: 0.00
2025-12-03 19:50:09 | INFO     | strategies.neural_hybrid | [DECISION] NO_TRADE | Pattern weak (0.36) | Conf: 0.00
2025-12-03 19:50:10 | INFO     | strategies.neural_hybrid | [DECISION] NO_TRADE | Pattern weak (0.34) | Conf: 0.00
2025-12-03 19:50:10 | INFO     | strategies.neural_hybrid | [DECISION] NO_TRADE | Pattern weak (0.35) | Conf: 0.00
2025-12-03 19:50:10 | INFO     | strategies.neural_hybrid | [DECISION] NO_TRADE | Pattern weak (0.36) | Conf: 0.00
2025-12-03 19:50:11 | INFO     | strategies.neural_hybrid | [DECISION] NO_TRADE | Pattern weak (0.35) | Conf: 0.00
2025-12-03 19:50:11 | INFO     | strategies.neural_hybrid | [DECISION] NO_TRADE | Pattern weak (0.35) | Conf: 0.00
2025-12-03 19:50:11 | INFO     | strategies.neural_hybrid | [DECISION] NO_TRADE | Pattern weak (0.35) | Conf: 0.00
2025-12-03 19:50:12 | INFO     | strategies.neural_hybrid | [DECISION] NO_TRADE | Pattern weak (0.36) | Conf: 0.00
2025-12-03 19:50:12 | INFO     | strategies.neural_hybrid | [DECISION] NO_TRADE | Pattern weak (0.36) | Conf: 0.00
2025-12-03 19:50:12 | INFO     | strategies.neural_hybrid | [DECISION] NO_TRADE | Pattern weak (0.36) | Conf: 0.00
2025-12-03 19:50:13 | INFO     | strategies.neural_hybrid | [DECISION] NO_TRADE | Pattern weak (0.36) | Conf: 0.00
2025-12-03 19:50:13 | INFO     | strategies.neural_hybrid | [DECISION] NO_TRADE | Pattern weak (0.36) | Conf: 0.00
2025-12-03 19:50:13 | INFO     | strategies.neural_hybrid | [DECISION] NO_TRADE | Pattern weak (0.36) | Conf: 0.00
2025-12-03 19:50:14 | INFO     | strategies.neural_hybrid | [DECISION] NO_TRADE | Pattern weak (0.36) | Conf: 0.00
2025-12-03 19:50:14 | INFO     | strategies.neural_hybrid | [DECISION] NO_TRADE | Pattern weak (0.36) | Conf: 0.00
2025-12-03 19:50:14 | INFO     | strategies.neural_hybrid | [DECISION] NO_TRADE | Pattern weak (0.36) | Conf: 0.00
2025-12-03 19:50:15 | INFO     | strategies.neural_hybrid | [DECISION] NO_TRADE | Pattern weak (0.34) | Conf: 0.00
2025-12-03 19:50:15 | INFO     | strategies.neural_hybrid | [DECISION] NO_TRADE | Pattern weak (0.33) | Conf: 0.00
2025-12-03 19:50:15 | INFO     | strategies.neural_hybrid | [DECISION] NO_TRADE | Pattern weak (0.35) | Conf: 0.00
2025-12-03 19:50:16 | INFO     | strategies.neural_hybrid | [DECISION] NO_TRADE | Pattern weak (0.34) | Conf: 0.00
2025-12-03 19:50:16 | INFO     | strategies.neural_hybrid | [DECISION] NO_TRADE | Pattern weak (0.34) | Conf: 0.00
2025-12-03 19:50:16 | INFO     | strategies.neural_hybrid | [DECISION] NO_TRADE | Pattern weak (0.34) | Conf: 0.00
2025-12-03 19:50:17 | INFO     | strategies.neural_hybrid | [DECISION] NO_TRADE | Pattern weak (0.35) | Conf: 0.00
2025-12-03 19:50:17 | INFO     | strategies.neural_hybrid | [DECISION] NO_TRADE | Pattern weak (0.34) | Conf: 0.00
2025-12-03 19:50:17 | INFO     | strategies.neural_hybrid | [DECISION] NO_TRADE | Pattern weak (0.35) | Conf: 0.00
2025-12-03 19:50:18 | INFO     | strategies.neural_hybrid | [DECISION] NO_TRADE | Pattern weak (0.35) | Conf: 0.00
2025-12-03 19:50:18 | INFO     | strategies.neural_hybrid | [DECISION] NO_TRADE | Pattern weak (0.35) | Conf: 0.00
2025-12-03 19:50:18 | INFO     | strategies.neural_hybrid | [DECISION] NO_TRADE | Pattern weak (0.35) | Conf: 0.00
2025-12-03 19:50:19 | INFO     | strategies.neural_hybrid | [DECISION] NO_TRADE | Pattern weak (0.35) | Conf: 0.00
2025-12-03 19:50:19 | INFO     | strategies.neural_hybrid | [DECISION] NO_TRADE | Pattern weak (0.35) | Conf: 0.00
2025-12-03 19:50:20 | INFO     | strategies.neural_hybrid | [DECISION] NO_TRADE | Pattern weak (0.35) | Conf: 0.00
2025-12-03 19:50:20 | INFO     | strategies.neural_hybrid | [DECISION] NO_TRADE | Pattern weak (0.36) | Conf: 0.00
2025-12-03 19:50:20 | INFO     | strategies.neural_hybrid | [DECISION] NO_TRADE | Pattern weak (0.36) | Conf: 0.00
2025-12-03 19:50:21 | INFO     | strategies.neural_hybrid | [DECISION] NO_TRADE | Pattern weak (0.35) | Conf: 0.00
2025-12-03 19:50:21 | INFO     | strategies.neural_hybrid | [DECISION] NO_TRADE | Pattern weak (0.35) | Conf: 0.00
2025-12-03 19:50:21 | INFO     | strategies.neural_hybrid | [DECISION] NO_TRADE | Pattern weak (0.35) | Conf: 0.00
2025-12-03 19:50:22 | INFO     | strategies.neural_hybrid | [DECISION] NO_TRADE | Pattern weak (0.35) | Conf: 0.00
2025-12-03 19:50:22 | INFO     | strategies.neural_hybrid | [DECISION] NO_TRADE | Pattern weak (0.35) | Conf: 0.00
2025-12-03 19:50:22 | INFO     | strategies.neural_hybrid | [DECISION] NO_TRADE | Pattern weak (0.34) | Conf: 0.00
2025-12-03 19:50:23 | INFO     | strategies.neural_hybrid | [DECISION] NO_TRADE | Pattern weak (0.34) | Conf: 0.00
2025-12-03 19:50:23 | INFO     | strategies.neural_hybrid | [DECISION] NO_TRADE | Pattern weak (0.34) | Conf: 0.00
2025-12-03 19:50:23 | INFO     | strategies.neural_hybrid | [DECISION] NO_TRADE | Pattern weak (0.34) | Conf: 0.00
2025-12-03 19:50:24 | INFO     | strategies.neural_hybrid | [DECISION] NO_TRADE | Pattern weak (0.34) | Conf: 0.00
2025-12-03 19:50:24 | INFO     | strategies.neural_hybrid | [DECISION] NO_TRADE | Pattern weak (0.34) | Conf: 0.00
2025-12-03 19:50:24 | INFO     | strategies.neural_hybrid | [DECISION] NO_TRADE | Pattern weak (0.33) | Conf: 0.00
2025-12-03 19:50:25 | INFO     | strategies.neural_hybrid | [DECISION] NO_TRADE | Pattern weak (0.34) | Conf: 0.00
2025-12-03 19:50:25 | INFO     | strategies.neural_hybrid | [DECISION] NO_TRADE | Pattern weak (0.33) | Conf: 0.00
2025-12-03 19:50:25 | INFO     | strategies.neural_hybrid | [DECISION] NO_TRADE | Pattern weak (0.34) | Conf: 0.00
2025-12-03 19:50:26 | INFO     | strategies.neural_hybrid | [DECISION] NO_TRADE | Pattern weak (0.35) | Conf: 0.00
2025-12-03 19:50:26 | INFO     | strategies.neural_hybrid | [DECISION] NO_TRADE | Pattern weak (0.35) | Conf: 0.00
2025-12-03 19:50:26 | INFO     | strategies.neural_hybrid | [DECISION] NO_TRADE | Pattern weak (0.34) | Conf: 0.00
2025-12-03 19:50:27 | INFO     | strategies.neural_hybrid | [DECISION] NO_TRADE | Pattern weak (0.34) | Conf: 0.00
2025-12-03 19:50:27 | INFO     | strategies.neural_hybrid | [DECISION] NO_TRADE | Pattern weak (0.34) | Conf: 0.00
2025-12-03 19:50:27 | INFO     | strategies.neural_hybrid | [DECISION] NO_TRADE | Pattern weak (0.35) | Conf: 0.00
2025-12-03 19:50:28 | INFO     | strategies.neural_hybrid | [DECISION] NO_TRADE | Pattern weak (0.34) | Conf: 0.00
2025-12-03 19:50:28 | INFO     | strategies.neural_hybrid | [DECISION] NO_TRADE | Pattern weak (0.35) | Conf: 0.00
2025-12-03 19:50:28 | INFO     | strategies.neural_hybrid | [DECISION] NO_TRADE | Pattern weak (0.35) | Conf: 0.00
2025-12-03 19:50:29 | INFO     | strategies.neural_hybrid | [DECISION] NO_TRADE | Pattern weak (0.36) | Conf: 0.00
2025-12-03 19:50:29 | INFO     | strategies.neural_hybrid | [DECISION] NO_TRADE | Pattern weak (0.36) | Conf: 0.00
2025-12-03 19:50:30 | INFO     | strategies.neural_hybrid | [DECISION] NO_TRADE | Pattern weak (0.35) | Conf: 0.00
2025-12-03 19:50:30 | INFO     | strategies.neural_hybrid | [DECISION] NO_TRADE | Pattern weak (0.36) | Conf: 0.00
2025-12-03 19:50:30 | INFO     | strategies.neural_hybrid | [DECISION] NO_TRADE | Pattern weak (0.36) | Conf: 0.00
2025-12-03 19:50:31 | INFO     | strategies.neural_hybrid | [DECISION] NO_TRADE | Pattern weak (0.36) | Conf: 0.00
2025-12-03 19:50:31 | INFO     | strategies.neural_hybrid | [DECISION] NO_TRADE | Pattern weak (0.35) | Conf: 0.00
2025-12-03 19:50:31 | INFO     | strategies.neural_hybrid | [DECISION] NO_TRADE | Pattern weak (0.35) | Conf: 0.00
2025-12-03 19:50:32 | INFO     | strategies.neural_hybrid | [DECISION] NO_TRADE | Pattern weak (0.36) | Conf: 0.00
2025-12-03 19:50:32 | INFO     | strategies.neural_hybrid | [DECISION] NO_TRADE | Pattern weak (0.36) | Conf: 0.00
2025-12-03 19:50:32 | INFO     | strategies.neural_hybrid | [DECISION] NO_TRADE | Pattern weak (0.35) | Conf: 0.00
2025-12-03 19:50:33 | INFO     | strategies.neural_hybrid | [DECISION] NO_TRADE | Pattern weak (0.35) | Conf: 0.00
2025-12-03 19:50:33 | INFO     | strategies.neural_hybrid | [DECISION] NO_TRADE | Pattern weak (0.35) | Conf: 0.00
2025-12-03 19:50:33 | INFO     | strategies.neural_hybrid | [DECISION] NO_TRADE | Pattern weak (0.34) | Conf: 0.00
2025-12-03 19:50:34 | INFO     | strategies.neural_hybrid | [DECISION] NO_TRADE | Pattern weak (0.36) | Conf: 0.00
2025-12-03 19:50:34 | INFO     | strategies.neural_hybrid | [DECISION] NO_TRADE | Pattern weak (0.36) | Conf: 0.00
2025-12-03 19:50:34 | INFO     | strategies.neural_hybrid | [DECISION] NO_TRADE | Pattern weak (0.37) | Conf: 0.00
2025-12-03 19:50:35 | INFO     | strategies.neural_hybrid | [DECISION] NO_TRADE | Pattern weak (0.38) | Conf: 0.00
2025-12-03 19:50:35 | INFO     | strategies.neural_hybrid | [DECISION] NO_TRADE | Pattern weak (0.37) | Conf: 0.00
2025-12-03 19:50:35 | INFO     | strategies.neural_hybrid | [DECISION] NO_TRADE | Pattern weak (0.35) | Conf: 0.00
2025-12-03 19:50:36 | INFO     | strategies.neural_hybrid | [DECISION] NO_TRADE | Pattern weak (0.35) | Conf: 0.00
2025-12-03 19:50:36 | INFO     | strategies.neural_hybrid | [DECISION] NO_TRADE | Pattern weak (0.35) | Conf: 0.00
2025-12-03 19:50:36 | INFO     | strategies.neural_hybrid | [DECISION] NO_TRADE | Pattern weak (0.35) | Conf: 0.00
2025-12-03 19:50:37 | INFO     | strategies.neural_hybrid | [DECISION] NO_TRADE | Pattern weak (0.34) | Conf: 0.00
2025-12-03 19:50:37 | INFO     | strategies.neural_hybrid | [DECISION] NO_TRADE | Pattern weak (0.36) | Conf: 0.00
2025-12-03 19:50:37 | INFO     | strategies.neural_hybrid | [DECISION] NO_TRADE | Pattern weak (0.36) | Conf: 0.00
2025-12-03 19:50:38 | INFO     | strategies.neural_hybrid | [DECISION] NO_TRADE | Pattern weak (0.36) | Conf: 0.00
2025-12-03 19:50:38 | INFO     | strategies.neural_hybrid | [DECISION] NO_TRADE | Pattern weak (0.35) | Conf: 0.00
2025-12-03 19:50:39 | INFO     | strategies.neural_hybrid | [DECISION] NO_TRADE | Pattern weak (0.36) | Conf: 0.00
2025-12-03 19:50:39 | INFO     | strategies.neural_hybrid | [DECISION] NO_TRADE | Pattern weak (0.37) | Conf: 0.00
2025-12-03 19:50:39 | INFO     | strategies.neural_hybrid | [DECISION] NO_TRADE | Pattern weak (0.37) | Conf: 0.00
2025-12-03 19:50:40 | INFO     | strategies.neural_hybrid | [DECISION] NO_TRADE | Pattern weak (0.36) | Conf: 0.00
2025-12-03 19:50:40 | INFO     | strategies.neural_hybrid | [DECISION] NO_TRADE | Pattern weak (0.36) | Conf: 0.00
2025-12-03 19:50:40 | INFO     | strategies.neural_hybrid | [DECISION] NO_TRADE | Pattern weak (0.36) | Conf: 0.00
2025-12-03 19:50:41 | INFO     | strategies.neural_hybrid | [DECISION] NO_TRADE | Pattern weak (0.37) | Conf: 0.00
2025-12-03 19:50:41 | INFO     | strategies.neural_hybrid | [DECISION] NO_TRADE | Pattern weak (0.38) | Conf: 0.00
2025-12-03 19:50:41 | INFO     | strategies.neural_hybrid | [DECISION] NO_TRADE | Pattern weak (0.38) | Conf: 0.00
2025-12-03 19:50:42 | INFO     | strategies.neural_hybrid | [DECISION] NO_TRADE | Pattern weak (0.37) | Conf: 0.00
2025-12-03 19:50:42 | INFO     | strategies.neural_hybrid | [DECISION] NO_TRADE | Pattern weak (0.38) | Conf: 0.00
2025-12-03 19:50:42 | INFO     | strategies.neural_hybrid | [DECISION] NO_TRADE | Pattern weak (0.38) | Conf: 0.00
2025-12-03 19:50:43 | INFO     | strategies.neural_hybrid | [DECISION] NO_TRADE | Pattern weak (0.37) | Conf: 0.00
2025-12-03 19:50:43 | INFO     | strategies.neural_hybrid | [DECISION] NO_TRADE | Pattern weak (0.37) | Conf: 0.00
2025-12-03 19:50:43 | INFO     | strategies.neural_hybrid | [DECISION] NO_TRADE | Pattern weak (0.37) | Conf: 0.00
2025-12-03 19:50:44 | INFO     | strategies.neural_hybrid | [DECISION] NO_TRADE | Pattern weak (0.37) | Conf: 0.00
2025-12-03 19:50:44 | INFO     | strategies.neural_hybrid | [DECISION] NO_TRADE | Pattern weak (0.36) | Conf: 0.00
2025-12-03 19:50:44 | INFO     | strategies.neural_hybrid | [DECISION] NO_TRADE | Pattern weak (0.35) | Conf: 0.00
2025-12-03 19:50:45 | INFO     | strategies.neural_hybrid | [DECISION] NO_TRADE | Pattern weak (0.36) | Conf: 0.00
2025-12-03 19:50:45 | INFO     | strategies.neural_hybrid | [DECISION] NO_TRADE | Pattern weak (0.37) | Conf: 0.00
2025-12-03 19:50:45 | INFO     | strategies.neural_hybrid | [DECISION] NO_TRADE | Pattern weak (0.36) | Conf: 0.00
2025-12-03 19:50:46 | INFO     | strategies.neural_hybrid | [DECISION] NO_TRADE | Pattern weak (0.35) | Conf: 0.00
2025-12-03 19:50:46 | INFO     | strategies.neural_hybrid | [DECISION] NO_TRADE | Pattern weak (0.37) | Conf: 0.00
2025-12-03 19:50:46 | INFO     | strategies.neural_hybrid | [DECISION] NO_TRADE | Pattern weak (0.37) | Conf: 0.00
2025-12-03 19:50:47 | INFO     | strategies.neural_hybrid | [DECISION] NO_TRADE | Pattern weak (0.38) | Conf: 0.00
2025-12-03 19:50:47 | INFO     | strategies.neural_hybrid | [DECISION] NO_TRADE | Pattern weak (0.36) | Conf: 0.00
2025-12-03 19:50:47 | INFO     | strategies.neural_hybrid | [DECISION] NO_TRADE | Pattern weak (0.37) | Conf: 0.00
2025-12-03 19:50:48 | INFO     | strategies.neural_hybrid | [DECISION] NO_TRADE | Pattern weak (0.38) | Conf: 0.00
2025-12-03 19:50:48 | INFO     | strategies.neural_hybrid | [DECISION] NO_TRADE | Pattern weak (0.37) | Conf: 0.00
2025-12-03 19:50:48 | INFO     | strategies.neural_hybrid | [DECISION] NO_TRADE | Pattern weak (0.37) | Conf: 0.00
2025-12-03 19:50:49 | INFO     | strategies.neural_hybrid | [DECISION] NO_TRADE | Pattern weak (0.36) | Conf: 0.00
2025-12-03 19:50:49 | INFO     | strategies.neural_hybrid | [DECISION] NO_TRADE | Pattern weak (0.37) | Conf: 0.00
2025-12-03 19:50:50 | INFO     | strategies.neural_hybrid | [DECISION] NO_TRADE | Pattern weak (0.38) | Conf: 0.00
2025-12-03 19:50:50 | INFO     | strategies.neural_hybrid | [DECISION] NO_TRADE | Pattern weak (0.37) | Conf: 0.00
2025-12-03 19:50:50 | INFO     | strategies.neural_hybrid | [DECISION] NO_TRADE | Pattern weak (0.37) | Conf: 0.00
2025-12-03 19:50:51 | INFO     | strategies.neural_hybrid | [DECISION] NO_TRADE | Pattern weak (0.36) | Conf: 0.00
2025-12-03 19:50:51 | INFO     | strategies.neural_hybrid | [DECISION] NO_TRADE | Pattern weak (0.37) | Conf: 0.00
2025-12-03 19:50:51 | INFO     | strategies.neural_hybrid | [DECISION] NO_TRADE | Pattern weak (0.37) | Conf: 0.00
2025-12-03 19:50:52 | INFO     | strategies.neural_hybrid | [DECISION] NO_TRADE | Pattern weak (0.35) | Conf: 0.00
2025-12-03 19:50:52 | INFO     | strategies.neural_hybrid | [DECISION] NO_TRADE | Pattern weak (0.36) | Conf: 0.00
2025-12-03 19:50:52 | INFO     | strategies.neural_hybrid | [DECISION] NO_TRADE | Pattern weak (0.36) | Conf: 0.00
2025-12-03 19:50:53 | INFO     | strategies.neural_hybrid | [DECISION] NO_TRADE | Pattern weak (0.37) | Conf: 0.00
2025-12-03 19:50:53 | INFO     | strategies.neural_hybrid | [DECISION] NO_TRADE | Pattern weak (0.36) | Conf: 0.00
2025-12-03 19:50:53 | INFO     | strategies.neural_hybrid | [DECISION] NO_TRADE | Pattern weak (0.36) | Conf: 0.00
2025-12-03 19:50:54 | INFO     | strategies.neural_hybrid | [DECISION] NO_TRADE | Pattern weak (0.36) | Conf: 0.00
2025-12-03 19:50:54 | INFO     | strategies.neural_hybrid | [DECISION] NO_TRADE | Pattern weak (0.36) | Conf: 0.00
2025-12-03 19:50:54 | INFO     | strategies.neural_hybrid | [DECISION] NO_TRADE | Pattern weak (0.36) | Conf: 0.00
2025-12-03 19:50:55 | INFO     | strategies.neural_hybrid | [DECISION] NO_TRADE | Pattern weak (0.36) | Conf: 0.00
2025-12-03 19:50:55 | INFO     | strategies.neural_hybrid | [DECISION] NO_TRADE | Pattern weak (0.36) | Conf: 0.00
2025-12-03 19:50:55 | INFO     | strategies.neural_hybrid | [DECISION] NO_TRADE | Pattern weak (0.37) | Conf: 0.00
2025-12-03 19:50:56 | INFO     | strategies.neural_hybrid | [DECISION] NO_TRADE | Pattern weak (0.37) | Conf: 0.00
2025-12-03 19:50:56 | INFO     | strategies.neural_hybrid | [DECISION] NO_TRADE | Pattern weak (0.36) | Conf: 0.00
2025-12-03 19:50:56 | INFO     | strategies.neural_hybrid | [DECISION] NO_TRADE | Pattern weak (0.36) | Conf: 0.00
2025-12-03 19:50:57 | INFO     | strategies.neural_hybrid | [DECISION] NO_TRADE | Pattern weak (0.36) | Conf: 0.00
2025-12-03 19:50:57 | INFO     | strategies.neural_hybrid | [DECISION] NO_TRADE | Pattern weak (0.36) | Conf: 0.00
2025-12-03 19:50:57 | INFO     | strategies.neural_hybrid | [DECISION] NO_TRADE | Pattern weak (0.35) | Conf: 0.00
2025-12-03 19:50:58 | INFO     | strategies.neural_hybrid | [DECISION] NO_TRADE | Pattern weak (0.35) | Conf: 0.00
2025-12-03 19:50:58 | INFO     | strategies.neural_hybrid | [DECISION] NO_TRADE | Pattern weak (0.34) | Conf: 0.00
2025-12-03 19:50:58 | INFO     | strategies.neural_hybrid | [DECISION] NO_TRADE | Pattern weak (0.35) | Conf: 0.00
2025-12-03 19:50:59 | INFO     | strategies.neural_hybrid | [DECISION] NO_TRADE | Pattern weak (0.35) | Conf: 0.00
2025-12-03 19:50:59 | INFO     | strategies.neural_hybrid | [DECISION] NO_TRADE | Pattern weak (0.35) | Conf: 0.00
2025-12-03 19:50:59 | INFO     | strategies.neural_hybrid | [DECISION] NO_TRADE | Pattern weak (0.35) | Conf: 0.00
2025-12-03 19:51:00 | INFO     | strategies.neural_hybrid | [DECISION] NO_TRADE | Pattern weak (0.36) | Conf: 0.00
2025-12-03 19:51:00 | INFO     | strategies.neural_hybrid | [DECISION] NO_TRADE | Pattern weak (0.36) | Conf: 0.00
2025-12-03 19:51:00 | INFO     | strategies.neural_hybrid | [DECISION] NO_TRADE | Pattern weak (0.35) | Conf: 0.00
2025-12-03 19:51:01 | INFO     | strategies.neural_hybrid | [DECISION] NO_TRADE | Pattern weak (0.36) | Conf: 0.00
2025-12-03 19:51:01 | INFO     | strategies.neural_hybrid | [DECISION] NO_TRADE | Pattern weak (0.36) | Conf: 0.00
2025-12-03 19:51:01 | INFO     | strategies.neural_hybrid | [DECISION] NO_TRADE | Pattern weak (0.37) | Conf: 0.00
2025-12-03 19:51:02 | INFO     | strategies.neural_hybrid | [DECISION] NO_TRADE | Pattern weak (0.36) | Conf: 0.00
2025-12-03 19:51:02 | INFO     | strategies.neural_hybrid | [DECISION] NO_TRADE | Pattern weak (0.36) | Conf: 0.00
2025-12-03 19:51:02 | INFO     | strategies.neural_hybrid | [DECISION] NO_TRADE | Pattern weak (0.36) | Conf: 0.00
2025-12-03 19:51:03 | INFO     | strategies.neural_hybrid | [DECISION] NO_TRADE | Pattern weak (0.36) | Conf: 0.00
2025-12-03 19:51:03 | INFO     | strategies.neural_hybrid | [DECISION] NO_TRADE | Pattern weak (0.36) | Conf: 0.00
2025-12-03 19:51:03 | INFO     | strategies.neural_hybrid | [DECISION] NO_TRADE | Pattern weak (0.37) | Conf: 0.00
2025-12-03 19:51:04 | INFO     | strategies.neural_hybrid | [DECISION] NO_TRADE | Pattern weak (0.37) | Conf: 0.00
2025-12-03 19:51:04 | INFO     | strategies.neural_hybrid | [DECISION] NO_TRADE | Pattern weak (0.36) | Conf: 0.00
2025-12-03 19:51:05 | INFO     | strategies.neural_hybrid | [DECISION] NO_TRADE | Pattern weak (0.35) | Conf: 0.00
2025-12-03 19:51:05 | INFO     | strategies.neural_hybrid | [DECISION] NO_TRADE | Pattern weak (0.35) | Conf: 0.00
2025-12-03 19:51:05 | INFO     | strategies.neural_hybrid | [DECISION] NO_TRADE | Pattern weak (0.35) | Conf: 0.00
2025-12-03 19:51:06 | INFO     | strategies.neural_hybrid | [DECISION] NO_TRADE | Pattern weak (0.36) | Conf: 0.00
2025-12-03 19:51:06 | INFO     | strategies.neural_hybrid | [DECISION] NO_TRADE | Pattern weak (0.36) | Conf: 0.00
2025-12-03 19:51:06 | INFO     | strategies.neural_hybrid | [DECISION] NO_TRADE | Pattern weak (0.35) | Conf: 0.00
2025-12-03 19:51:07 | INFO     | strategies.neural_hybrid | [DECISION] NO_TRADE | Pattern weak (0.34) | Conf: 0.00
2025-12-03 19:51:07 | INFO     | strategies.neural_hybrid | [DECISION] NO_TRADE | Pattern weak (0.35) | Conf: 0.00
2025-12-03 19:51:07 | INFO     | strategies.neural_hybrid | [DECISION] NO_TRADE | Pattern weak (0.35) | Conf: 0.00
2025-12-03 19:51:08 | INFO     | strategies.neural_hybrid | [DECISION] NO_TRADE | Pattern weak (0.35) | Conf: 0.00
2025-12-03 19:51:08 | INFO     | strategies.neural_hybrid | [DECISION] NO_TRADE | Pattern weak (0.36) | Conf: 0.00
2025-12-03 19:51:08 | INFO     | strategies.neural_hybrid | [DECISION] NO_TRADE | Pattern weak (0.35) | Conf: 0.00
2025-12-03 19:51:09 | INFO     | strategies.neural_hybrid | [DECISION] NO_TRADE | Pattern weak (0.36) | Conf: 0.00
2025-12-03 19:51:09 | INFO     | strategies.neural_hybrid | [DECISION] NO_TRADE | Pattern weak (0.36) | Conf: 0.00
2025-12-03 19:51:09 | INFO     | strategies.neural_hybrid | [DECISION] NO_TRADE | Pattern weak (0.36) | Conf: 0.00
2025-12-03 19:51:10 | INFO     | strategies.neural_hybrid | [DECISION] NO_TRADE | Pattern weak (0.36) | Conf: 0.00
2025-12-03 19:51:10 | INFO     | strategies.neural_hybrid | [DECISION] NO_TRADE | Pattern weak (0.37) | Conf: 0.00
2025-12-03 19:51:10 | INFO     | strategies.neural_hybrid | [DECISION] NO_TRADE | Pattern weak (0.36) | Conf: 0.00
2025-12-03 19:51:11 | INFO     | strategies.neural_hybrid | [DECISION] NO_TRADE | Pattern weak (0.36) | Conf: 0.00
2025-12-03 19:51:11 | INFO     | strategies.neural_hybrid | [DECISION] NO_TRADE | Pattern weak (0.36) | Conf: 0.00
2025-12-03 19:51:11 | INFO     | strategies.neural_hybrid | [DECISION] NO_TRADE | Pattern weak (0.36) | Conf: 0.00
2025-12-03 19:51:12 | INFO     | strategies.neural_hybrid | [DECISION] NO_TRADE | Pattern weak (0.37) | Conf: 0.00
2025-12-03 19:51:12 | INFO     | strategies.neural_hybrid | [DECISION] NO_TRADE | Pattern weak (0.37) | Conf: 0.00
2025-12-03 19:51:12 | INFO     | strategies.neural_hybrid | [DECISION] NO_TRADE | Pattern weak (0.37) | Conf: 0.00
2025-12-03 19:51:13 | INFO     | strategies.neural_hybrid | [DECISION] NO_TRADE | Pattern weak (0.37) | Conf: 0.00
2025-12-03 19:51:13 | INFO     | strategies.neural_hybrid | [DECISION] NO_TRADE | Pattern weak (0.38) | Conf: 0.00
2025-12-03 19:51:13 | INFO     | strategies.neural_hybrid | [DECISION] NO_TRADE | Pattern weak (0.38) | Conf: 0.00
2025-12-03 19:51:14 | INFO     | strategies.neural_hybrid | [DECISION] NO_TRADE | Pattern weak (0.38) | Conf: 0.00
2025-12-03 19:51:14 | INFO     | strategies.neural_hybrid | [DECISION] NO_TRADE | Pattern weak (0.38) | Conf: 0.00
2025-12-03 19:51:14 | INFO     | strategies.neural_hybrid | [DECISION] NO_TRADE | Pattern weak (0.39) | Conf: 0.00
2025-12-03 19:51:15 | INFO     | strategies.neural_hybrid | [DECISION] NO_TRADE | Pattern weak (0.38) | Conf: 0.00
2025-12-03 19:51:15 | INFO     | strategies.neural_hybrid | [DECISION] NO_TRADE | Pattern weak (0.38) | Conf: 0.00
2025-12-03 19:51:15 | INFO     | strategies.neural_hybrid | [DECISION] NO_TRADE | Pattern weak (0.38) | Conf: 0.00
2025-12-03 19:51:16 | INFO     | strategies.neural_hybrid | [DECISION] NO_TRADE | Pattern weak (0.38) | Conf: 0.00
2025-12-03 19:51:16 | INFO     | strategies.neural_hybrid | [DECISION] NO_TRADE | Pattern weak (0.37) | Conf: 0.00
2025-12-03 19:51:16 | INFO     | strategies.neural_hybrid | [DECISION] NO_TRADE | Pattern weak (0.37) | Conf: 0.00
2025-12-03 19:51:17 | INFO     | strategies.neural_hybrid | [DECISION] NO_TRADE | Pattern weak (0.36) | Conf: 0.00
2025-12-03 19:51:17 | INFO     | strategies.neural_hybrid | [DECISION] NO_TRADE | Pattern weak (0.36) | Conf: 0.00
2025-12-03 19:51:17 | INFO     | strategies.neural_hybrid | [DECISION] NO_TRADE | Pattern weak (0.36) | Conf: 0.00
2025-12-03 19:51:18 | INFO     | strategies.neural_hybrid | [DECISION] NO_TRADE | Pattern weak (0.36) | Conf: 0.00
2025-12-03 19:51:18 | INFO     | strategies.neural_hybrid | [DECISION] NO_TRADE | Pattern weak (0.36) | Conf: 0.00
2025-12-03 19:51:18 | INFO     | strategies.neural_hybrid | [DECISION] NO_TRADE | Pattern weak (0.36) | Conf: 0.00
2025-12-03 19:51:19 | INFO     | strategies.neural_hybrid | [DECISION] NO_TRADE | Pattern weak (0.36) | Conf: 0.00
2025-12-03 19:51:19 | INFO     | strategies.neural_hybrid | [DECISION] NO_TRADE | Pattern weak (0.36) | Conf: 0.00
2025-12-03 19:51:19 | INFO     | strategies.neural_hybrid | [DECISION] NO_TRADE | Pattern weak (0.36) | Conf: 0.00
2025-12-03 19:51:20 | INFO     | strategies.neural_hybrid | [DECISION] NO_TRADE | Pattern weak (0.37) | Conf: 0.00
2025-12-03 19:51:20 | INFO     | strategies.neural_hybrid | [DECISION] NO_TRADE | Pattern weak (0.38) | Conf: 0.00
2025-12-03 19:51:20 | INFO     | strategies.neural_hybrid | [DECISION] NO_TRADE | Pattern weak (0.37) | Conf: 0.00
2025-12-03 19:51:21 | INFO     | strategies.neural_hybrid | [DECISION] NO_TRADE | Pattern weak (0.37) | Conf: 0.00
2025-12-03 19:51:21 | INFO     | strategies.neural_hybrid | [DECISION] NO_TRADE | Pattern weak (0.38) | Conf: 0.00
2025-12-03 19:51:21 | INFO     | strategies.neural_hybrid | [DECISION] NO_TRADE | Pattern weak (0.38) | Conf: 0.00
2025-12-03 19:51:22 | INFO     | strategies.neural_hybrid | [DECISION] NO_TRADE | Pattern weak (0.38) | Conf: 0.00
2025-12-03 19:51:22 | INFO     | strategies.neural_hybrid | [DECISION] NO_TRADE | Pattern weak (0.38) | Conf: 0.00
2025-12-03 19:51:22 | INFO     | strategies.neural_hybrid | [DECISION] NO_TRADE | Pattern weak (0.38) | Conf: 0.00
2025-12-03 19:51:23 | INFO     | strategies.neural_hybrid | [DECISION] NO_TRADE | Pattern weak (0.37) | Conf: 0.00
2025-12-03 19:51:23 | INFO     | strategies.neural_hybrid | [DECISION] NO_TRADE | Pattern weak (0.38) | Conf: 0.00
2025-12-03 19:51:23 | INFO     | strategies.neural_hybrid | [DECISION] NO_TRADE | Pattern weak (0.37) | Conf: 0.00
2025-12-03 19:51:24 | INFO     | strategies.neural_hybrid | [DECISION] NO_TRADE | Pattern weak (0.37) | Conf: 0.00
2025-12-03 19:51:24 | INFO     | strategies.neural_hybrid | [DECISION] NO_TRADE | Pattern weak (0.37) | Conf: 0.00
2025-12-03 19:51:24 | INFO     | strategies.neural_hybrid | [DECISION] NO_TRADE | Pattern weak (0.38) | Conf: 0.00
2025-12-03 19:51:25 | INFO     | strategies.neural_hybrid | [DECISION] NO_TRADE | Pattern weak (0.37) | Conf: 0.00
2025-12-03 19:51:25 | INFO     | strategies.neural_hybrid | [DECISION] NO_TRADE | Pattern weak (0.36) | Conf: 0.00
2025-12-03 19:51:25 | INFO     | strategies.neural_hybrid | [DECISION] NO_TRADE | Pattern weak (0.36) | Conf: 0.00
2025-12-03 19:51:26 | INFO     | strategies.neural_hybrid | [DECISION] NO_TRADE | Pattern weak (0.37) | Conf: 0.00
2025-12-03 19:51:26 | INFO     | strategies.neural_hybrid | [DECISION] NO_TRADE | Pattern weak (0.37) | Conf: 0.00
2025-12-03 19:51:26 | INFO     | strategies.neural_hybrid | [DECISION] NO_TRADE | Pattern weak (0.36) | Conf: 0.00
2025-12-03 19:51:27 | INFO     | strategies.neural_hybrid | [DECISION] NO_TRADE | Pattern weak (0.36) | Conf: 0.00
2025-12-03 19:51:27 | INFO     | strategies.neural_hybrid | [DECISION] NO_TRADE | Pattern weak (0.36) | Conf: 0.00
2025-12-03 19:51:27 | INFO     | strategies.neural_hybrid | [DECISION] NO_TRADE | Pattern weak (0.36) | Conf: 0.00
2025-12-03 19:51:28 | INFO     | strategies.neural_hybrid | [DECISION] NO_TRADE | Pattern weak (0.36) | Conf: 0.00
2025-12-03 19:51:28 | INFO     | strategies.neural_hybrid | [DECISION] NO_TRADE | Pattern weak (0.37) | Conf: 0.00
2025-12-03 19:51:28 | INFO     | strategies.neural_hybrid | [DECISION] NO_TRADE | Pattern weak (0.36) | Conf: 0.00
2025-12-03 19:51:29 | INFO     | strategies.neural_hybrid | [DECISION] NO_TRADE | Pattern weak (0.37) | Conf: 0.00
2025-12-03 19:51:29 | INFO     | strategies.neural_hybrid | [DECISION] NO_TRADE | Pattern weak (0.37) | Conf: 0.00
2025-12-03 19:51:29 | INFO     | strategies.neural_hybrid | [DECISION] NO_TRADE | Pattern weak (0.37) | Conf: 0.00
2025-12-03 19:51:30 | INFO     | strategies.neural_hybrid | [DECISION] NO_TRADE | Pattern weak (0.37) | Conf: 0.00
2025-12-03 19:51:30 | INFO     | strategies.neural_hybrid | [DECISION] NO_TRADE | Pattern weak (0.37) | Conf: 0.00
2025-12-03 19:51:30 | INFO     | strategies.neural_hybrid | [DECISION] NO_TRADE | Pattern weak (0.37) | Conf: 0.00
2025-12-03 19:51:31 | INFO     | strategies.neural_hybrid | [DECISION] NO_TRADE | Pattern weak (0.37) | Conf: 0.00
2025-12-03 19:51:31 | INFO     | strategies.neural_hybrid | [DECISION] NO_TRADE | Pattern weak (0.36) | Conf: 0.00
2025-12-03 19:51:31 | INFO     | strategies.neural_hybrid | [DECISION] NO_TRADE | Pattern weak (0.36) | Conf: 0.00
2025-12-03 19:51:32 | INFO     | strategies.neural_hybrid | [DECISION] NO_TRADE | Pattern weak (0.35) | Conf: 0.00
2025-12-03 19:51:32 | INFO     | strategies.neural_hybrid | [DECISION] NO_TRADE | Pattern weak (0.35) | Conf: 0.00
2025-12-03 19:51:32 | INFO     | strategies.neural_hybrid | [DECISION] NO_TRADE | Pattern weak (0.36) | Conf: 0.00
2025-12-03 19:51:33 | INFO     | strategies.neural_hybrid | [DECISION] NO_TRADE | Pattern weak (0.36) | Conf: 0.00
2025-12-03 19:51:33 | INFO     | strategies.neural_hybrid | [DECISION] NO_TRADE | Pattern weak (0.36) | Conf: 0.00
2025-12-03 19:51:33 | INFO     | strategies.neural_hybrid | [DECISION] NO_TRADE | Pattern weak (0.37) | Conf: 0.00
2025-12-03 19:51:34 | INFO     | strategies.neural_hybrid | [DECISION] NO_TRADE | Pattern weak (0.36) | Conf: 0.00
2025-12-03 19:51:34 | INFO     | strategies.neural_hybrid | [DECISION] NO_TRADE | Pattern weak (0.37) | Conf: 0.00
2025-12-03 19:51:34 | INFO     | strategies.neural_hybrid | [DECISION] NO_TRADE | Pattern weak (0.36) | Conf: 0.00
2025-12-03 19:51:35 | INFO     | strategies.neural_hybrid | [DECISION] NO_TRADE | Pattern weak (0.37) | Conf: 0.00
2025-12-03 19:51:35 | INFO     | strategies.neural_hybrid | [DECISION] NO_TRADE | Pattern weak (0.36) | Conf: 0.00
2025-12-03 19:51:35 | INFO     | strategies.neural_hybrid | [DECISION] NO_TRADE | Pattern weak (0.36) | Conf: 0.00
2025-12-03 19:51:36 | INFO     | strategies.neural_hybrid | [DECISION] NO_TRADE | Pattern weak (0.36) | Conf: 0.00
2025-12-03 19:51:36 | INFO     | strategies.neural_hybrid | [DECISION] NO_TRADE | Pattern weak (0.36) | Conf: 0.00
2025-12-03 19:51:36 | INFO     | strategies.neural_hybrid | [DECISION] NO_TRADE | Pattern weak (0.35) | Conf: 0.00
2025-12-03 19:51:37 | INFO     | strategies.neural_hybrid | [DECISION] NO_TRADE | Pattern weak (0.36) | Conf: 0.00
2025-12-03 19:51:37 | INFO     | strategies.neural_hybrid | [DECISION] NO_TRADE | Pattern weak (0.36) | Conf: 0.00
2025-12-03 19:51:38 | INFO     | strategies.neural_hybrid | [DECISION] NO_TRADE | Pattern weak (0.35) | Conf: 0.00
2025-12-03 19:51:38 | INFO     | strategies.neural_hybrid | [DECISION] NO_TRADE | Pattern weak (0.35) | Conf: 0.00
2025-12-03 19:51:38 | INFO     | strategies.neural_hybrid | [DECISION] NO_TRADE | Pattern weak (0.34) | Conf: 0.00
2025-12-03 19:51:39 | INFO     | strategies.neural_hybrid | [DECISION] NO_TRADE | Pattern weak (0.35) | Conf: 0.00
2025-12-03 19:51:39 | INFO     | strategies.neural_hybrid | [DECISION] NO_TRADE | Pattern weak (0.35) | Conf: 0.00
2025-12-03 19:51:39 | INFO     | strategies.neural_hybrid | [DECISION] NO_TRADE | Pattern weak (0.36) | Conf: 0.00
2025-12-03 19:51:40 | INFO     | strategies.neural_hybrid | [DECISION] NO_TRADE | Pattern weak (0.36) | Conf: 0.00
2025-12-03 19:51:40 | INFO     | strategies.neural_hybrid | [DECISION] NO_TRADE | Pattern weak (0.36) | Conf: 0.00
2025-12-03 19:51:40 | INFO     | strategies.neural_hybrid | [DECISION] NO_TRADE | Pattern weak (0.36) | Conf: 0.00
2025-12-03 19:51:41 | INFO     | strategies.neural_hybrid | [DECISION] NO_TRADE | Pattern weak (0.36) | Conf: 0.00
2025-12-03 19:51:41 | INFO     | strategies.neural_hybrid | [DECISION] NO_TRADE | Pattern weak (0.36) | Conf: 0.00
2025-12-03 19:51:41 | INFO     | strategies.neural_hybrid | [DECISION] NO_TRADE | Pattern weak (0.36) | Conf: 0.00
2025-12-03 19:51:42 | INFO     | strategies.neural_hybrid | [DECISION] NO_TRADE | Pattern weak (0.37) | Conf: 0.00
2025-12-03 19:51:42 | INFO     | strategies.neural_hybrid | [DECISION] NO_TRADE | Pattern weak (0.36) | Conf: 0.00
2025-12-03 19:51:42 | INFO     | strategies.neural_hybrid | [DECISION] NO_TRADE | Pattern weak (0.36) | Conf: 0.00
2025-12-03 19:51:43 | INFO     | strategies.neural_hybrid | [DECISION] NO_TRADE | Pattern weak (0.36) | Conf: 0.00
2025-12-03 19:51:43 | INFO     | strategies.neural_hybrid | [DECISION] NO_TRADE | Pattern weak (0.36) | Conf: 0.00
2025-12-03 19:51:43 | INFO     | strategies.neural_hybrid | [DECISION] NO_TRADE | Pattern weak (0.36) | Conf: 0.00
2025-12-03 19:51:44 | INFO     | strategies.neural_hybrid | [DECISION] NO_TRADE | Pattern weak (0.36) | Conf: 0.00
2025-12-03 19:51:44 | INFO     | strategies.neural_hybrid | [DECISION] NO_TRADE | Pattern weak (0.36) | Conf: 0.00
2025-12-03 19:51:44 | INFO     | strategies.neural_hybrid | [DECISION] NO_TRADE | Pattern weak (0.34) | Conf: 0.00
2025-12-03 19:51:45 | INFO     | strategies.neural_hybrid | [DECISION] NO_TRADE | Pattern weak (0.34) | Conf: 0.00
2025-12-03 19:51:45 | INFO     | strategies.neural_hybrid | [DECISION] NO_TRADE | Pattern weak (0.35) | Conf: 0.00
2025-12-03 19:51:45 | INFO     | strategies.neural_hybrid | [DECISION] NO_TRADE | Pattern weak (0.34) | Conf: 0.00
2025-12-03 19:51:46 | INFO     | strategies.neural_hybrid | [DECISION] NO_TRADE | Pattern weak (0.34) | Conf: 0.00
2025-12-03 19:51:46 | INFO     | strategies.neural_hybrid | [DECISION] NO_TRADE | Pattern weak (0.36) | Conf: 0.00
2025-12-03 19:51:46 | INFO     | strategies.neural_hybrid | [DECISION] NO_TRADE | Pattern weak (0.36) | Conf: 0.00
2025-12-03 19:51:47 | INFO     | strategies.neural_hybrid | [DECISION] NO_TRADE | Pattern weak (0.36) | Conf: 0.00
2025-12-03 19:51:47 | INFO     | strategies.neural_hybrid | [DECISION] NO_TRADE | Pattern weak (0.34) | Conf: 0.00
2025-12-03 19:51:47 | INFO     | strategies.neural_hybrid | [DECISION] NO_TRADE | Pattern weak (0.35) | Conf: 0.00
2025-12-03 19:51:48 | INFO     | strategies.neural_hybrid | [DECISION] NO_TRADE | Pattern weak (0.35) | Conf: 0.00
2025-12-03 19:51:48 | INFO     | strategies.neural_hybrid | [DECISION] NO_TRADE | Pattern weak (0.35) | Conf: 0.00
2025-12-03 19:51:48 | INFO     | strategies.neural_hybrid | [DECISION] NO_TRADE | Pattern weak (0.35) | Conf: 0.00
2025-12-03 19:51:49 | INFO     | strategies.neural_hybrid | [DECISION] NO_TRADE | Pattern weak (0.35) | Conf: 0.00
2025-12-03 19:51:49 | INFO     | strategies.neural_hybrid | [DECISION] NO_TRADE | Pattern weak (0.34) | Conf: 0.00
2025-12-03 19:51:49 | INFO     | strategies.neural_hybrid | [DECISION] NO_TRADE | Pattern weak (0.35) | Conf: 0.00
2025-12-03 19:51:50 | INFO     | strategies.neural_hybrid | [DECISION] NO_TRADE | Pattern weak (0.36) | Conf: 0.00
2025-12-03 19:51:50 | INFO     | strategies.neural_hybrid | [DECISION] NO_TRADE | Pattern weak (0.36) | Conf: 0.00
2025-12-03 19:51:50 | INFO     | strategies.neural_hybrid | [DECISION] NO_TRADE | Pattern weak (0.37) | Conf: 0.00
2025-12-03 19:51:51 | INFO     | strategies.neural_hybrid | [DECISION] NO_TRADE | Pattern weak (0.36) | Conf: 0.00
2025-12-03 19:51:51 | INFO     | strategies.neural_hybrid | [DECISION] NO_TRADE | Pattern weak (0.36) | Conf: 0.00
2025-12-03 19:51:51 | INFO     | strategies.neural_hybrid | [DECISION] NO_TRADE | Pattern weak (0.36) | Conf: 0.00
2025-12-03 19:51:52 | INFO     | strategies.neural_hybrid | [DECISION] NO_TRADE | Pattern weak (0.35) | Conf: 0.00
2025-12-03 19:51:52 | INFO     | strategies.neural_hybrid | [DECISION] NO_TRADE | Pattern weak (0.35) | Conf: 0.00
2025-12-03 19:51:52 | INFO     | strategies.neural_hybrid | [DECISION] NO_TRADE | Pattern weak (0.35) | Conf: 0.00
2025-12-03 19:51:53 | INFO     | strategies.neural_hybrid | [DECISION] NO_TRADE | Pattern weak (0.35) | Conf: 0.00
2025-12-03 19:51:53 | INFO     | strategies.neural_hybrid | [DECISION] NO_TRADE | Pattern weak (0.36) | Conf: 0.00
2025-12-03 19:51:53 | INFO     | strategies.neural_hybrid | [DECISION] NO_TRADE | Pattern weak (0.37) | Conf: 0.00
2025-12-03 19:51:54 | INFO     | strategies.neural_hybrid | [DECISION] NO_TRADE | Pattern weak (0.37) | Conf: 0.00
2025-12-03 19:51:54 | INFO     | strategies.neural_hybrid | [DECISION] NO_TRADE | Pattern weak (0.38) | Conf: 0.00
2025-12-03 19:51:54 | INFO     | strategies.neural_hybrid | [DECISION] NO_TRADE | Pattern weak (0.38) | Conf: 0.00
2025-12-03 19:51:55 | INFO     | strategies.neural_hybrid | [DECISION] NO_TRADE | Pattern weak (0.38) | Conf: 0.00
2025-12-03 19:51:55 | INFO     | strategies.neural_hybrid | [DECISION] NO_TRADE | Pattern weak (0.38) | Conf: 0.00
2025-12-03 19:51:55 | INFO     | strategies.neural_hybrid | [DECISION] NO_TRADE | Pattern weak (0.37) | Conf: 0.00
2025-12-03 19:51:56 | INFO     | strategies.neural_hybrid | [DECISION] NO_TRADE | Pattern weak (0.36) | Conf: 0.00
2025-12-03 19:51:56 | INFO     | strategies.neural_hybrid | [DECISION] NO_TRADE | Pattern weak (0.36) | Conf: 0.00
2025-12-03 19:51:56 | INFO     | strategies.neural_hybrid | [DECISION] NO_TRADE | Pattern weak (0.36) | Conf: 0.00
2025-12-03 19:51:57 | INFO     | strategies.neural_hybrid | [DECISION] NO_TRADE | Pattern weak (0.36) | Conf: 0.00
2025-12-03 19:51:57 | INFO     | strategies.neural_hybrid | [DECISION] NO_TRADE | Pattern weak (0.36) | Conf: 0.00
2025-12-03 19:51:57 | INFO     | strategies.neural_hybrid | [DECISION] NO_TRADE | Pattern weak (0.36) | Conf: 0.00
2025-12-03 19:51:58 | INFO     | strategies.neural_hybrid | [DECISION] NO_TRADE | Pattern weak (0.36) | Conf: 0.00
2025-12-03 19:51:58 | INFO     | strategies.neural_hybrid | [DECISION] NO_TRADE | Pattern weak (0.36) | Conf: 0.00
2025-12-03 19:51:58 | INFO     | strategies.neural_hybrid | [DECISION] NO_TRADE | Pattern weak (0.37) | Conf: 0.00
2025-12-03 19:51:59 | INFO     | strategies.neural_hybrid | [DECISION] NO_TRADE | Pattern weak (0.36) | Conf: 0.00
2025-12-03 19:51:59 | INFO     | strategies.neural_hybrid | [DECISION] NO_TRADE | Pattern weak (0.37) | Conf: 0.00
2025-12-03 19:51:59 | INFO     | strategies.neural_hybrid | [DECISION] NO_TRADE | Pattern weak (0.36) | Conf: 0.00
2025-12-03 19:52:00 | INFO     | strategies.neural_hybrid | [DECISION] NO_TRADE | Pattern weak (0.36) | Conf: 0.00
2025-12-03 19:52:00 | INFO     | strategies.neural_hybrid | [DECISION] NO_TRADE | Pattern weak (0.35) | Conf: 0.00
2025-12-03 19:52:00 | INFO     | strategies.neural_hybrid | [DECISION] NO_TRADE | Pattern weak (0.35) | Conf: 0.00
2025-12-03 19:52:01 | INFO     | strategies.neural_hybrid | [DECISION] NO_TRADE | Pattern weak (0.35) | Conf: 0.00
2025-12-03 19:52:01 | INFO     | strategies.neural_hybrid | [DECISION] NO_TRADE | Pattern weak (0.35) | Conf: 0.00
2025-12-03 19:52:01 | INFO     | strategies.neural_hybrid | [DECISION] NO_TRADE | Pattern weak (0.35) | Conf: 0.00
2025-12-03 19:52:02 | INFO     | strategies.neural_hybrid | [DECISION] NO_TRADE | Pattern weak (0.35) | Conf: 0.00
2025-12-03 19:52:02 | INFO     | strategies.neural_hybrid | [DECISION] NO_TRADE | Pattern weak (0.36) | Conf: 0.00
2025-12-03 19:52:02 | INFO     | strategies.neural_hybrid | [DECISION] NO_TRADE | Pattern weak (0.37) | Conf: 0.00
2025-12-03 19:52:03 | INFO     | strategies.neural_hybrid | [DECISION] NO_TRADE | Pattern weak (0.37) | Conf: 0.00
2025-12-03 19:52:03 | INFO     | strategies.neural_hybrid | [DECISION] NO_TRADE | Pattern weak (0.37) | Conf: 0.00
2025-12-03 19:52:03 | INFO     | strategies.neural_hybrid | [DECISION] NO_TRADE | Pattern weak (0.37) | Conf: 0.00
2025-12-03 19:52:04 | INFO     | strategies.neural_hybrid | [DECISION] NO_TRADE | Pattern weak (0.37) | Conf: 0.00
2025-12-03 19:52:04 | INFO     | strategies.neural_hybrid | [DECISION] NO_TRADE | Pattern weak (0.37) | Conf: 0.00
2025-12-03 19:52:04 | INFO     | strategies.neural_hybrid | [DECISION] NO_TRADE | Pattern weak (0.36) | Conf: 0.00
2025-12-03 19:52:05 | INFO     | strategies.neural_hybrid | [DECISION] NO_TRADE | Pattern weak (0.36) | Conf: 0.00
2025-12-03 19:52:05 | INFO     | strategies.neural_hybrid | [DECISION] NO_TRADE | Pattern weak (0.36) | Conf: 0.00
2025-12-03 19:52:05 | INFO     | strategies.neural_hybrid | [DECISION] NO_TRADE | Pattern weak (0.36) | Conf: 0.00
2025-12-03 19:52:06 | INFO     | strategies.neural_hybrid | [DECISION] NO_TRADE | Pattern weak (0.35) | Conf: 0.00
2025-12-03 19:52:06 | INFO     | strategies.neural_hybrid | [DECISION] NO_TRADE | Pattern weak (0.36) | Conf: 0.00
2025-12-03 19:52:07 | INFO     | strategies.neural_hybrid | [DECISION] NO_TRADE | Pattern weak (0.35) | Conf: 0.00
2025-12-03 19:52:07 | INFO     | strategies.neural_hybrid | [DECISION] NO_TRADE | Pattern weak (0.36) | Conf: 0.00
2025-12-03 19:52:07 | INFO     | strategies.neural_hybrid | [DECISION] NO_TRADE | Pattern weak (0.36) | Conf: 0.00
2025-12-03 19:52:08 | INFO     | strategies.neural_hybrid | [DECISION] NO_TRADE | Pattern weak (0.36) | Conf: 0.00
2025-12-03 19:52:08 | INFO     | strategies.neural_hybrid | [DECISION] NO_TRADE | Pattern weak (0.35) | Conf: 0.00
2025-12-03 19:52:08 | INFO     | strategies.neural_hybrid | [DECISION] NO_TRADE | Pattern weak (0.36) | Conf: 0.00
2025-12-03 19:52:09 | INFO     | strategies.neural_hybrid | [DECISION] NO_TRADE | Pattern weak (0.36) | Conf: 0.00
2025-12-03 19:52:09 | INFO     | strategies.neural_hybrid | [DECISION] NO_TRADE | Pattern weak (0.35) | Conf: 0.00
2025-12-03 19:52:09 | INFO     | strategies.neural_hybrid | [DECISION] NO_TRADE | Pattern weak (0.35) | Conf: 0.00
2025-12-03 19:52:10 | INFO     | strategies.neural_hybrid | [DECISION] NO_TRADE | Pattern weak (0.35) | Conf: 0.00
2025-12-03 19:52:10 | INFO     | strategies.neural_hybrid | [DECISION] NO_TRADE | Pattern weak (0.35) | Conf: 0.00
2025-12-03 19:52:10 | INFO     | strategies.neural_hybrid | [DECISION] NO_TRADE | Pattern weak (0.37) | Conf: 0.00
2025-12-03 19:52:11 | INFO     | strategies.neural_hybrid | [DECISION] NO_TRADE | Pattern weak (0.36) | Conf: 0.00
2025-12-03 19:52:11 | INFO     | strategies.neural_hybrid | [DECISION] NO_TRADE | Pattern weak (0.35) | Conf: 0.00
2025-12-03 19:52:11 | INFO     | strategies.neural_hybrid | [DECISION] NO_TRADE | Pattern weak (0.34) | Conf: 0.00
2025-12-03 19:52:12 | INFO     | strategies.neural_hybrid | [DECISION] NO_TRADE | Pattern weak (0.35) | Conf: 0.00
2025-12-03 19:52:12 | INFO     | strategies.neural_hybrid | [DECISION] NO_TRADE | Pattern weak (0.35) | Conf: 0.00
2025-12-03 19:52:12 | INFO     | strategies.neural_hybrid | [DECISION] NO_TRADE | Pattern weak (0.36) | Conf: 0.00
2025-12-03 19:52:13 | INFO     | strategies.neural_hybrid | [DECISION] NO_TRADE | Pattern weak (0.36) | Conf: 0.00
2025-12-03 19:52:13 | INFO     | strategies.neural_hybrid | [DECISION] NO_TRADE | Pattern weak (0.36) | Conf: 0.00
2025-12-03 19:52:13 | INFO     | strategies.neural_hybrid | [DECISION] NO_TRADE | Pattern weak (0.36) | Conf: 0.00
2025-12-03 19:52:14 | INFO     | strategies.neural_hybrid | [DECISION] NO_TRADE | Pattern weak (0.36) | Conf: 0.00
2025-12-03 19:52:14 | INFO     | strategies.neural_hybrid | [DECISION] NO_TRADE | Pattern weak (0.36) | Conf: 0.00
2025-12-03 19:52:14 | INFO     | strategies.neural_hybrid | [DECISION] NO_TRADE | Pattern weak (0.36) | Conf: 0.00
2025-12-03 19:52:15 | INFO     | strategies.neural_hybrid | [DECISION] NO_TRADE | Pattern weak (0.36) | Conf: 0.00
2025-12-03 19:52:15 | INFO     | strategies.neural_hybrid | [DECISION] NO_TRADE | Pattern weak (0.36) | Conf: 0.00
2025-12-03 19:52:15 | INFO     | strategies.neural_hybrid | [DECISION] NO_TRADE | Pattern weak (0.36) | Conf: 0.00
2025-12-03 19:52:16 | INFO     | strategies.neural_hybrid | [DECISION] NO_TRADE | Pattern weak (0.37) | Conf: 0.00
2025-12-03 19:52:16 | INFO     | strategies.neural_hybrid | [DECISION] NO_TRADE | Pattern weak (0.37) | Conf: 0.00
2025-12-03 19:52:16 | INFO     | strategies.neural_hybrid | [DECISION] NO_TRADE | Pattern weak (0.38) | Conf: 0.00
2025-12-03 19:52:17 | INFO     | strategies.neural_hybrid | [DECISION] NO_TRADE | Pattern weak (0.38) | Conf: 0.00
2025-12-03 19:52:17 | INFO     | strategies.neural_hybrid | [DECISION] NO_TRADE | Pattern weak (0.38) | Conf: 0.00
2025-12-03 19:52:17 | INFO     | strategies.neural_hybrid | [DECISION] NO_TRADE | Pattern weak (0.39) | Conf: 0.00
2025-12-03 19:52:18 | INFO     | strategies.neural_hybrid | [DECISION] NO_TRADE | Pattern weak (0.37) | Conf: 0.00
2025-12-03 19:52:18 | INFO     | strategies.neural_hybrid | [DECISION] NO_TRADE | Pattern weak (0.38) | Conf: 0.00
2025-12-03 19:52:18 | INFO     | strategies.neural_hybrid | [DECISION] NO_TRADE | Pattern weak (0.37) | Conf: 0.00
2025-12-03 19:52:19 | INFO     | strategies.neural_hybrid | [DECISION] NO_TRADE | Pattern weak (0.38) | Conf: 0.00
2025-12-03 19:52:19 | INFO     | strategies.neural_hybrid | [DECISION] NO_TRADE | Pattern weak (0.37) | Conf: 0.00
2025-12-03 19:52:19 | INFO     | strategies.neural_hybrid | [DECISION] NO_TRADE | Pattern weak (0.37) | Conf: 0.00
2025-12-03 19:52:20 | INFO     | strategies.neural_hybrid | [DECISION] NO_TRADE | Pattern weak (0.36) | Conf: 0.00
2025-12-03 19:52:20 | INFO     | strategies.neural_hybrid | [DECISION] NO_TRADE | Pattern weak (0.35) | Conf: 0.00
2025-12-03 19:52:21 | INFO     | strategies.neural_hybrid | [DECISION] NO_TRADE | Pattern weak (0.36) | Conf: 0.00
2025-12-03 19:52:21 | INFO     | strategies.neural_hybrid | [DECISION] NO_TRADE | Pattern weak (0.36) | Conf: 0.00
2025-12-03 19:52:21 | INFO     | strategies.neural_hybrid | [DECISION] NO_TRADE | Pattern weak (0.36) | Conf: 0.00
2025-12-03 19:52:22 | INFO     | strategies.neural_hybrid | [DECISION] NO_TRADE | Pattern weak (0.36) | Conf: 0.00
2025-12-03 19:52:22 | INFO     | strategies.neural_hybrid | [DECISION] NO_TRADE | Pattern weak (0.36) | Conf: 0.00
2025-12-03 19:52:22 | INFO     | strategies.neural_hybrid | [DECISION] NO_TRADE | Pattern weak (0.36) | Conf: 0.00
2025-12-03 19:52:23 | INFO     | strategies.neural_hybrid | [DECISION] NO_TRADE | Pattern weak (0.36) | Conf: 0.00
2025-12-03 19:52:23 | INFO     | strategies.neural_hybrid | [DECISION] NO_TRADE | Pattern weak (0.36) | Conf: 0.00
2025-12-03 19:52:23 | INFO     | strategies.neural_hybrid | [DECISION] NO_TRADE | Pattern weak (0.36) | Conf: 0.00
2025-12-03 19:52:24 | INFO     | strategies.neural_hybrid | [DECISION] NO_TRADE | Pattern weak (0.35) | Conf: 0.00
2025-12-03 19:52:24 | INFO     | strategies.neural_hybrid | [DECISION] NO_TRADE | Pattern weak (0.36) | Conf: 0.00
2025-12-03 19:52:24 | INFO     | strategies.neural_hybrid | [DECISION] NO_TRADE | Pattern weak (0.36) | Conf: 0.00
2025-12-03 19:52:25 | INFO     | strategies.neural_hybrid | [DECISION] NO_TRADE | Pattern weak (0.37) | Conf: 0.00
2025-12-03 19:52:25 | INFO     | strategies.neural_hybrid | [DECISION] NO_TRADE | Pattern weak (0.37) | Conf: 0.00
2025-12-03 19:52:25 | INFO     | strategies.neural_hybrid | [DECISION] NO_TRADE | Pattern weak (0.37) | Conf: 0.00
2025-12-03 19:52:26 | INFO     | strategies.neural_hybrid | [DECISION] NO_TRADE | Pattern weak (0.38) | Conf: 0.00
2025-12-03 19:52:26 | INFO     | strategies.neural_hybrid | [DECISION] NO_TRADE | Pattern weak (0.37) | Conf: 0.00
2025-12-03 19:52:26 | INFO     | strategies.neural_hybrid | [DECISION] NO_TRADE | Pattern weak (0.38) | Conf: 0.00
2025-12-03 19:52:27 | INFO     | strategies.neural_hybrid | [DECISION] NO_TRADE | Pattern weak (0.38) | Conf: 0.00
2025-12-03 19:52:27 | INFO     | strategies.neural_hybrid | [DECISION] NO_TRADE | Pattern weak (0.38) | Conf: 0.00
2025-12-03 19:52:27 | INFO     | strategies.neural_hybrid | [DECISION] NO_TRADE | Pattern weak (0.38) | Conf: 0.00
2025-12-03 19:52:28 | INFO     | strategies.neural_hybrid | [DECISION] NO_TRADE | Pattern weak (0.38) | Conf: 0.00
2025-12-03 19:52:28 | INFO     | strategies.neural_hybrid | [DECISION] NO_TRADE | Pattern weak (0.37) | Conf: 0.00
2025-12-03 19:52:28 | INFO     | strategies.neural_hybrid | [DECISION] NO_TRADE | Pattern weak (0.37) | Conf: 0.00
2025-12-03 19:52:29 | INFO     | strategies.neural_hybrid | [DECISION] NO_TRADE | Pattern weak (0.37) | Conf: 0.00
2025-12-03 19:52:29 | INFO     | strategies.neural_hybrid | [DECISION] NO_TRADE | Pattern weak (0.37) | Conf: 0.00
2025-12-03 19:52:29 | INFO     | strategies.neural_hybrid | [DECISION] NO_TRADE | Pattern weak (0.36) | Conf: 0.00
2025-12-03 19:52:30 | INFO     | strategies.neural_hybrid | [DECISION] NO_TRADE | Pattern weak (0.36) | Conf: 0.00
2025-12-03 19:52:30 | INFO     | strategies.neural_hybrid | [DECISION] NO_TRADE | Pattern weak (0.36) | Conf: 0.00
2025-12-03 19:52:30 | INFO     | strategies.neural_hybrid | [DECISION] NO_TRADE | Pattern weak (0.36) | Conf: 0.00
2025-12-03 19:52:31 | INFO     | strategies.neural_hybrid | [DECISION] NO_TRADE | Pattern weak (0.36) | Conf: 0.00
2025-12-03 19:52:31 | INFO     | strategies.neural_hybrid | [DECISION] NO_TRADE | Pattern weak (0.36) | Conf: 0.00
2025-12-03 19:52:31 | INFO     | strategies.neural_hybrid | [DECISION] NO_TRADE | Pattern weak (0.37) | Conf: 0.00
2025-12-03 19:52:32 | INFO     | strategies.neural_hybrid | [DECISION] NO_TRADE | Pattern weak (0.37) | Conf: 0.00
2025-12-03 19:52:32 | INFO     | strategies.neural_hybrid | [DECISION] NO_TRADE | Pattern weak (0.36) | Conf: 0.00
2025-12-03 19:52:33 | INFO     | strategies.neural_hybrid | [DECISION] NO_TRADE | Pattern weak (0.37) | Conf: 0.00
2025-12-03 19:52:33 | INFO     | strategies.neural_hybrid | [DECISION] NO_TRADE | Pattern weak (0.38) | Conf: 0.00
2025-12-03 19:52:33 | INFO     | strategies.neural_hybrid | [DECISION] NO_TRADE | Pattern weak (0.38) | Conf: 0.00
2025-12-03 19:52:34 | INFO     | strategies.neural_hybrid | [DECISION] NO_TRADE | Pattern weak (0.38) | Conf: 0.00
2025-12-03 19:52:34 | INFO     | strategies.neural_hybrid | [DECISION] NO_TRADE | Pattern weak (0.37) | Conf: 0.00
2025-12-03 19:52:34 | INFO     | strategies.neural_hybrid | [DECISION] NO_TRADE | Pattern weak (0.37) | Conf: 0.00
2025-12-03 19:52:35 | INFO     | strategies.neural_hybrid | [DECISION] NO_TRADE | Pattern weak (0.38) | Conf: 0.00
2025-12-03 19:52:35 | INFO     | strategies.neural_hybrid | [DECISION] NO_TRADE | Pattern weak (0.38) | Conf: 0.00
2025-12-03 19:52:35 | INFO     | strategies.neural_hybrid | [DECISION] NO_TRADE | Pattern weak (0.38) | Conf: 0.00
2025-12-03 19:52:36 | INFO     | strategies.neural_hybrid | [DECISION] NO_TRADE | Pattern weak (0.38) | Conf: 0.00
2025-12-03 19:52:36 | INFO     | strategies.neural_hybrid | [DECISION] NO_TRADE | Pattern weak (0.37) | Conf: 0.00
2025-12-03 19:52:36 | INFO     | strategies.neural_hybrid | [DECISION] NO_TRADE | Pattern weak (0.38) | Conf: 0.00
2025-12-03 19:52:37 | INFO     | strategies.neural_hybrid | [DECISION] NO_TRADE | Pattern weak (0.38) | Conf: 0.00
2025-12-03 19:52:37 | INFO     | strategies.neural_hybrid | [DECISION] NO_TRADE | Pattern weak (0.37) | Conf: 0.00
2025-12-03 19:52:37 | INFO     | strategies.neural_hybrid | [DECISION] NO_TRADE | Pattern weak (0.37) | Conf: 0.00
2025-12-03 19:52:38 | INFO     | strategies.neural_hybrid | [DECISION] NO_TRADE | Pattern weak (0.37) | Conf: 0.00
2025-12-03 19:52:38 | INFO     | strategies.neural_hybrid | [DECISION] NO_TRADE | Pattern weak (0.37) | Conf: 0.00
2025-12-03 19:52:38 | INFO     | strategies.neural_hybrid | [DECISION] NO_TRADE | Pattern weak (0.36) | Conf: 0.00
2025-12-03 19:52:39 | INFO     | strategies.neural_hybrid | [DECISION] NO_TRADE | Pattern weak (0.36) | Conf: 0.00
2025-12-03 19:52:39 | INFO     | strategies.neural_hybrid | [DECISION] NO_TRADE | Pattern weak (0.36) | Conf: 0.00
2025-12-03 19:52:39 | INFO     | strategies.neural_hybrid | [DECISION] NO_TRADE | Pattern weak (0.35) | Conf: 0.00
2025-12-03 19:52:40 | INFO     | strategies.neural_hybrid | [DECISION] NO_TRADE | Pattern weak (0.36) | Conf: 0.00
2025-12-03 19:52:40 | INFO     | strategies.neural_hybrid | [DECISION] NO_TRADE | Pattern weak (0.36) | Conf: 0.00
2025-12-03 19:52:40 | INFO     | strategies.neural_hybrid | [DECISION] NO_TRADE | Pattern weak (0.36) | Conf: 0.00
2025-12-03 19:52:41 | INFO     | strategies.neural_hybrid | [DECISION] NO_TRADE | Pattern weak (0.36) | Conf: 0.00
2025-12-03 19:52:41 | INFO     | strategies.neural_hybrid | [DECISION] NO_TRADE | Pattern weak (0.37) | Conf: 0.00
2025-12-03 19:52:41 | INFO     | strategies.neural_hybrid | [DECISION] NO_TRADE | Pattern weak (0.37) | Conf: 0.00
2025-12-03 19:52:42 | INFO     | strategies.neural_hybrid | [DECISION] NO_TRADE | Pattern weak (0.38) | Conf: 0.00
2025-12-03 19:52:42 | INFO     | strategies.neural_hybrid | [DECISION] NO_TRADE | Pattern weak (0.37) | Conf: 0.00
2025-12-03 19:52:42 | INFO     | strategies.neural_hybrid | [DECISION] NO_TRADE | Pattern weak (0.37) | Conf: 0.00
2025-12-03 19:52:43 | INFO     | strategies.neural_hybrid | [DECISION] NO_TRADE | Pattern weak (0.37) | Conf: 0.00
2025-12-03 19:52:43 | INFO     | strategies.neural_hybrid | [DECISION] NO_TRADE | Pattern weak (0.38) | Conf: 0.00
2025-12-03 19:52:43 | INFO     | strategies.neural_hybrid | [DECISION] NO_TRADE | Pattern weak (0.38) | Conf: 0.00
2025-12-03 19:52:44 | INFO     | strategies.neural_hybrid | [DECISION] NO_TRADE | Pattern weak (0.38) | Conf: 0.00
2025-12-03 19:52:44 | INFO     | strategies.neural_hybrid | [DECISION] NO_TRADE | Pattern weak (0.38) | Conf: 0.00
2025-12-03 19:52:45 | INFO     | strategies.neural_hybrid | [DECISION] NO_TRADE | Pattern weak (0.37) | Conf: 0.00
2025-12-03 19:52:45 | INFO     | strategies.neural_hybrid | [DECISION] NO_TRADE | Pattern weak (0.37) | Conf: 0.00
2025-12-03 19:52:45 | INFO     | strategies.neural_hybrid | [DECISION] NO_TRADE | Pattern weak (0.37) | Conf: 0.00
2025-12-03 19:52:46 | INFO     | strategies.neural_hybrid | [DECISION] NO_TRADE | Pattern weak (0.38) | Conf: 0.00
2025-12-03 19:52:46 | INFO     | strategies.neural_hybrid | [DECISION] NO_TRADE | Pattern weak (0.37) | Conf: 0.00
2025-12-03 19:52:46 | INFO     | strategies.neural_hybrid | [DECISION] NO_TRADE | Pattern weak (0.36) | Conf: 0.00
2025-12-03 19:52:47 | INFO     | strategies.neural_hybrid | [DECISION] NO_TRADE | Pattern weak (0.36) | Conf: 0.00
2025-12-03 19:52:47 | INFO     | strategies.neural_hybrid | [DECISION] NO_TRADE | Pattern weak (0.37) | Conf: 0.00
2025-12-03 19:52:47 | INFO     | strategies.neural_hybrid | [DECISION] NO_TRADE | Pattern weak (0.36) | Conf: 0.00
2025-12-03 19:52:48 | INFO     | strategies.neural_hybrid | [DECISION] NO_TRADE | Pattern weak (0.36) | Conf: 0.00
2025-12-03 19:52:48 | INFO     | strategies.neural_hybrid | [DECISION] NO_TRADE | Pattern weak (0.36) | Conf: 0.00
2025-12-03 19:52:48 | INFO     | strategies.neural_hybrid | [DECISION] NO_TRADE | Pattern weak (0.36) | Conf: 0.00
2025-12-03 19:52:49 | INFO     | strategies.neural_hybrid | [DECISION] NO_TRADE | Pattern weak (0.36) | Conf: 0.00
2025-12-03 19:52:49 | INFO     | strategies.neural_hybrid | [DECISION] NO_TRADE | Pattern weak (0.37) | Conf: 0.00
2025-12-03 19:52:49 | INFO     | strategies.neural_hybrid | [DECISION] NO_TRADE | Pattern weak (0.36) | Conf: 0.00
2025-12-03 19:52:50 | INFO     | strategies.neural_hybrid | [DECISION] NO_TRADE | Pattern weak (0.36) | Conf: 0.00
2025-12-03 19:52:50 | INFO     | strategies.neural_hybrid | [DECISION] NO_TRADE | Pattern weak (0.37) | Conf: 0.00
2025-12-03 19:52:50 | INFO     | strategies.neural_hybrid | [DECISION] NO_TRADE | Pattern weak (0.37) | Conf: 0.00
2025-12-03 19:52:51 | INFO     | strategies.neural_hybrid | [DECISION] NO_TRADE | Pattern weak (0.37) | Conf: 0.00
2025-12-03 19:52:51 | INFO     | strategies.neural_hybrid | [DECISION] NO_TRADE | Pattern weak (0.37) | Conf: 0.00
2025-12-03 19:52:51 | INFO     | strategies.neural_hybrid | [DECISION] NO_TRADE | Pattern weak (0.38) | Conf: 0.00
2025-12-03 19:52:52 | INFO     | strategies.neural_hybrid | [DECISION] NO_TRADE | Pattern weak (0.38) | Conf: 0.00
2025-12-03 19:52:52 | INFO     | strategies.neural_hybrid | [DECISION] NO_TRADE | Pattern weak (0.38) | Conf: 0.00
2025-12-03 19:52:52 | INFO     | strategies.neural_hybrid | [DECISION] NO_TRADE | Pattern weak (0.38) | Conf: 0.00
2025-12-03 19:52:52 | INFO     | strategies.neural_hybrid | [DECISION] NO_TRADE | Pattern weak (0.38) | Conf: 0.00
2025-12-03 19:52:53 | INFO     | strategies.neural_hybrid | [DECISION] NO_TRADE | Pattern weak (0.36) | Conf: 0.00
2025-12-03 19:52:53 | INFO     | strategies.neural_hybrid | [DECISION] NO_TRADE | Pattern weak (0.35) | Conf: 0.00
2025-12-03 19:52:53 | INFO     | strategies.neural_hybrid | [DECISION] NO_TRADE | Pattern weak (0.35) | Conf: 0.00
2025-12-03 19:52:54 | INFO     | strategies.neural_hybrid | [DECISION] NO_TRADE | Pattern weak (0.36) | Conf: 0.00
2025-12-03 19:52:54 | INFO     | strategies.neural_hybrid | [DECISION] NO_TRADE | Pattern weak (0.36) | Conf: 0.00
2025-12-03 19:52:54 | INFO     | strategies.neural_hybrid | [DECISION] NO_TRADE | Pattern weak (0.37) | Conf: 0.00
2025-12-03 19:52:55 | INFO     | strategies.neural_hybrid | [DECISION] NO_TRADE | Pattern weak (0.36) | Conf: 0.00
2025-12-03 19:52:55 | INFO     | strategies.neural_hybrid | [DECISION] NO_TRADE | Pattern weak (0.36) | Conf: 0.00
2025-12-03 19:52:55 | INFO     | strategies.neural_hybrid | [DECISION] NO_TRADE | Pattern weak (0.36) | Conf: 0.00
2025-12-03 19:52:56 | INFO     | strategies.neural_hybrid | [DECISION] NO_TRADE | Pattern weak (0.36) | Conf: 0.00
2025-12-03 19:52:56 | INFO     | strategies.neural_hybrid | [DECISION] NO_TRADE | Pattern weak (0.36) | Conf: 0.00
2025-12-03 19:52:57 | INFO     | strategies.neural_hybrid | [DECISION] NO_TRADE | Pattern weak (0.37) | Conf: 0.00
2025-12-03 19:52:57 | INFO     | strategies.neural_hybrid | [DECISION] NO_TRADE | Pattern weak (0.36) | Conf: 0.00
2025-12-03 19:52:57 | INFO     | strategies.neural_hybrid | [DECISION] NO_TRADE | Pattern weak (0.36) | Conf: 0.00
2025-12-03 19:52:58 | INFO     | strategies.neural_hybrid | [DECISION] NO_TRADE | Pattern weak (0.36) | Conf: 0.00
2025-12-03 19:52:58 | INFO     | strategies.neural_hybrid | [DECISION] NO_TRADE | Pattern weak (0.36) | Conf: 0.00
2025-12-03 19:52:58 | INFO     | strategies.neural_hybrid | [DECISION] NO_TRADE | Pattern weak (0.37) | Conf: 0.00
2025-12-03 19:52:59 | INFO     | strategies.neural_hybrid | [DECISION] NO_TRADE | Pattern weak (0.37) | Conf: 0.00
2025-12-03 19:52:59 | INFO     | strategies.neural_hybrid | [DECISION] NO_TRADE | Pattern weak (0.38) | Conf: 0.00
2025-12-03 19:52:59 | INFO     | strategies.neural_hybrid | [DECISION] NO_TRADE | Pattern weak (0.37) | Conf: 0.00
2025-12-03 19:53:00 | INFO     | strategies.neural_hybrid | [DECISION] NO_TRADE | Pattern weak (0.38) | Conf: 0.00
2025-12-03 19:53:00 | INFO     | strategies.neural_hybrid | [DECISION] NO_TRADE | Pattern weak (0.37) | Conf: 0.00
2025-12-03 19:53:00 | INFO     | strategies.neural_hybrid | [DECISION] NO_TRADE | Pattern weak (0.37) | Conf: 0.00
2025-12-03 19:53:01 | INFO     | strategies.neural_hybrid | [DECISION] NO_TRADE | Pattern weak (0.37) | Conf: 0.00
2025-12-03 19:53:01 | INFO     | strategies.neural_hybrid | [DECISION] NO_TRADE | Pattern weak (0.36) | Conf: 0.00
2025-12-03 19:53:01 | INFO     | strategies.neural_hybrid | [DECISION] NO_TRADE | Pattern weak (0.36) | Conf: 0.00
2025-12-03 19:53:02 | INFO     | strategies.neural_hybrid | [DECISION] NO_TRADE | Pattern weak (0.36) | Conf: 0.00
2025-12-03 19:53:02 | INFO     | strategies.neural_hybrid | [DECISION] NO_TRADE | Pattern weak (0.36) | Conf: 0.00
2025-12-03 19:53:02 | INFO     | strategies.neural_hybrid | [DECISION] NO_TRADE | Pattern weak (0.37) | Conf: 0.00
2025-12-03 19:53:03 | INFO     | strategies.neural_hybrid | [DECISION] NO_TRADE | Pattern weak (0.36) | Conf: 0.00
2025-12-03 19:53:03 | INFO     | strategies.neural_hybrid | [DECISION] NO_TRADE | Pattern weak (0.36) | Conf: 0.00
2025-12-03 19:53:03 | INFO     | strategies.neural_hybrid | [DECISION] NO_TRADE | Pattern weak (0.36) | Conf: 0.00
2025-12-03 19:53:04 | INFO     | strategies.neural_hybrid | [DECISION] NO_TRADE | Pattern weak (0.36) | Conf: 0.00
2025-12-03 19:53:04 | INFO     | strategies.neural_hybrid | [DECISION] NO_TRADE | Pattern weak (0.36) | Conf: 0.00
2025-12-03 19:53:04 | INFO     | strategies.neural_hybrid | [DECISION] NO_TRADE | Pattern weak (0.36) | Conf: 0.00
2025-12-03 19:53:05 | INFO     | strategies.neural_hybrid | [DECISION] NO_TRADE | Pattern weak (0.37) | Conf: 0.00
2025-12-03 19:53:05 | INFO     | strategies.neural_hybrid | [DECISION] NO_TRADE | Pattern weak (0.38) | Conf: 0.00
2025-12-03 19:53:05 | INFO     | strategies.neural_hybrid | [DECISION] NO_TRADE | Pattern weak (0.38) | Conf: 0.00
2025-12-03 19:53:06 | INFO     | strategies.neural_hybrid | [DECISION] NO_TRADE | Pattern weak (0.38) | Conf: 0.00
2025-12-03 19:53:06 | INFO     | strategies.neural_hybrid | [DECISION] NO_TRADE | Pattern weak (0.38) | Conf: 0.00
2025-12-03 19:53:06 | INFO     | strategies.neural_hybrid | [DECISION] NO_TRADE | Pattern weak (0.38) | Conf: 0.00
2025-12-03 19:53:07 | INFO     | strategies.neural_hybrid | [DECISION] NO_TRADE | Pattern weak (0.38) | Conf: 0.00
2025-12-03 19:53:07 | INFO     | strategies.neural_hybrid | [DECISION] NO_TRADE | Pattern weak (0.38) | Conf: 0.00
2025-12-03 19:53:07 | INFO     | strategies.neural_hybrid | [DECISION] NO_TRADE | Pattern weak (0.38) | Conf: 0.00
2025-12-03 19:53:08 | INFO     | strategies.neural_hybrid | [DECISION] NO_TRADE | Pattern weak (0.38) | Conf: 0.00
2025-12-03 19:53:08 | INFO     | strategies.neural_hybrid | [DECISION] NO_TRADE | Pattern weak (0.38) | Conf: 0.00
2025-12-03 19:53:08 | INFO     | strategies.neural_hybrid | [DECISION] NO_TRADE | Pattern weak (0.37) | Conf: 0.00
2025-12-03 19:53:09 | INFO     | strategies.neural_hybrid | [DECISION] NO_TRADE | Pattern weak (0.35) | Conf: 0.00
2025-12-03 19:53:09 | INFO     | strategies.neural_hybrid | [DECISION] NO_TRADE | Pattern weak (0.36) | Conf: 0.00
2025-12-03 19:53:09 | INFO     | strategies.neural_hybrid | [DECISION] NO_TRADE | Pattern weak (0.35) | Conf: 0.00
2025-12-03 19:53:10 | INFO     | strategies.neural_hybrid | [DECISION] NO_TRADE | Pattern weak (0.36) | Conf: 0.00
2025-12-03 19:53:10 | INFO     | strategies.neural_hybrid | [DECISION] NO_TRADE | Pattern weak (0.36) | Conf: 0.00
2025-12-03 19:53:10 | INFO     | strategies.neural_hybrid | [DECISION] NO_TRADE | Pattern weak (0.36) | Conf: 0.00
2025-12-03 19:53:11 | INFO     | strategies.neural_hybrid | [DECISION] NO_TRADE | Pattern weak (0.36) | Conf: 0.00
2025-12-03 19:53:11 | INFO     | strategies.neural_hybrid | [DECISION] NO_TRADE | Pattern weak (0.36) | Conf: 0.00
2025-12-03 19:53:11 | INFO     | strategies.neural_hybrid | [DECISION] NO_TRADE | Pattern weak (0.37) | Conf: 0.00
2025-12-03 19:53:12 | INFO     | strategies.neural_hybrid | [DECISION] NO_TRADE | Pattern weak (0.36) | Conf: 0.00
2025-12-03 19:53:12 | INFO     | strategies.neural_hybrid | [DECISION] NO_TRADE | Pattern weak (0.37) | Conf: 0.00
2025-12-03 19:53:13 | INFO     | strategies.neural_hybrid | [DECISION] NO_TRADE | Pattern weak (0.36) | Conf: 0.00
2025-12-03 19:53:13 | INFO     | strategies.neural_hybrid | [DECISION] NO_TRADE | Pattern weak (0.37) | Conf: 0.00
2025-12-03 19:53:13 | INFO     | strategies.neural_hybrid | [DECISION] NO_TRADE | Pattern weak (0.37) | Conf: 0.00
2025-12-03 19:53:14 | INFO     | strategies.neural_hybrid | [DECISION] NO_TRADE | Pattern weak (0.36) | Conf: 0.00
2025-12-03 19:53:14 | INFO     | strategies.neural_hybrid | [DECISION] NO_TRADE | Pattern weak (0.35) | Conf: 0.00
2025-12-03 19:53:14 | INFO     | strategies.neural_hybrid | [DECISION] NO_TRADE | Pattern weak (0.34) | Conf: 0.00
2025-12-03 19:53:15 | INFO     | strategies.neural_hybrid | [DECISION] NO_TRADE | Pattern weak (0.36) | Conf: 0.00
2025-12-03 19:53:15 | INFO     | strategies.neural_hybrid | [DECISION] NO_TRADE | Pattern weak (0.35) | Conf: 0.00
2025-12-03 19:53:15 | INFO     | strategies.neural_hybrid | [DECISION] NO_TRADE | Pattern weak (0.34) | Conf: 0.00
2025-12-03 19:53:16 | INFO     | strategies.neural_hybrid | [DECISION] NO_TRADE | Pattern weak (0.36) | Conf: 0.00
2025-12-03 19:53:16 | INFO     | strategies.neural_hybrid | [DECISION] NO_TRADE | Pattern weak (0.34) | Conf: 0.00
2025-12-03 19:53:16 | INFO     | strategies.neural_hybrid | [DECISION] NO_TRADE | Pattern weak (0.35) | Conf: 0.00
2025-12-03 19:53:17 | INFO     | strategies.neural_hybrid | [DECISION] NO_TRADE | Pattern weak (0.35) | Conf: 0.00
2025-12-03 19:53:17 | INFO     | strategies.neural_hybrid | [DECISION] NO_TRADE | Pattern weak (0.36) | Conf: 0.00
2025-12-03 19:53:17 | INFO     | strategies.neural_hybrid | [DECISION] NO_TRADE | Pattern weak (0.36) | Conf: 0.00
2025-12-03 19:53:18 | INFO     | strategies.neural_hybrid | [DECISION] NO_TRADE | Pattern weak (0.36) | Conf: 0.00
2025-12-03 19:53:18 | INFO     | strategies.neural_hybrid | [DECISION] NO_TRADE | Pattern weak (0.36) | Conf: 0.00
2025-12-03 19:53:18 | INFO     | strategies.neural_hybrid | [DECISION] NO_TRADE | Pattern weak (0.36) | Conf: 0.00
2025-12-03 19:53:19 | INFO     | strategies.neural_hybrid | [DECISION] NO_TRADE | Pattern weak (0.36) | Conf: 0.00
2025-12-03 19:53:19 | INFO     | strategies.neural_hybrid | [DECISION] NO_TRADE | Pattern weak (0.36) | Conf: 0.00
2025-12-03 19:53:19 | INFO     | strategies.neural_hybrid | [DECISION] NO_TRADE | Pattern weak (0.36) | Conf: 0.00
2025-12-03 19:53:20 | INFO     | strategies.neural_hybrid | [DECISION] NO_TRADE | Pattern weak (0.36) | Conf: 0.00
2025-12-03 19:53:20 | INFO     | strategies.neural_hybrid | [DECISION] NO_TRADE | Pattern weak (0.36) | Conf: 0.00
2025-12-03 19:53:20 | INFO     | strategies.neural_hybrid | [DECISION] NO_TRADE | Pattern weak (0.36) | Conf: 0.00
2025-12-03 19:53:21 | INFO     | strategies.neural_hybrid | [DECISION] NO_TRADE | Pattern weak (0.36) | Conf: 0.00
2025-12-03 19:53:21 | INFO     | strategies.neural_hybrid | [DECISION] NO_TRADE | Pattern weak (0.37) | Conf: 0.00
2025-12-03 19:53:21 | INFO     | strategies.neural_hybrid | [DECISION] NO_TRADE | Pattern weak (0.36) | Conf: 0.00
2025-12-03 19:53:22 | INFO     | strategies.neural_hybrid | [DECISION] NO_TRADE | Pattern weak (0.36) | Conf: 0.00
2025-12-03 19:53:22 | INFO     | strategies.neural_hybrid | [DECISION] NO_TRADE | Pattern weak (0.36) | Conf: 0.00
2025-12-03 19:53:22 | INFO     | strategies.neural_hybrid | [DECISION] NO_TRADE | Pattern weak (0.35) | Conf: 0.00
2025-12-03 19:53:23 | INFO     | strategies.neural_hybrid | [DECISION] NO_TRADE | Pattern weak (0.34) | Conf: 0.00
2025-12-03 19:53:23 | INFO     | strategies.neural_hybrid | [DECISION] NO_TRADE | Pattern weak (0.35) | Conf: 0.00
2025-12-03 19:53:24 | INFO     | strategies.neural_hybrid | [DECISION] NO_TRADE | Pattern weak (0.35) | Conf: 0.00
2025-12-03 19:53:24 | INFO     | strategies.neural_hybrid | [DECISION] NO_TRADE | Pattern weak (0.34) | Conf: 0.00
2025-12-03 19:53:24 | INFO     | strategies.neural_hybrid | [DECISION] NO_TRADE | Pattern weak (0.34) | Conf: 0.00
2025-12-03 19:53:25 | INFO     | strategies.neural_hybrid | [DECISION] NO_TRADE | Pattern weak (0.34) | Conf: 0.00
2025-12-03 19:53:25 | INFO     | strategies.neural_hybrid | [DECISION] NO_TRADE | Pattern weak (0.34) | Conf: 0.00
2025-12-03 19:53:25 | INFO     | strategies.neural_hybrid | [DECISION] NO_TRADE | Pattern weak (0.35) | Conf: 0.00
2025-12-03 19:53:26 | INFO     | strategies.neural_hybrid | [DECISION] NO_TRADE | Pattern weak (0.35) | Conf: 0.00
2025-12-03 19:53:26 | INFO     | strategies.neural_hybrid | [DECISION] NO_TRADE | Pattern weak (0.34) | Conf: 0.00
2025-12-03 19:53:26 | INFO     | strategies.neural_hybrid | [DECISION] NO_TRADE | Pattern weak (0.35) | Conf: 0.00
2025-12-03 19:53:27 | INFO     | strategies.neural_hybrid | [DECISION] NO_TRADE | Pattern weak (0.35) | Conf: 0.00
2025-12-03 19:53:27 | INFO     | strategies.neural_hybrid | [DECISION] NO_TRADE | Pattern weak (0.34) | Conf: 0.00
2025-12-03 19:53:27 | INFO     | strategies.neural_hybrid | [DECISION] NO_TRADE | Pattern weak (0.35) | Conf: 0.00
2025-12-03 19:53:28 | INFO     | strategies.neural_hybrid | [DECISION] NO_TRADE | Pattern weak (0.35) | Conf: 0.00
2025-12-03 19:53:28 | INFO     | strategies.neural_hybrid | [DECISION] NO_TRADE | Pattern weak (0.36) | Conf: 0.00
2025-12-03 19:53:28 | INFO     | strategies.neural_hybrid | [DECISION] NO_TRADE | Pattern weak (0.36) | Conf: 0.00
2025-12-03 19:53:29 | INFO     | strategies.neural_hybrid | [DECISION] NO_TRADE | Pattern weak (0.35) | Conf: 0.00
2025-12-03 19:53:29 | INFO     | strategies.neural_hybrid | [DECISION] NO_TRADE | Pattern weak (0.35) | Conf: 0.00
2025-12-03 19:53:29 | INFO     | strategies.neural_hybrid | [DECISION] NO_TRADE | Pattern weak (0.36) | Conf: 0.00
2025-12-03 19:53:30 | INFO     | strategies.neural_hybrid | [DECISION] NO_TRADE | Pattern weak (0.36) | Conf: 0.00
2025-12-03 19:53:30 | INFO     | strategies.neural_hybrid | [DECISION] NO_TRADE | Pattern weak (0.35) | Conf: 0.00
2025-12-03 19:53:30 | INFO     | strategies.neural_hybrid | [DECISION] NO_TRADE | Pattern weak (0.34) | Conf: 0.00
2025-12-03 19:53:31 | INFO     | strategies.neural_hybrid | [DECISION] NO_TRADE | Pattern weak (0.34) | Conf: 0.00
2025-12-03 19:53:31 | INFO     | strategies.neural_hybrid | [DECISION] NO_TRADE | Pattern weak (0.35) | Conf: 0.00
2025-12-03 19:53:32 | INFO     | strategies.neural_hybrid | [DECISION] NO_TRADE | Pattern weak (0.35) | Conf: 0.00
2025-12-03 19:53:32 | INFO     | strategies.neural_hybrid | [DECISION] NO_TRADE | Pattern weak (0.36) | Conf: 0.00
2025-12-03 19:53:32 | INFO     | strategies.neural_hybrid | [DECISION] NO_TRADE | Pattern weak (0.37) | Conf: 0.00
2025-12-03 19:53:33 | INFO     | strategies.neural_hybrid | [DECISION] NO_TRADE | Pattern weak (0.37) | Conf: 0.00
2025-12-03 19:53:33 | INFO     | strategies.neural_hybrid | [DECISION] NO_TRADE | Pattern weak (0.36) | Conf: 0.00
2025-12-03 19:53:33 | INFO     | strategies.neural_hybrid | [DECISION] NO_TRADE | Pattern weak (0.36) | Conf: 0.00
2025-12-03 19:53:34 | INFO     | strategies.neural_hybrid | [DECISION] NO_TRADE | Pattern weak (0.35) | Conf: 0.00
2025-12-03 19:53:34 | INFO     | strategies.neural_hybrid | [DECISION] NO_TRADE | Pattern weak (0.36) | Conf: 0.00
2025-12-03 19:53:34 | INFO     | strategies.neural_hybrid | [DECISION] NO_TRADE | Pattern weak (0.37) | Conf: 0.00
2025-12-03 19:53:35 | INFO     | strategies.neural_hybrid | [DECISION] NO_TRADE | Pattern weak (0.37) | Conf: 0.00
2025-12-03 19:53:35 | INFO     | strategies.neural_hybrid | [DECISION] NO_TRADE | Pattern weak (0.37) | Conf: 0.00
2025-12-03 19:53:35 | INFO     | strategies.neural_hybrid | [DECISION] NO_TRADE | Pattern weak (0.37) | Conf: 0.00
2025-12-03 19:53:36 | INFO     | strategies.neural_hybrid | [DECISION] NO_TRADE | Pattern weak (0.36) | Conf: 0.00
2025-12-03 19:53:36 | INFO     | strategies.neural_hybrid | [DECISION] NO_TRADE | Pattern weak (0.36) | Conf: 0.00
2025-12-03 19:53:36 | INFO     | strategies.neural_hybrid | [DECISION] NO_TRADE | Pattern weak (0.36) | Conf: 0.00
2025-12-03 19:53:37 | INFO     | strategies.neural_hybrid | [DECISION] NO_TRADE | Pattern weak (0.36) | Conf: 0.00
2025-12-03 19:53:37 | INFO     | strategies.neural_hybrid | [DECISION] NO_TRADE | Pattern weak (0.36) | Conf: 0.00
2025-12-03 19:53:37 | INFO     | strategies.neural_hybrid | [DECISION] NO_TRADE | Pattern weak (0.36) | Conf: 0.00
2025-12-03 19:53:38 | INFO     | strategies.neural_hybrid | [DECISION] NO_TRADE | Pattern weak (0.36) | Conf: 0.00
2025-12-03 19:53:38 | INFO     | strategies.neural_hybrid | [DECISION] NO_TRADE | Pattern weak (0.36) | Conf: 0.00
2025-12-03 19:53:38 | INFO     | strategies.neural_hybrid | [DECISION] NO_TRADE | Pattern weak (0.36) | Conf: 0.00
2025-12-03 19:53:39 | INFO     | strategies.neural_hybrid | [DECISION] NO_TRADE | Pattern weak (0.36) | Conf: 0.00
2025-12-03 19:53:39 | INFO     | strategies.neural_hybrid | [DECISION] NO_TRADE | Pattern weak (0.36) | Conf: 0.00
2025-12-03 19:53:39 | INFO     | strategies.neural_hybrid | [DECISION] NO_TRADE | Pattern weak (0.36) | Conf: 0.00
2025-12-03 19:53:40 | INFO     | strategies.neural_hybrid | [DECISION] NO_TRADE | Pattern weak (0.37) | Conf: 0.00
2025-12-03 19:53:40 | INFO     | strategies.neural_hybrid | [DECISION] NO_TRADE | Pattern weak (0.37) | Conf: 0.00
2025-12-03 19:53:41 | INFO     | strategies.neural_hybrid | [DECISION] NO_TRADE | Pattern weak (0.37) | Conf: 0.00
2025-12-03 19:53:41 | INFO     | strategies.neural_hybrid | [DECISION] NO_TRADE | Pattern weak (0.37) | Conf: 0.00
2025-12-03 19:53:41 | INFO     | strategies.neural_hybrid | [DECISION] NO_TRADE | Pattern weak (0.37) | Conf: 0.00
2025-12-03 19:53:42 | INFO     | strategies.neural_hybrid | [DECISION] NO_TRADE | Pattern weak (0.37) | Conf: 0.00
2025-12-03 19:53:42 | INFO     | strategies.neural_hybrid | [DECISION] NO_TRADE | Pattern weak (0.36) | Conf: 0.00
2025-12-03 19:53:42 | INFO     | strategies.neural_hybrid | [DECISION] NO_TRADE | Pattern weak (0.36) | Conf: 0.00
2025-12-03 19:53:43 | INFO     | strategies.neural_hybrid | [DECISION] NO_TRADE | Pattern weak (0.36) | Conf: 0.00
2025-12-03 19:53:43 | INFO     | strategies.neural_hybrid | [DECISION] NO_TRADE | Pattern weak (0.36) | Conf: 0.00
2025-12-03 19:53:43 | INFO     | strategies.neural_hybrid | [DECISION] NO_TRADE | Pattern weak (0.36) | Conf: 0.00
2025-12-03 19:53:44 | INFO     | strategies.neural_hybrid | [DECISION] NO_TRADE | Pattern weak (0.36) | Conf: 0.00
2025-12-03 19:53:44 | INFO     | strategies.neural_hybrid | [DECISION] NO_TRADE | Pattern weak (0.36) | Conf: 0.00
2025-12-03 19:53:44 | INFO     | strategies.neural_hybrid | [DECISION] NO_TRADE | Pattern weak (0.35) | Conf: 0.00
2025-12-03 19:53:45 | INFO     | strategies.neural_hybrid | [DECISION] NO_TRADE | Pattern weak (0.36) | Conf: 0.00
2025-12-03 19:53:45 | INFO     | strategies.neural_hybrid | [DECISION] NO_TRADE | Pattern weak (0.37) | Conf: 0.00
2025-12-03 19:53:45 | INFO     | strategies.neural_hybrid | [DECISION] NO_TRADE | Pattern weak (0.36) | Conf: 0.00
2025-12-03 19:53:46 | INFO     | strategies.neural_hybrid | [DECISION] NO_TRADE | Pattern weak (0.36) | Conf: 0.00
2025-12-03 19:53:46 | INFO     | strategies.neural_hybrid | [DECISION] NO_TRADE | Pattern weak (0.36) | Conf: 0.00
2025-12-03 19:53:46 | INFO     | strategies.neural_hybrid | [DECISION] NO_TRADE | Pattern weak (0.36) | Conf: 0.00
2025-12-03 19:53:47 | INFO     | strategies.neural_hybrid | [DECISION] NO_TRADE | Pattern weak (0.37) | Conf: 0.00
2025-12-03 19:53:47 | INFO     | strategies.neural_hybrid | [DECISION] NO_TRADE | Pattern weak (0.36) | Conf: 0.00
2025-12-03 19:53:47 | INFO     | strategies.neural_hybrid | [DECISION] NO_TRADE | Pattern weak (0.37) | Conf: 0.00
2025-12-03 19:53:48 | INFO     | strategies.neural_hybrid | [DECISION] NO_TRADE | Pattern weak (0.36) | Conf: 0.00
2025-12-03 19:53:48 | INFO     | strategies.neural_hybrid | [DECISION] NO_TRADE | Pattern weak (0.37) | Conf: 0.00
2025-12-03 19:53:48 | INFO     | strategies.neural_hybrid | [DECISION] NO_TRADE | Pattern weak (0.37) | Conf: 0.00
2025-12-03 19:53:49 | INFO     | strategies.neural_hybrid | [DECISION] NO_TRADE | Pattern weak (0.37) | Conf: 0.00
2025-12-03 19:53:49 | INFO     | strategies.neural_hybrid | [DECISION] NO_TRADE | Pattern weak (0.37) | Conf: 0.00
2025-12-03 19:53:49 | INFO     | strategies.neural_hybrid | [DECISION] NO_TRADE | Pattern weak (0.37) | Conf: 0.00
2025-12-03 19:53:50 | INFO     | strategies.neural_hybrid | [DECISION] NO_TRADE | Pattern weak (0.37) | Conf: 0.00
2025-12-03 19:53:50 | INFO     | strategies.neural_hybrid | [DECISION] NO_TRADE | Pattern weak (0.37) | Conf: 0.00
2025-12-03 19:53:51 | INFO     | strategies.neural_hybrid | [DECISION] NO_TRADE | Pattern weak (0.36) | Conf: 0.00
2025-12-03 19:53:51 | INFO     | strategies.neural_hybrid | [DECISION] NO_TRADE | Pattern weak (0.37) | Conf: 0.00
2025-12-03 19:53:51 | INFO     | strategies.neural_hybrid | [DECISION] NO_TRADE | Pattern weak (0.36) | Conf: 0.00
2025-12-03 19:53:52 | INFO     | strategies.neural_hybrid | [DECISION] NO_TRADE | Pattern weak (0.36) | Conf: 0.00
2025-12-03 19:53:52 | INFO     | strategies.neural_hybrid | [DECISION] NO_TRADE | Pattern weak (0.36) | Conf: 0.00
2025-12-03 19:53:52 | INFO     | strategies.neural_hybrid | [DECISION] NO_TRADE | Pattern weak (0.36) | Conf: 0.00
2025-12-03 19:53:53 | INFO     | strategies.neural_hybrid | [DECISION] NO_TRADE | Pattern weak (0.36) | Conf: 0.00
2025-12-03 19:53:53 | INFO     | strategies.neural_hybrid | [DECISION] NO_TRADE | Pattern weak (0.36) | Conf: 0.00
2025-12-03 19:53:53 | INFO     | strategies.neural_hybrid | [DECISION] NO_TRADE | Pattern weak (0.36) | Conf: 0.00
2025-12-03 19:53:54 | INFO     | strategies.neural_hybrid | [DECISION] NO_TRADE | Pattern weak (0.36) | Conf: 0.00
2025-12-03 19:53:54 | INFO     | strategies.neural_hybrid | [DECISION] NO_TRADE | Pattern weak (0.36) | Conf: 0.00
2025-12-03 19:53:54 | INFO     | strategies.neural_hybrid | [DECISION] NO_TRADE | Pattern weak (0.37) | Conf: 0.00
2025-12-03 19:53:55 | INFO     | strategies.neural_hybrid | [DECISION] NO_TRADE | Pattern weak (0.36) | Conf: 0.00
2025-12-03 19:53:55 | INFO     | strategies.neural_hybrid | [DECISION] NO_TRADE | Pattern weak (0.37) | Conf: 0.00
2025-12-03 19:53:55 | INFO     | strategies.neural_hybrid | [DECISION] NO_TRADE | Pattern weak (0.37) | Conf: 0.00
2025-12-03 19:53:56 | INFO     | strategies.neural_hybrid | [DECISION] NO_TRADE | Pattern weak (0.37) | Conf: 0.00
2025-12-03 19:53:56 | INFO     | strategies.neural_hybrid | [DECISION] NO_TRADE | Pattern weak (0.37) | Conf: 0.00
2025-12-03 19:53:56 | INFO     | strategies.neural_hybrid | [DECISION] NO_TRADE | Pattern weak (0.37) | Conf: 0.00
2025-12-03 19:53:57 | INFO     | strategies.neural_hybrid | [DECISION] NO_TRADE | Pattern weak (0.37) | Conf: 0.00
2025-12-03 19:53:57 | INFO     | strategies.neural_hybrid | [DECISION] NO_TRADE | Pattern weak (0.38) | Conf: 0.00
2025-12-03 19:53:57 | INFO     | strategies.neural_hybrid | [DECISION] NO_TRADE | Pattern weak (0.37) | Conf: 0.00
2025-12-03 19:53:58 | INFO     | strategies.neural_hybrid | [DECISION] NO_TRADE | Pattern weak (0.37) | Conf: 0.00
2025-12-03 19:53:58 | INFO     | strategies.neural_hybrid | [DECISION] NO_TRADE | Pattern weak (0.38) | Conf: 0.00
2025-12-03 19:53:58 | INFO     | strategies.neural_hybrid | [DECISION] NO_TRADE | Pattern weak (0.37) | Conf: 0.00
2025-12-03 19:53:59 | INFO     | strategies.neural_hybrid | [DECISION] NO_TRADE | Pattern weak (0.37) | Conf: 0.00
2025-12-03 19:53:59 | INFO     | strategies.neural_hybrid | [DECISION] NO_TRADE | Pattern weak (0.36) | Conf: 0.00
2025-12-03 19:53:59 | INFO     | strategies.neural_hybrid | [DECISION] NO_TRADE | Pattern weak (0.35) | Conf: 0.00
2025-12-03 19:54:00 | INFO     | strategies.neural_hybrid | [DECISION] NO_TRADE | Pattern weak (0.36) | Conf: 0.00
2025-12-03 19:54:00 | INFO     | strategies.neural_hybrid | [DECISION] NO_TRADE | Pattern weak (0.36) | Conf: 0.00
2025-12-03 19:54:00 | INFO     | strategies.neural_hybrid | [DECISION] NO_TRADE | Pattern weak (0.36) | Conf: 0.00
2025-12-03 19:54:01 | INFO     | strategies.neural_hybrid | [DECISION] NO_TRADE | Pattern weak (0.36) | Conf: 0.00
2025-12-03 19:54:01 | INFO     | strategies.neural_hybrid | [DECISION] NO_TRADE | Pattern weak (0.35) | Conf: 0.00
2025-12-03 19:54:01 | INFO     | strategies.neural_hybrid | [DECISION] NO_TRADE | Pattern weak (0.36) | Conf: 0.00
2025-12-03 19:54:02 | INFO     | strategies.neural_hybrid | [DECISION] NO_TRADE | Pattern weak (0.36) | Conf: 0.00
2025-12-03 19:54:02 | INFO     | strategies.neural_hybrid | [DECISION] NO_TRADE | Pattern weak (0.36) | Conf: 0.00
2025-12-03 19:54:02 | INFO     | strategies.neural_hybrid | [DECISION] NO_TRADE | Pattern weak (0.36) | Conf: 0.00
2025-12-03 19:54:03 | INFO     | strategies.neural_hybrid | [DECISION] NO_TRADE | Pattern weak (0.36) | Conf: 0.00
2025-12-03 19:54:03 | INFO     | strategies.neural_hybrid | [DECISION] NO_TRADE | Pattern weak (0.37) | Conf: 0.00
2025-12-03 19:54:03 | INFO     | strategies.neural_hybrid | [DECISION] NO_TRADE | Pattern weak (0.37) | Conf: 0.00
2025-12-03 19:54:04 | INFO     | strategies.neural_hybrid | [DECISION] NO_TRADE | Pattern weak (0.37) | Conf: 0.00
2025-12-03 19:54:04 | INFO     | strategies.neural_hybrid | [DECISION] NO_TRADE | Pattern weak (0.37) | Conf: 0.00
2025-12-03 19:54:04 | INFO     | strategies.neural_hybrid | [DECISION] NO_TRADE | Pattern weak (0.37) | Conf: 0.00
2025-12-03 19:54:05 | INFO     | strategies.neural_hybrid | [DECISION] NO_TRADE | Pattern weak (0.38) | Conf: 0.00
2025-12-03 19:54:05 | INFO     | strategies.neural_hybrid | [DECISION] NO_TRADE | Pattern weak (0.38) | Conf: 0.00
2025-12-03 19:54:05 | INFO     | strategies.neural_hybrid | [DECISION] NO_TRADE | Pattern weak (0.38) | Conf: 0.00
2025-12-03 19:54:06 | INFO     | strategies.neural_hybrid | [DECISION] NO_TRADE | Pattern weak (0.37) | Conf: 0.00
2025-12-03 19:54:06 | INFO     | strategies.neural_hybrid | [DECISION] NO_TRADE | Pattern weak (0.35) | Conf: 0.00
2025-12-03 19:54:06 | INFO     | strategies.neural_hybrid | [DECISION] NO_TRADE | Pattern weak (0.35) | Conf: 0.00
2025-12-03 19:54:07 | INFO     | strategies.neural_hybrid | [DECISION] NO_TRADE | Pattern weak (0.35) | Conf: 0.00
2025-12-03 19:54:07 | INFO     | strategies.neural_hybrid | [DECISION] NO_TRADE | Pattern weak (0.36) | Conf: 0.00
2025-12-03 19:54:07 | INFO     | strategies.neural_hybrid | [DECISION] NO_TRADE | Pattern weak (0.35) | Conf: 0.00
2025-12-03 19:54:08 | INFO     | strategies.neural_hybrid | [DECISION] NO_TRADE | Pattern weak (0.36) | Conf: 0.00
2025-12-03 19:54:08 | INFO     | strategies.neural_hybrid | [DECISION] NO_TRADE | Pattern weak (0.35) | Conf: 0.00
2025-12-03 19:54:08 | INFO     | strategies.neural_hybrid | [DECISION] NO_TRADE | Pattern weak (0.36) | Conf: 0.00
2025-12-03 19:54:09 | INFO     | strategies.neural_hybrid | [DECISION] NO_TRADE | Pattern weak (0.36) | Conf: 0.00
2025-12-03 19:54:09 | INFO     | strategies.neural_hybrid | [DECISION] NO_TRADE | Pattern weak (0.36) | Conf: 0.00
2025-12-03 19:54:09 | INFO     | strategies.neural_hybrid | [DECISION] NO_TRADE | Pattern weak (0.36) | Conf: 0.00
2025-12-03 19:54:10 | INFO     | strategies.neural_hybrid | [DECISION] NO_TRADE | Pattern weak (0.36) | Conf: 0.00
2025-12-03 19:54:10 | INFO     | strategies.neural_hybrid | [DECISION] NO_TRADE | Pattern weak (0.37) | Conf: 0.00
2025-12-03 19:54:10 | INFO     | strategies.neural_hybrid | [DECISION] NO_TRADE | Pattern weak (0.37) | Conf: 0.00
2025-12-03 19:54:11 | INFO     | strategies.neural_hybrid | [DECISION] NO_TRADE | Pattern weak (0.37) | Conf: 0.00
2025-12-03 19:54:11 | INFO     | strategies.neural_hybrid | [DECISION] NO_TRADE | Pattern weak (0.37) | Conf: 0.00
2025-12-03 19:54:11 | INFO     | strategies.neural_hybrid | [DECISION] NO_TRADE | Pattern weak (0.36) | Conf: 0.00
2025-12-03 19:54:12 | INFO     | strategies.neural_hybrid | [DECISION] NO_TRADE | Pattern weak (0.35) | Conf: 0.00
2025-12-03 19:54:12 | INFO     | strategies.neural_hybrid | [DECISION] NO_TRADE | Pattern weak (0.36) | Conf: 0.00
2025-12-03 19:54:12 | INFO     | strategies.neural_hybrid | [DECISION] NO_TRADE | Pattern weak (0.36) | Conf: 0.00
2025-12-03 19:54:13 | INFO     | strategies.neural_hybrid | [DECISION] NO_TRADE | Pattern weak (0.36) | Conf: 0.00
2025-12-03 19:54:13 | INFO     | strategies.neural_hybrid | [DECISION] NO_TRADE | Pattern weak (0.35) | Conf: 0.00
2025-12-03 19:54:13 | INFO     | strategies.neural_hybrid | [DECISION] NO_TRADE | Pattern weak (0.34) | Conf: 0.00
2025-12-03 19:54:14 | INFO     | strategies.neural_hybrid | [DECISION] NO_TRADE | Pattern weak (0.35) | Conf: 0.00
2025-12-03 19:54:14 | INFO     | strategies.neural_hybrid | [DECISION] NO_TRADE | Pattern weak (0.35) | Conf: 0.00
2025-12-03 19:54:14 | INFO     | strategies.neural_hybrid | [DECISION] NO_TRADE | Pattern weak (0.36) | Conf: 0.00
2025-12-03 19:54:15 | INFO     | strategies.neural_hybrid | [DECISION] NO_TRADE | Pattern weak (0.36) | Conf: 0.00
2025-12-03 19:54:15 | INFO     | strategies.neural_hybrid | [DECISION] NO_TRADE | Pattern weak (0.35) | Conf: 0.00
2025-12-03 19:54:15 | INFO     | strategies.neural_hybrid | [DECISION] NO_TRADE | Pattern weak (0.35) | Conf: 0.00
2025-12-03 19:54:16 | INFO     | strategies.neural_hybrid | [DECISION] NO_TRADE | Pattern weak (0.36) | Conf: 0.00
2025-12-03 19:54:16 | INFO     | strategies.neural_hybrid | [DECISION] NO_TRADE | Pattern weak (0.36) | Conf: 0.00
2025-12-03 19:54:16 | INFO     | strategies.neural_hybrid | [DECISION] NO_TRADE | Pattern weak (0.35) | Conf: 0.00
2025-12-03 19:54:17 | INFO     | strategies.neural_hybrid | [DECISION] NO_TRADE | Pattern weak (0.36) | Conf: 0.00
2025-12-03 19:54:17 | INFO     | strategies.neural_hybrid | [DECISION] NO_TRADE | Pattern weak (0.36) | Conf: 0.00
2025-12-03 19:54:17 | INFO     | strategies.neural_hybrid | [DECISION] NO_TRADE | Pattern weak (0.36) | Conf: 0.00
2025-12-03 19:54:18 | INFO     | strategies.neural_hybrid | [DECISION] NO_TRADE | Pattern weak (0.37) | Conf: 0.00
2025-12-03 19:54:18 | INFO     | strategies.neural_hybrid | [DECISION] NO_TRADE | Pattern weak (0.37) | Conf: 0.00
2025-12-03 19:54:18 | INFO     | strategies.neural_hybrid | [DECISION] NO_TRADE | Pattern weak (0.36) | Conf: 0.00
2025-12-03 19:54:19 | INFO     | strategies.neural_hybrid | [DECISION] NO_TRADE | Pattern weak (0.36) | Conf: 0.00
2025-12-03 19:54:19 | INFO     | strategies.neural_hybrid | [DECISION] NO_TRADE | Pattern weak (0.36) | Conf: 0.00
2025-12-03 19:54:19 | INFO     | strategies.neural_hybrid | [DECISION] NO_TRADE | Pattern weak (0.35) | Conf: 0.00
2025-12-03 19:54:20 | INFO     | strategies.neural_hybrid | [DECISION] NO_TRADE | Pattern weak (0.35) | Conf: 0.00
2025-12-03 19:54:20 | INFO     | strategies.neural_hybrid | [DECISION] NO_TRADE | Pattern weak (0.34) | Conf: 0.00
2025-12-03 19:54:20 | INFO     | strategies.neural_hybrid | [DECISION] NO_TRADE | Pattern weak (0.35) | Conf: 0.00
2025-12-03 19:54:21 | INFO     | strategies.neural_hybrid | [DECISION] NO_TRADE | Pattern weak (0.35) | Conf: 0.00
2025-12-03 19:54:21 | INFO     | strategies.neural_hybrid | [DECISION] NO_TRADE | Pattern weak (0.36) | Conf: 0.00
2025-12-03 19:54:21 | INFO     | strategies.neural_hybrid | [DECISION] NO_TRADE | Pattern weak (0.35) | Conf: 0.00
2025-12-03 19:54:22 | INFO     | strategies.neural_hybrid | [DECISION] NO_TRADE | Pattern weak (0.36) | Conf: 0.00
2025-12-03 19:54:22 | INFO     | strategies.neural_hybrid | [DECISION] NO_TRADE | Pattern weak (0.36) | Conf: 0.00
2025-12-03 19:54:22 | INFO     | strategies.neural_hybrid | [DECISION] NO_TRADE | Pattern weak (0.36) | Conf: 0.00
2025-12-03 19:54:23 | INFO     | strategies.neural_hybrid | [DECISION] NO_TRADE | Pattern weak (0.35) | Conf: 0.00
2025-12-03 19:54:23 | INFO     | strategies.neural_hybrid | [DECISION] NO_TRADE | Pattern weak (0.36) | Conf: 0.00
2025-12-03 19:54:23 | INFO     | strategies.neural_hybrid | [DECISION] NO_TRADE | Pattern weak (0.36) | Conf: 0.00
2025-12-03 19:54:24 | INFO     | strategies.neural_hybrid | [DECISION] NO_TRADE | Pattern weak (0.36) | Conf: 0.00
2025-12-03 19:54:24 | INFO     | strategies.neural_hybrid | [DECISION] NO_TRADE | Pattern weak (0.35) | Conf: 0.00
2025-12-03 19:54:24 | INFO     | strategies.neural_hybrid | [DECISION] NO_TRADE | Pattern weak (0.36) | Conf: 0.00
2025-12-03 19:54:25 | INFO     | strategies.neural_hybrid | [DECISION] NO_TRADE | Pattern weak (0.36) | Conf: 0.00
2025-12-03 19:54:25 | INFO     | strategies.neural_hybrid | [DECISION] NO_TRADE | Pattern weak (0.36) | Conf: 0.00
2025-12-03 19:54:25 | INFO     | strategies.neural_hybrid | [DECISION] NO_TRADE | Pattern weak (0.35) | Conf: 0.00
2025-12-03 19:54:26 | INFO     | strategies.neural_hybrid | [DECISION] NO_TRADE | Pattern weak (0.35) | Conf: 0.00
2025-12-03 19:54:26 | INFO     | strategies.neural_hybrid | [DECISION] NO_TRADE | Pattern weak (0.37) | Conf: 0.00
2025-12-03 19:54:26 | INFO     | strategies.neural_hybrid | [DECISION] NO_TRADE | Pattern weak (0.36) | Conf: 0.00
2025-12-03 19:54:27 | INFO     | strategies.neural_hybrid | [DECISION] NO_TRADE | Pattern weak (0.36) | Conf: 0.00
2025-12-03 19:54:27 | INFO     | strategies.neural_hybrid | [DECISION] NO_TRADE | Pattern weak (0.35) | Conf: 0.00
2025-12-03 19:54:27 | INFO     | strategies.neural_hybrid | [DECISION] NO_TRADE | Pattern weak (0.36) | Conf: 0.00
2025-12-03 19:54:28 | INFO     | strategies.neural_hybrid | [DECISION] NO_TRADE | Pattern weak (0.34) | Conf: 0.00
2025-12-03 19:54:28 | INFO     | strategies.neural_hybrid | [DECISION] NO_TRADE | Pattern weak (0.36) | Conf: 0.00
2025-12-03 19:54:28 | INFO     | strategies.neural_hybrid | [DECISION] NO_TRADE | Pattern weak (0.36) | Conf: 0.00
2025-12-03 19:54:29 | INFO     | strategies.neural_hybrid | [DECISION] NO_TRADE | Pattern weak (0.36) | Conf: 0.00
2025-12-03 19:54:29 | INFO     | strategies.neural_hybrid | [DECISION] NO_TRADE | Pattern weak (0.35) | Conf: 0.00
2025-12-03 19:54:29 | INFO     | strategies.neural_hybrid | [DECISION] NO_TRADE | Pattern weak (0.33) | Conf: 0.00
2025-12-03 19:54:30 | INFO     | strategies.neural_hybrid | [DECISION] NO_TRADE | Pattern weak (0.34) | Conf: 0.00
2025-12-03 19:54:30 | INFO     | strategies.neural_hybrid | [DECISION] NO_TRADE | Pattern weak (0.35) | Conf: 0.00
2025-12-03 19:54:30 | INFO     | strategies.neural_hybrid | [DECISION] NO_TRADE | Pattern weak (0.36) | Conf: 0.00
2025-12-03 19:54:31 | INFO     | strategies.neural_hybrid | [DECISION] NO_TRADE | Pattern weak (0.35) | Conf: 0.00
2025-12-03 19:54:31 | INFO     | strategies.neural_hybrid | [DECISION] NO_TRADE | Pattern weak (0.35) | Conf: 0.00
2025-12-03 19:54:31 | INFO     | strategies.neural_hybrid | [DECISION] NO_TRADE | Pattern weak (0.35) | Conf: 0.00
2025-12-03 19:54:32 | INFO     | strategies.neural_hybrid | [DECISION] NO_TRADE | Pattern weak (0.36) | Conf: 0.00
2025-12-03 19:54:32 | INFO     | strategies.neural_hybrid | [DECISION] NO_TRADE | Pattern weak (0.36) | Conf: 0.00
2025-12-03 19:54:32 | INFO     | strategies.neural_hybrid | [DECISION] NO_TRADE | Pattern weak (0.36) | Conf: 0.00
2025-12-03 19:54:33 | INFO     | strategies.neural_hybrid | [DECISION] NO_TRADE | Pattern weak (0.36) | Conf: 0.00
2025-12-03 19:54:33 | INFO     | strategies.neural_hybrid | [DECISION] NO_TRADE | Pattern weak (0.36) | Conf: 0.00
2025-12-03 19:54:33 | INFO     | strategies.neural_hybrid | [DECISION] NO_TRADE | Pattern weak (0.36) | Conf: 0.00
2025-12-03 19:54:34 | INFO     | strategies.neural_hybrid | [DECISION] NO_TRADE | Pattern weak (0.36) | Conf: 0.00
2025-12-03 19:54:34 | INFO     | strategies.neural_hybrid | [DECISION] NO_TRADE | Pattern weak (0.36) | Conf: 0.00
2025-12-03 19:54:34 | INFO     | strategies.neural_hybrid | [DECISION] NO_TRADE | Pattern weak (0.37) | Conf: 0.00
2025-12-03 19:54:35 | INFO     | strategies.neural_hybrid | [DECISION] NO_TRADE | Pattern weak (0.37) | Conf: 0.00
2025-12-03 19:54:35 | INFO     | strategies.neural_hybrid | [DECISION] NO_TRADE | Pattern weak (0.38) | Conf: 0.00
2025-12-03 19:54:35 | INFO     | strategies.neural_hybrid | [DECISION] NO_TRADE | Pattern weak (0.37) | Conf: 0.00
2025-12-03 19:54:36 | INFO     | strategies.neural_hybrid | [DECISION] NO_TRADE | Pattern weak (0.37) | Conf: 0.00
2025-12-03 19:54:36 | INFO     | strategies.neural_hybrid | [DECISION] NO_TRADE | Pattern weak (0.38) | Conf: 0.00
2025-12-03 19:54:36 | INFO     | strategies.neural_hybrid | [DECISION] NO_TRADE | Pattern weak (0.38) | Conf: 0.00
2025-12-03 19:54:37 | INFO     | strategies.neural_hybrid | [DECISION] NO_TRADE | Pattern weak (0.38) | Conf: 0.00
2025-12-03 19:54:37 | INFO     | strategies.neural_hybrid | [DECISION] NO_TRADE | Pattern weak (0.38) | Conf: 0.00
2025-12-03 19:54:38 | INFO     | strategies.neural_hybrid | [DECISION] NO_TRADE | Pattern weak (0.38) | Conf: 0.00
2025-12-03 19:54:38 | INFO     | strategies.neural_hybrid | [DECISION] NO_TRADE | Pattern weak (0.37) | Conf: 0.00
2025-12-03 19:54:38 | INFO     | strategies.neural_hybrid | [DECISION] NO_TRADE | Pattern weak (0.38) | Conf: 0.00
2025-12-03 19:54:39 | INFO     | strategies.neural_hybrid | [DECISION] NO_TRADE | Pattern weak (0.38) | Conf: 0.00
2025-12-03 19:54:39 | INFO     | strategies.neural_hybrid | [DECISION] NO_TRADE | Pattern weak (0.37) | Conf: 0.00
2025-12-03 19:54:39 | INFO     | strategies.neural_hybrid | [DECISION] NO_TRADE | Pattern weak (0.38) | Conf: 0.00
2025-12-03 19:54:40 | INFO     | strategies.neural_hybrid | [DECISION] NO_TRADE | Pattern weak (0.37) | Conf: 0.00
2025-12-03 19:54:40 | INFO     | strategies.neural_hybrid | [DECISION] NO_TRADE | Pattern weak (0.37) | Conf: 0.00
2025-12-03 19:54:40 | INFO     | strategies.neural_hybrid | [DECISION] NO_TRADE | Pattern weak (0.37) | Conf: 0.00
2025-12-03 19:54:41 | INFO     | strategies.neural_hybrid | [DECISION] NO_TRADE | Pattern weak (0.37) | Conf: 0.00
2025-12-03 19:54:41 | INFO     | strategies.neural_hybrid | [DECISION] NO_TRADE | Pattern weak (0.37) | Conf: 0.00
2025-12-03 19:54:41 | INFO     | strategies.neural_hybrid | [DECISION] NO_TRADE | Pattern weak (0.37) | Conf: 0.00
2025-12-03 19:54:41 | INFO     | strategies.neural_hybrid | [DECISION] NO_TRADE | Pattern weak (0.36) | Conf: 0.00
2025-12-03 19:54:42 | INFO     | strategies.neural_hybrid | [DECISION] NO_TRADE | Pattern weak (0.36) | Conf: 0.00
2025-12-03 19:54:42 | INFO     | strategies.neural_hybrid | [DECISION] NO_TRADE | Pattern weak (0.36) | Conf: 0.00
2025-12-03 19:54:42 | INFO     | strategies.neural_hybrid | [DECISION] NO_TRADE | Pattern weak (0.37) | Conf: 0.00
2025-12-03 19:54:43 | INFO     | strategies.neural_hybrid | [DECISION] NO_TRADE | Pattern weak (0.37) | Conf: 0.00
2025-12-03 19:54:43 | INFO     | strategies.neural_hybrid | [DECISION] NO_TRADE | Pattern weak (0.37) | Conf: 0.00
2025-12-03 19:54:43 | INFO     | strategies.neural_hybrid | [DECISION] NO_TRADE | Pattern weak (0.37) | Conf: 0.00
2025-12-03 19:54:44 | INFO     | strategies.neural_hybrid | [DECISION] NO_TRADE | Pattern weak (0.37) | Conf: 0.00
2025-12-03 19:54:44 | INFO     | strategies.neural_hybrid | [DECISION] NO_TRADE | Pattern weak (0.37) | Conf: 0.00
2025-12-03 19:54:44 | INFO     | strategies.neural_hybrid | [DECISION] NO_TRADE | Pattern weak (0.38) | Conf: 0.00
2025-12-03 19:54:45 | INFO     | strategies.neural_hybrid | [DECISION] NO_TRADE | Pattern weak (0.37) | Conf: 0.00
2025-12-03 19:54:45 | INFO     | strategies.neural_hybrid | [DECISION] NO_TRADE | Pattern weak (0.38) | Conf: 0.00
2025-12-03 19:54:45 | INFO     | strategies.neural_hybrid | [DECISION] NO_TRADE | Pattern weak (0.37) | Conf: 0.00
2025-12-03 19:54:46 | INFO     | strategies.neural_hybrid | [DECISION] NO_TRADE | Pattern weak (0.37) | Conf: 0.00
2025-12-03 19:54:46 | INFO     | strategies.neural_hybrid | [DECISION] NO_TRADE | Pattern weak (0.37) | Conf: 0.00
2025-12-03 19:54:46 | INFO     | strategies.neural_hybrid | [DECISION] NO_TRADE | Pattern weak (0.37) | Conf: 0.00
2025-12-03 19:54:47 | INFO     | strategies.neural_hybrid | [DECISION] NO_TRADE | Pattern weak (0.37) | Conf: 0.00
2025-12-03 19:54:47 | INFO     | strategies.neural_hybrid | [DECISION] NO_TRADE | Pattern weak (0.36) | Conf: 0.00
2025-12-03 19:54:47 | INFO     | strategies.neural_hybrid | [DECISION] NO_TRADE | Pattern weak (0.36) | Conf: 0.00
2025-12-03 19:54:48 | INFO     | strategies.neural_hybrid | [DECISION] NO_TRADE | Pattern weak (0.36) | Conf: 0.00
2025-12-03 19:54:48 | INFO     | strategies.neural_hybrid | [DECISION] NO_TRADE | Pattern weak (0.37) | Conf: 0.00
2025-12-03 19:54:48 | INFO     | strategies.neural_hybrid | [DECISION] NO_TRADE | Pattern weak (0.36) | Conf: 0.00
2025-12-03 19:54:49 | INFO     | strategies.neural_hybrid | [DECISION] NO_TRADE | Pattern weak (0.36) | Conf: 0.00
2025-12-03 19:54:49 | INFO     | strategies.neural_hybrid | [DECISION] NO_TRADE | Pattern weak (0.35) | Conf: 0.00
2025-12-03 19:54:49 | INFO     | strategies.neural_hybrid | [DECISION] NO_TRADE | Pattern weak (0.36) | Conf: 0.00
2025-12-03 19:54:50 | INFO     | strategies.neural_hybrid | [DECISION] NO_TRADE | Pattern weak (0.36) | Conf: 0.00
2025-12-03 19:54:50 | INFO     | strategies.neural_hybrid | [DECISION] NO_TRADE | Pattern weak (0.36) | Conf: 0.00
2025-12-03 19:54:50 | INFO     | strategies.neural_hybrid | [DECISION] NO_TRADE | Pattern weak (0.36) | Conf: 0.00
2025-12-03 19:54:51 | INFO     | strategies.neural_hybrid | [DECISION] NO_TRADE | Pattern weak (0.37) | Conf: 0.00
2025-12-03 19:54:51 | INFO     | strategies.neural_hybrid | [DECISION] NO_TRADE | Pattern weak (0.37) | Conf: 0.00
2025-12-03 19:54:51 | INFO     | strategies.neural_hybrid | [DECISION] NO_TRADE | Pattern weak (0.37) | Conf: 0.00
2025-12-03 19:54:52 | INFO     | strategies.neural_hybrid | [DECISION] NO_TRADE | Pattern weak (0.37) | Conf: 0.00
2025-12-03 19:54:52 | INFO     | strategies.neural_hybrid | [DECISION] NO_TRADE | Pattern weak (0.37) | Conf: 0.00
2025-12-03 19:54:52 | INFO     | strategies.neural_hybrid | [DECISION] NO_TRADE | Pattern weak (0.38) | Conf: 0.00
2025-12-03 19:54:53 | INFO     | strategies.neural_hybrid | [DECISION] NO_TRADE | Pattern weak (0.38) | Conf: 0.00
2025-12-03 19:54:53 | INFO     | strategies.neural_hybrid | [DECISION] NO_TRADE | Pattern weak (0.37) | Conf: 0.00
2025-12-03 19:54:53 | INFO     | strategies.neural_hybrid | [DECISION] NO_TRADE | Pattern weak (0.37) | Conf: 0.00
2025-12-03 19:54:54 | INFO     | strategies.neural_hybrid | [DECISION] NO_TRADE | Pattern weak (0.37) | Conf: 0.00
2025-12-03 19:54:54 | INFO     | strategies.neural_hybrid | [DECISION] NO_TRADE | Pattern weak (0.37) | Conf: 0.00
2025-12-03 19:54:54 | INFO     | strategies.neural_hybrid | [DECISION] NO_TRADE | Pattern weak (0.37) | Conf: 0.00
2025-12-03 19:54:55 | INFO     | strategies.neural_hybrid | [DECISION] NO_TRADE | Pattern weak (0.36) | Conf: 0.00
2025-12-03 19:54:55 | INFO     | strategies.neural_hybrid | [DECISION] NO_TRADE | Pattern weak (0.36) | Conf: 0.00
2025-12-03 19:54:55 | INFO     | strategies.neural_hybrid | [DECISION] NO_TRADE | Pattern weak (0.36) | Conf: 0.00
2025-12-03 19:54:56 | INFO     | strategies.neural_hybrid | [DECISION] NO_TRADE | Pattern weak (0.36) | Conf: 0.00
2025-12-03 19:54:56 | INFO     | strategies.neural_hybrid | [DECISION] NO_TRADE | Pattern weak (0.35) | Conf: 0.00
2025-12-03 19:54:56 | INFO     | strategies.neural_hybrid | [DECISION] NO_TRADE | Pattern weak (0.36) | Conf: 0.00
2025-12-03 19:54:57 | INFO     | strategies.neural_hybrid | [DECISION] NO_TRADE | Pattern weak (0.37) | Conf: 0.00
2025-12-03 19:54:57 | INFO     | strategies.neural_hybrid | [DECISION] NO_TRADE | Pattern weak (0.36) | Conf: 0.00
2025-12-03 19:54:58 | INFO     | strategies.neural_hybrid | [DECISION] NO_TRADE | Pattern weak (0.36) | Conf: 0.00
2025-12-03 19:54:58 | INFO     | strategies.neural_hybrid | [DECISION] NO_TRADE | Pattern weak (0.36) | Conf: 0.00
2025-12-03 19:54:58 | INFO     | strategies.neural_hybrid | [DECISION] NO_TRADE | Pattern weak (0.37) | Conf: 0.00
2025-12-03 19:54:59 | INFO     | strategies.neural_hybrid | [DECISION] NO_TRADE | Pattern weak (0.37) | Conf: 0.00
2025-12-03 19:54:59 | INFO     | strategies.neural_hybrid | [DECISION] NO_TRADE | Pattern weak (0.37) | Conf: 0.00
2025-12-03 19:54:59 | INFO     | strategies.neural_hybrid | [DECISION] NO_TRADE | Pattern weak (0.36) | Conf: 0.00
2025-12-03 19:55:00 | INFO     | strategies.neural_hybrid | [DECISION] NO_TRADE | Pattern weak (0.37) | Conf: 0.00
2025-12-03 19:55:00 | INFO     | strategies.neural_hybrid | [DECISION] NO_TRADE | Pattern weak (0.37) | Conf: 0.00
2025-12-03 19:55:00 | INFO     | strategies.neural_hybrid | [DECISION] NO_TRADE | Pattern weak (0.37) | Conf: 0.00
2025-12-03 19:55:01 | INFO     | strategies.neural_hybrid | [DECISION] NO_TRADE | Pattern weak (0.37) | Conf: 0.00
2025-12-03 19:55:01 | INFO     | strategies.neural_hybrid | [DECISION] NO_TRADE | Pattern weak (0.37) | Conf: 0.00
2025-12-03 19:55:01 | INFO     | strategies.neural_hybrid | [DECISION] NO_TRADE | Pattern weak (0.38) | Conf: 0.00
2025-12-03 19:55:02 | INFO     | strategies.neural_hybrid | [DECISION] NO_TRADE | Pattern weak (0.37) | Conf: 0.00
2025-12-03 19:55:02 | INFO     | strategies.neural_hybrid | [DECISION] NO_TRADE | Pattern weak (0.36) | Conf: 0.00
2025-12-03 19:55:02 | INFO     | strategies.neural_hybrid | [DECISION] NO_TRADE | Pattern weak (0.36) | Conf: 0.00
2025-12-03 19:55:03 | INFO     | strategies.neural_hybrid | [DECISION] NO_TRADE | Pattern weak (0.36) | Conf: 0.00
2025-12-03 19:55:03 | INFO     | strategies.neural_hybrid | [DECISION] NO_TRADE | Pattern weak (0.36) | Conf: 0.00
2025-12-03 19:55:03 | INFO     | strategies.neural_hybrid | [DECISION] NO_TRADE | Pattern weak (0.35) | Conf: 0.00
2025-12-03 19:55:04 | INFO     | strategies.neural_hybrid | [DECISION] NO_TRADE | Pattern weak (0.36) | Conf: 0.00
2025-12-03 19:55:04 | INFO     | strategies.neural_hybrid | [DECISION] NO_TRADE | Pattern weak (0.36) | Conf: 0.00
2025-12-03 19:55:04 | INFO     | strategies.neural_hybrid | [DECISION] NO_TRADE | Pattern weak (0.36) | Conf: 0.00
2025-12-03 19:55:05 | INFO     | strategies.neural_hybrid | [DECISION] NO_TRADE | Pattern weak (0.36) | Conf: 0.00
2025-12-03 19:55:05 | INFO     | strategies.neural_hybrid | [DECISION] NO_TRADE | Pattern weak (0.36) | Conf: 0.00
2025-12-03 19:55:05 | INFO     | strategies.neural_hybrid | [DECISION] NO_TRADE | Pattern weak (0.36) | Conf: 0.00
2025-12-03 19:55:06 | INFO     | strategies.neural_hybrid | [DECISION] NO_TRADE | Pattern weak (0.36) | Conf: 0.00
2025-12-03 19:55:06 | INFO     | strategies.neural_hybrid | [DECISION] NO_TRADE | Pattern weak (0.36) | Conf: 0.00
2025-12-03 19:55:07 | INFO     | strategies.neural_hybrid | [DECISION] NO_TRADE | Pattern weak (0.37) | Conf: 0.00
2025-12-03 19:55:07 | INFO     | strategies.neural_hybrid | [DECISION] NO_TRADE | Pattern weak (0.37) | Conf: 0.00
2025-12-03 19:55:07 | INFO     | strategies.neural_hybrid | [DECISION] NO_TRADE | Pattern weak (0.37) | Conf: 0.00
2025-12-03 19:55:08 | INFO     | strategies.neural_hybrid | [DECISION] NO_TRADE | Pattern weak (0.37) | Conf: 0.00
2025-12-03 19:55:08 | INFO     | strategies.neural_hybrid | [DECISION] NO_TRADE | Pattern weak (0.37) | Conf: 0.00
2025-12-03 19:55:08 | INFO     | strategies.neural_hybrid | [DECISION] NO_TRADE | Pattern weak (0.37) | Conf: 0.00
2025-12-03 19:55:09 | INFO     | strategies.neural_hybrid | [DECISION] NO_TRADE | Pattern weak (0.38) | Conf: 0.00
2025-12-03 19:55:09 | INFO     | strategies.neural_hybrid | [DECISION] NO_TRADE | Pattern weak (0.37) | Conf: 0.00
2025-12-03 19:55:09 | INFO     | strategies.neural_hybrid | [DECISION] NO_TRADE | Pattern weak (0.37) | Conf: 0.00
2025-12-03 19:55:10 | INFO     | strategies.neural_hybrid | [DECISION] NO_TRADE | Pattern weak (0.38) | Conf: 0.00
2025-12-03 19:55:10 | INFO     | strategies.neural_hybrid | [DECISION] NO_TRADE | Pattern weak (0.37) | Conf: 0.00
2025-12-03 19:55:10 | INFO     | strategies.neural_hybrid | [DECISION] NO_TRADE | Pattern weak (0.37) | Conf: 0.00
2025-12-03 19:55:11 | INFO     | strategies.neural_hybrid | [DECISION] NO_TRADE | Pattern weak (0.36) | Conf: 0.00
2025-12-03 19:55:11 | INFO     | strategies.neural_hybrid | [DECISION] NO_TRADE | Pattern weak (0.36) | Conf: 0.00
2025-12-03 19:55:11 | INFO     | strategies.neural_hybrid | [DECISION] NO_TRADE | Pattern weak (0.36) | Conf: 0.00
2025-12-03 19:55:12 | INFO     | strategies.neural_hybrid | [DECISION] NO_TRADE | Pattern weak (0.36) | Conf: 0.00
2025-12-03 19:55:12 | INFO     | strategies.neural_hybrid | [DECISION] NO_TRADE | Pattern weak (0.36) | Conf: 0.00
2025-12-03 19:55:13 | INFO     | strategies.neural_hybrid | [DECISION] NO_TRADE | Pattern weak (0.36) | Conf: 0.00
2025-12-03 19:55:13 | INFO     | strategies.neural_hybrid | [DECISION] NO_TRADE | Pattern weak (0.36) | Conf: 0.00
2025-12-03 19:55:13 | INFO     | strategies.neural_hybrid | [DECISION] NO_TRADE | Pattern weak (0.36) | Conf: 0.00
2025-12-03 19:55:14 | INFO     | strategies.neural_hybrid | [DECISION] NO_TRADE | Pattern weak (0.36) | Conf: 0.00
2025-12-03 19:55:14 | INFO     | strategies.neural_hybrid | [DECISION] NO_TRADE | Pattern weak (0.36) | Conf: 0.00
2025-12-03 19:55:14 | INFO     | strategies.neural_hybrid | [DECISION] NO_TRADE | Pattern weak (0.36) | Conf: 0.00
2025-12-03 19:55:15 | INFO     | strategies.neural_hybrid | [DECISION] NO_TRADE | Pattern weak (0.36) | Conf: 0.00
2025-12-03 19:55:15 | INFO     | strategies.neural_hybrid | [DECISION] NO_TRADE | Pattern weak (0.37) | Conf: 0.00
2025-12-03 19:55:15 | INFO     | strategies.neural_hybrid | [DECISION] NO_TRADE | Pattern weak (0.37) | Conf: 0.00
2025-12-03 19:55:16 | INFO     | strategies.neural_hybrid | [DECISION] NO_TRADE | Pattern weak (0.37) | Conf: 0.00
2025-12-03 19:55:16 | INFO     | strategies.neural_hybrid | [DECISION] NO_TRADE | Pattern weak (0.38) | Conf: 0.00
2025-12-03 19:55:16 | INFO     | strategies.neural_hybrid | [DECISION] NO_TRADE | Pattern weak (0.37) | Conf: 0.00
2025-12-03 19:55:17 | INFO     | strategies.neural_hybrid | [DECISION] NO_TRADE | Pattern weak (0.37) | Conf: 0.00
2025-12-03 19:55:17 | INFO     | strategies.neural_hybrid | [DECISION] NO_TRADE | Pattern weak (0.38) | Conf: 0.00
2025-12-03 19:55:17 | INFO     | strategies.neural_hybrid | [DECISION] NO_TRADE | Pattern weak (0.38) | Conf: 0.00
2025-12-03 19:55:18 | INFO     | strategies.neural_hybrid | [DECISION] NO_TRADE | Pattern weak (0.38) | Conf: 0.00
2025-12-03 19:55:18 | INFO     | strategies.neural_hybrid | [DECISION] NO_TRADE | Pattern weak (0.38) | Conf: 0.00
2025-12-03 19:55:18 | INFO     | strategies.neural_hybrid | [DECISION] NO_TRADE | Pattern weak (0.37) | Conf: 0.00
2025-12-03 19:55:19 | INFO     | strategies.neural_hybrid | [DECISION] NO_TRADE | Pattern weak (0.37) | Conf: 0.00
2025-12-03 19:55:19 | INFO     | strategies.neural_hybrid | [DECISION] NO_TRADE | Pattern weak (0.36) | Conf: 0.00
2025-12-03 19:55:20 | INFO     | strategies.neural_hybrid | [DECISION] NO_TRADE | Pattern weak (0.36) | Conf: 0.00
2025-12-03 19:55:20 | INFO     | strategies.neural_hybrid | [DECISION] NO_TRADE | Pattern weak (0.36) | Conf: 0.00
2025-12-03 19:55:20 | INFO     | strategies.neural_hybrid | [DECISION] NO_TRADE | Pattern weak (0.36) | Conf: 0.00
2025-12-03 19:55:21 | INFO     | strategies.neural_hybrid | [DECISION] NO_TRADE | Pattern weak (0.36) | Conf: 0.00
2025-12-03 19:55:21 | INFO     | strategies.neural_hybrid | [DECISION] NO_TRADE | Pattern weak (0.36) | Conf: 0.00
2025-12-03 19:55:21 | INFO     | strategies.neural_hybrid | [DECISION] NO_TRADE | Pattern weak (0.36) | Conf: 0.00
2025-12-03 19:55:22 | INFO     | strategies.neural_hybrid | [DECISION] NO_TRADE | Pattern weak (0.36) | Conf: 0.00
2025-12-03 19:55:22 | INFO     | strategies.neural_hybrid | [DECISION] NO_TRADE | Pattern weak (0.36) | Conf: 0.00
2025-12-03 19:55:22 | INFO     | strategies.neural_hybrid | [DECISION] NO_TRADE | Pattern weak (0.36) | Conf: 0.00
2025-12-03 19:55:23 | INFO     | strategies.neural_hybrid | [DECISION] NO_TRADE | Pattern weak (0.36) | Conf: 0.00
2025-12-03 19:55:23 | INFO     | strategies.neural_hybrid | [DECISION] NO_TRADE | Pattern weak (0.35) | Conf: 0.00
2025-12-03 19:55:23 | INFO     | strategies.neural_hybrid | [DECISION] NO_TRADE | Pattern weak (0.36) | Conf: 0.00
2025-12-03 19:55:24 | INFO     | strategies.neural_hybrid | [DECISION] NO_TRADE | Pattern weak (0.36) | Conf: 0.00
2025-12-03 19:55:24 | INFO     | strategies.neural_hybrid | [DECISION] NO_TRADE | Pattern weak (0.36) | Conf: 0.00
2025-12-03 19:55:24 | INFO     | strategies.neural_hybrid | [DECISION] NO_TRADE | Pattern weak (0.35) | Conf: 0.00
2025-12-03 19:55:25 | INFO     | strategies.neural_hybrid | [DECISION] NO_TRADE | Pattern weak (0.36) | Conf: 0.00
2025-12-03 19:55:25 | INFO     | strategies.neural_hybrid | [DECISION] NO_TRADE | Pattern weak (0.35) | Conf: 0.00
2025-12-03 19:55:25 | INFO     | strategies.neural_hybrid | [DECISION] NO_TRADE | Pattern weak (0.35) | Conf: 0.00
2025-12-03 19:55:26 | INFO     | strategies.neural_hybrid | [DECISION] NO_TRADE | Pattern weak (0.34) | Conf: 0.00
2025-12-03 19:55:26 | INFO     | strategies.neural_hybrid | [DECISION] NO_TRADE | Pattern weak (0.35) | Conf: 0.00
2025-12-03 19:55:27 | INFO     | strategies.neural_hybrid | [DECISION] NO_TRADE | Pattern weak (0.35) | Conf: 0.00
2025-12-03 19:55:27 | INFO     | strategies.neural_hybrid | [DECISION] NO_TRADE | Pattern weak (0.35) | Conf: 0.00
2025-12-03 19:55:27 | INFO     | strategies.neural_hybrid | [DECISION] NO_TRADE | Pattern weak (0.35) | Conf: 0.00
2025-12-03 19:55:28 | INFO     | strategies.neural_hybrid | [DECISION] NO_TRADE | Pattern weak (0.35) | Conf: 0.00
2025-12-03 19:55:28 | INFO     | strategies.neural_hybrid | [DECISION] NO_TRADE | Pattern weak (0.35) | Conf: 0.00
2025-12-03 19:55:28 | INFO     | strategies.neural_hybrid | [DECISION] NO_TRADE | Pattern weak (0.35) | Conf: 0.00
2025-12-03 19:55:29 | INFO     | strategies.neural_hybrid | [DECISION] NO_TRADE | Pattern weak (0.35) | Conf: 0.00
2025-12-03 19:55:29 | INFO     | strategies.neural_hybrid | [DECISION] NO_TRADE | Pattern weak (0.36) | Conf: 0.00
2025-12-03 19:55:29 | INFO     | strategies.neural_hybrid | [DECISION] NO_TRADE | Pattern weak (0.35) | Conf: 0.00
2025-12-03 19:55:30 | INFO     | strategies.neural_hybrid | [DECISION] NO_TRADE | Pattern weak (0.36) | Conf: 0.00
2025-12-03 19:55:30 | INFO     | strategies.neural_hybrid | [DECISION] NO_TRADE | Pattern weak (0.35) | Conf: 0.00
2025-12-03 19:55:30 | INFO     | strategies.neural_hybrid | [DECISION] NO_TRADE | Pattern weak (0.36) | Conf: 0.00
2025-12-03 19:55:31 | INFO     | strategies.neural_hybrid | [DECISION] NO_TRADE | Pattern weak (0.36) | Conf: 0.00
2025-12-03 19:55:31 | INFO     | strategies.neural_hybrid | [DECISION] NO_TRADE | Pattern weak (0.36) | Conf: 0.00
2025-12-03 19:55:31 | INFO     | strategies.neural_hybrid | [DECISION] NO_TRADE | Pattern weak (0.36) | Conf: 0.00
2025-12-03 19:55:32 | INFO     | strategies.neural_hybrid | [DECISION] NO_TRADE | Pattern weak (0.36) | Conf: 0.00
2025-12-03 19:55:32 | INFO     | strategies.neural_hybrid | [DECISION] NO_TRADE | Pattern weak (0.36) | Conf: 0.00
2025-12-03 19:55:32 | INFO     | strategies.neural_hybrid | [DECISION] NO_TRADE | Pattern weak (0.36) | Conf: 0.00
2025-12-03 19:55:33 | INFO     | strategies.neural_hybrid | [DECISION] NO_TRADE | Pattern weak (0.35) | Conf: 0.00
2025-12-03 19:55:33 | INFO     | strategies.neural_hybrid | [DECISION] NO_TRADE | Pattern weak (0.36) | Conf: 0.00
2025-12-03 19:55:33 | INFO     | strategies.neural_hybrid | [DECISION] NO_TRADE | Pattern weak (0.35) | Conf: 0.00
2025-12-03 19:55:34 | INFO     | strategies.neural_hybrid | [DECISION] NO_TRADE | Pattern weak (0.35) | Conf: 0.00
2025-12-03 19:55:34 | INFO     | strategies.neural_hybrid | [DECISION] NO_TRADE | Pattern weak (0.36) | Conf: 0.00
2025-12-03 19:55:34 | INFO     | strategies.neural_hybrid | [DECISION] NO_TRADE | Pattern weak (0.35) | Conf: 0.00
2025-12-03 19:55:35 | INFO     | strategies.neural_hybrid | [DECISION] NO_TRADE | Pattern weak (0.35) | Conf: 0.00
2025-12-03 19:55:35 | INFO     | strategies.neural_hybrid | [DECISION] NO_TRADE | Pattern weak (0.36) | Conf: 0.00
2025-12-03 19:55:35 | INFO     | strategies.neural_hybrid | [DECISION] NO_TRADE | Pattern weak (0.35) | Conf: 0.00
2025-12-03 19:55:35 | INFO     | strategies.neural_hybrid | [DECISION] NO_TRADE | Pattern weak (0.36) | Conf: 0.00
2025-12-03 19:55:36 | INFO     | strategies.neural_hybrid | [DECISION] NO_TRADE | Pattern weak (0.36) | Conf: 0.00
2025-12-03 19:55:36 | INFO     | strategies.neural_hybrid | [DECISION] NO_TRADE | Pattern weak (0.35) | Conf: 0.00
2025-12-03 19:55:36 | INFO     | strategies.neural_hybrid | [DECISION] NO_TRADE | Pattern weak (0.36) | Conf: 0.00
2025-12-03 19:55:37 | INFO     | strategies.neural_hybrid | [DECISION] NO_TRADE | Pattern weak (0.36) | Conf: 0.00
2025-12-03 19:55:37 | INFO     | strategies.neural_hybrid | [DECISION] NO_TRADE | Pattern weak (0.36) | Conf: 0.00
2025-12-03 19:55:37 | INFO     | strategies.neural_hybrid | [DECISION] NO_TRADE | Pattern weak (0.36) | Conf: 0.00
2025-12-03 19:55:37 | INFO     | strategies.neural_hybrid | [DECISION] NO_TRADE | Pattern weak (0.35) | Conf: 0.00
2025-12-03 19:55:38 | INFO     | strategies.neural_hybrid | [DECISION] NO_TRADE | Pattern weak (0.36) | Conf: 0.00
2025-12-03 19:55:38 | INFO     | strategies.neural_hybrid | [DECISION] NO_TRADE | Pattern weak (0.36) | Conf: 0.00
2025-12-03 19:55:38 | INFO     | strategies.neural_hybrid | [DECISION] NO_TRADE | Pattern weak (0.37) | Conf: 0.00
2025-12-03 19:55:38 | INFO     | strategies.neural_hybrid | [DECISION] NO_TRADE | Pattern weak (0.36) | Conf: 0.00
2025-12-03 19:55:39 | INFO     | strategies.neural_hybrid | [DECISION] NO_TRADE | Pattern weak (0.36) | Conf: 0.00
2025-12-03 19:55:39 | INFO     | strategies.neural_hybrid | [DECISION] NO_TRADE | Pattern weak (0.37) | Conf: 0.00
2025-12-03 19:55:39 | INFO     | strategies.neural_hybrid | [DECISION] NO_TRADE | Pattern weak (0.36) | Conf: 0.00
2025-12-03 19:55:40 | INFO     | strategies.neural_hybrid | [DECISION] NO_TRADE | Pattern weak (0.35) | Conf: 0.00
2025-12-03 19:55:40 | INFO     | strategies.neural_hybrid | [DECISION] NO_TRADE | Pattern weak (0.35) | Conf: 0.00
2025-12-03 19:55:40 | INFO     | strategies.neural_hybrid | [DECISION] NO_TRADE | Pattern weak (0.34) | Conf: 0.00
2025-12-03 19:55:40 | INFO     | strategies.neural_hybrid | [DECISION] NO_TRADE | Pattern weak (0.35) | Conf: 0.00
2025-12-03 19:55:41 | INFO     | strategies.neural_hybrid | [DECISION] NO_TRADE | Pattern weak (0.35) | Conf: 0.00
2025-12-03 19:55:41 | INFO     | strategies.neural_hybrid | [DECISION] NO_TRADE | Pattern weak (0.36) | Conf: 0.00
2025-12-03 19:55:41 | INFO     | strategies.neural_hybrid | [DECISION] NO_TRADE | Pattern weak (0.36) | Conf: 0.00
2025-12-03 19:55:41 | INFO     | strategies.neural_hybrid | [DECISION] NO_TRADE | Pattern weak (0.35) | Conf: 0.00
2025-12-03 19:55:42 | INFO     | strategies.neural_hybrid | [DECISION] NO_TRADE | Pattern weak (0.35) | Conf: 0.00
2025-12-03 19:55:42 | INFO     | strategies.neural_hybrid | [DECISION] NO_TRADE | Pattern weak (0.37) | Conf: 0.00
2025-12-03 19:55:42 | INFO     | strategies.neural_hybrid | [DECISION] NO_TRADE | Pattern weak (0.36) | Conf: 0.00
2025-12-03 19:55:43 | INFO     | strategies.neural_hybrid | [DECISION] NO_TRADE | Pattern weak (0.37) | Conf: 0.00
2025-12-03 19:55:43 | INFO     | strategies.neural_hybrid | [DECISION] NO_TRADE | Pattern weak (0.37) | Conf: 0.00
2025-12-03 19:55:43 | INFO     | strategies.neural_hybrid | [DECISION] NO_TRADE | Pattern weak (0.36) | Conf: 0.00
2025-12-03 19:55:43 | INFO     | strategies.neural_hybrid | [DECISION] NO_TRADE | Pattern weak (0.37) | Conf: 0.00
2025-12-03 19:55:44 | INFO     | strategies.neural_hybrid | [DECISION] NO_TRADE | Pattern weak (0.37) | Conf: 0.00
2025-12-03 19:55:44 | INFO     | strategies.neural_hybrid | [DECISION] NO_TRADE | Pattern weak (0.37) | Conf: 0.00
2025-12-03 19:55:44 | INFO     | strategies.neural_hybrid | [DECISION] NO_TRADE | Pattern weak (0.37) | Conf: 0.00
2025-12-03 19:55:44 | INFO     | strategies.neural_hybrid | [DECISION] NO_TRADE | Pattern weak (0.37) | Conf: 0.00
2025-12-03 19:55:45 | INFO     | strategies.neural_hybrid | [DECISION] NO_TRADE | Pattern weak (0.37) | Conf: 0.00
2025-12-03 19:55:45 | INFO     | strategies.neural_hybrid | [DECISION] NO_TRADE | Pattern weak (0.36) | Conf: 0.00
2025-12-03 19:55:45 | INFO     | strategies.neural_hybrid | [DECISION] NO_TRADE | Pattern weak (0.37) | Conf: 0.00
2025-12-03 19:55:46 | INFO     | strategies.neural_hybrid | [DECISION] NO_TRADE | Pattern weak (0.37) | Conf: 0.00
2025-12-03 19:55:46 | INFO     | strategies.neural_hybrid | [DECISION] NO_TRADE | Pattern weak (0.37) | Conf: 0.00
2025-12-03 19:55:46 | INFO     | strategies.neural_hybrid | [DECISION] NO_TRADE | Pattern weak (0.35) | Conf: 0.00
2025-12-03 19:55:46 | INFO     | strategies.neural_hybrid | [DECISION] NO_TRADE | Pattern weak (0.34) | Conf: 0.00
2025-12-03 19:55:47 | INFO     | strategies.neural_hybrid | [DECISION] NO_TRADE | Pattern weak (0.34) | Conf: 0.00
2025-12-03 19:55:47 | INFO     | strategies.neural_hybrid | [DECISION] NO_TRADE | Pattern weak (0.34) | Conf: 0.00
2025-12-03 19:55:47 | INFO     | strategies.neural_hybrid | [DECISION] NO_TRADE | Pattern weak (0.34) | Conf: 0.00
2025-12-03 19:55:47 | INFO     | strategies.neural_hybrid | [DECISION] NO_TRADE | Pattern weak (0.34) | Conf: 0.00
2025-12-03 19:55:48 | INFO     | strategies.neural_hybrid | [DECISION] NO_TRADE | Pattern weak (0.34) | Conf: 0.00
2025-12-03 19:55:48 | INFO     | strategies.neural_hybrid | [DECISION] NO_TRADE | Pattern weak (0.35) | Conf: 0.00
2025-12-03 19:55:48 | INFO     | strategies.neural_hybrid | [DECISION] NO_TRADE | Pattern weak (0.35) | Conf: 0.00
2025-12-03 19:55:49 | INFO     | strategies.neural_hybrid | [DECISION] NO_TRADE | Pattern weak (0.35) | Conf: 0.00
2025-12-03 19:55:49 | INFO     | strategies.neural_hybrid | [DECISION] NO_TRADE | Pattern weak (0.35) | Conf: 0.00
2025-12-03 19:55:49 | INFO     | strategies.neural_hybrid | [DECISION] NO_TRADE | Pattern weak (0.35) | Conf: 0.00
2025-12-03 19:55:49 | INFO     | strategies.neural_hybrid | [DECISION] NO_TRADE | Pattern weak (0.36) | Conf: 0.00
2025-12-03 19:55:50 | INFO     | strategies.neural_hybrid | [DECISION] NO_TRADE | Pattern weak (0.35) | Conf: 0.00
2025-12-03 19:55:50 | INFO     | strategies.neural_hybrid | [DECISION] NO_TRADE | Pattern weak (0.36) | Conf: 0.00
2025-12-03 19:55:50 | INFO     | strategies.neural_hybrid | [DECISION] NO_TRADE | Pattern weak (0.37) | Conf: 0.00
2025-12-03 19:55:50 | INFO     | strategies.neural_hybrid | [DECISION] NO_TRADE | Pattern weak (0.37) | Conf: 0.00
2025-12-03 19:55:51 | INFO     | strategies.neural_hybrid | [DECISION] NO_TRADE | Pattern weak (0.36) | Conf: 0.00
2025-12-03 19:55:51 | INFO     | strategies.neural_hybrid | [DECISION] NO_TRADE | Pattern weak (0.37) | Conf: 0.00
2025-12-03 19:55:51 | INFO     | strategies.neural_hybrid | [DECISION] NO_TRADE | Pattern weak (0.37) | Conf: 0.00
2025-12-03 19:55:52 | INFO     | strategies.neural_hybrid | [DECISION] NO_TRADE | Pattern weak (0.37) | Conf: 0.00
2025-12-03 19:55:52 | INFO     | strategies.neural_hybrid | [DECISION] NO_TRADE | Pattern weak (0.36) | Conf: 0.00
2025-12-03 19:55:52 | INFO     | strategies.neural_hybrid | [DECISION] NO_TRADE | Pattern weak (0.37) | Conf: 0.00
2025-12-03 19:55:52 | INFO     | strategies.neural_hybrid | [DECISION] NO_TRADE | Pattern weak (0.36) | Conf: 0.00
2025-12-03 19:55:53 | INFO     | strategies.neural_hybrid | [DECISION] NO_TRADE | Pattern weak (0.37) | Conf: 0.00
2025-12-03 19:55:53 | INFO     | strategies.neural_hybrid | [DECISION] NO_TRADE | Pattern weak (0.37) | Conf: 0.00
2025-12-03 19:55:53 | INFO     | strategies.neural_hybrid | [DECISION] NO_TRADE | Pattern weak (0.38) | Conf: 0.00
2025-12-03 19:55:53 | INFO     | strategies.neural_hybrid | [DECISION] NO_TRADE | Pattern weak (0.37) | Conf: 0.00
2025-12-03 19:55:54 | INFO     | strategies.neural_hybrid | [DECISION] NO_TRADE | Pattern weak (0.38) | Conf: 0.00
2025-12-03 19:55:54 | INFO     | strategies.neural_hybrid | [DECISION] NO_TRADE | Pattern weak (0.37) | Conf: 0.00
2025-12-03 19:55:54 | INFO     | strategies.neural_hybrid | [DECISION] NO_TRADE | Pattern weak (0.35) | Conf: 0.00
2025-12-03 19:55:55 | INFO     | strategies.neural_hybrid | [DECISION] NO_TRADE | Pattern weak (0.35) | Conf: 0.00
2025-12-03 19:55:55 | INFO     | strategies.neural_hybrid | [DECISION] NO_TRADE | Pattern weak (0.35) | Conf: 0.00
2025-12-03 19:55:55 | INFO     | strategies.neural_hybrid | [DECISION] NO_TRADE | Pattern weak (0.36) | Conf: 0.00
2025-12-03 19:55:55 | INFO     | strategies.neural_hybrid | [DECISION] NO_TRADE | Pattern weak (0.35) | Conf: 0.00
2025-12-03 19:55:56 | INFO     | strategies.neural_hybrid | [DECISION] NO_TRADE | Pattern weak (0.35) | Conf: 0.00
2025-12-03 19:55:56 | INFO     | strategies.neural_hybrid | [DECISION] NO_TRADE | Pattern weak (0.35) | Conf: 0.00
2025-12-03 19:55:56 | INFO     | strategies.neural_hybrid | [DECISION] NO_TRADE | Pattern weak (0.36) | Conf: 0.00
2025-12-03 19:55:57 | INFO     | strategies.neural_hybrid | [DECISION] NO_TRADE | Pattern weak (0.36) | Conf: 0.00
2025-12-03 19:55:57 | INFO     | strategies.neural_hybrid | [DECISION] NO_TRADE | Pattern weak (0.37) | Conf: 0.00
2025-12-03 19:55:57 | INFO     | strategies.neural_hybrid | [DECISION] NO_TRADE | Pattern weak (0.36) | Conf: 0.00
2025-12-03 19:55:57 | INFO     | strategies.neural_hybrid | [DECISION] NO_TRADE | Pattern weak (0.36) | Conf: 0.00
2025-12-03 19:55:58 | INFO     | strategies.neural_hybrid | [DECISION] NO_TRADE | Pattern weak (0.37) | Conf: 0.00
2025-12-03 19:55:58 | INFO     | strategies.neural_hybrid | [DECISION] NO_TRADE | Pattern weak (0.37) | Conf: 0.00
2025-12-03 19:55:58 | INFO     | strategies.neural_hybrid | [DECISION] NO_TRADE | Pattern weak (0.36) | Conf: 0.00
2025-12-03 19:55:58 | INFO     | strategies.neural_hybrid | [DECISION] NO_TRADE | Pattern weak (0.35) | Conf: 0.00
2025-12-03 19:55:59 | INFO     | strategies.neural_hybrid | [DECISION] NO_TRADE | Pattern weak (0.34) | Conf: 0.00
2025-12-03 19:55:59 | INFO     | strategies.neural_hybrid | [DECISION] NO_TRADE | Pattern weak (0.32) | Conf: 0.00
2025-12-03 19:55:59 | INFO     | strategies.neural_hybrid | [DECISION] NO_TRADE | Pattern weak (0.33) | Conf: 0.00
2025-12-03 19:55:59 | INFO     | strategies.neural_hybrid | [DECISION] NO_TRADE | Pattern weak (0.33) | Conf: 0.00
2025-12-03 19:56:00 | INFO     | strategies.neural_hybrid | [DECISION] NO_TRADE | Pattern weak (0.34) | Conf: 0.00
2025-12-03 19:56:00 | INFO     | strategies.neural_hybrid | [DECISION] NO_TRADE | Pattern weak (0.34) | Conf: 0.00
2025-12-03 19:56:00 | INFO     | strategies.neural_hybrid | [DECISION] NO_TRADE | Pattern weak (0.34) | Conf: 0.00
2025-12-03 19:56:01 | INFO     | strategies.neural_hybrid | [DECISION] NO_TRADE | Pattern weak (0.34) | Conf: 0.00
2025-12-03 19:56:01 | INFO     | strategies.neural_hybrid | [DECISION] NO_TRADE | Pattern weak (0.35) | Conf: 0.00
2025-12-03 19:56:01 | INFO     | strategies.neural_hybrid | [DECISION] NO_TRADE | Pattern weak (0.35) | Conf: 0.00
2025-12-03 19:56:01 | INFO     | strategies.neural_hybrid | [DECISION] NO_TRADE | Pattern weak (0.34) | Conf: 0.00
2025-12-03 19:56:02 | INFO     | strategies.neural_hybrid | [DECISION] NO_TRADE | Pattern weak (0.35) | Conf: 0.00
2025-12-03 19:56:02 | INFO     | strategies.neural_hybrid | [DECISION] NO_TRADE | Pattern weak (0.35) | Conf: 0.00
2025-12-03 19:56:02 | INFO     | strategies.neural_hybrid | [DECISION] NO_TRADE | Pattern weak (0.35) | Conf: 0.00
2025-12-03 19:56:03 | INFO     | strategies.neural_hybrid | [DECISION] NO_TRADE | Pattern weak (0.35) | Conf: 0.00
2025-12-03 19:56:03 | INFO     | strategies.neural_hybrid | [DECISION] NO_TRADE | Pattern weak (0.35) | Conf: 0.00
2025-12-03 19:56:03 | INFO     | strategies.neural_hybrid | [DECISION] NO_TRADE | Pattern weak (0.36) | Conf: 0.00
2025-12-03 19:56:03 | INFO     | strategies.neural_hybrid | [DECISION] NO_TRADE | Pattern weak (0.36) | Conf: 0.00
2025-12-03 19:56:04 | INFO     | strategies.neural_hybrid | [DECISION] NO_TRADE | Pattern weak (0.34) | Conf: 0.00
2025-12-03 19:56:04 | INFO     | strategies.neural_hybrid | [DECISION] NO_TRADE | Pattern weak (0.35) | Conf: 0.00
2025-12-03 19:56:04 | INFO     | strategies.neural_hybrid | [DECISION] NO_TRADE | Pattern weak (0.36) | Conf: 0.00
2025-12-03 19:56:04 | INFO     | strategies.neural_hybrid | [DECISION] NO_TRADE | Pattern weak (0.36) | Conf: 0.00
2025-12-03 19:56:05 | INFO     | strategies.neural_hybrid | [DECISION] NO_TRADE | Pattern weak (0.36) | Conf: 0.00
2025-12-03 19:56:05 | INFO     | strategies.neural_hybrid | [DECISION] NO_TRADE | Pattern weak (0.36) | Conf: 0.00
2025-12-03 19:56:05 | INFO     | strategies.neural_hybrid | [DECISION] NO_TRADE | Pattern weak (0.36) | Conf: 0.00
2025-12-03 19:56:06 | INFO     | strategies.neural_hybrid | [DECISION] NO_TRADE | Pattern weak (0.37) | Conf: 0.00
2025-12-03 19:56:06 | INFO     | strategies.neural_hybrid | [DECISION] NO_TRADE | Pattern weak (0.37) | Conf: 0.00
2025-12-03 19:56:06 | INFO     | strategies.neural_hybrid | [DECISION] NO_TRADE | Pattern weak (0.36) | Conf: 0.00
2025-12-03 19:56:06 | INFO     | strategies.neural_hybrid | [DECISION] NO_TRADE | Pattern weak (0.37) | Conf: 0.00
2025-12-03 19:56:07 | INFO     | strategies.neural_hybrid | [DECISION] NO_TRADE | Pattern weak (0.37) | Conf: 0.00
2025-12-03 19:56:07 | INFO     | strategies.neural_hybrid | [DECISION] NO_TRADE | Pattern weak (0.37) | Conf: 0.00
2025-12-03 19:56:07 | INFO     | strategies.neural_hybrid | [DECISION] NO_TRADE | Pattern weak (0.38) | Conf: 0.00
2025-12-03 19:56:07 | INFO     | strategies.neural_hybrid | [DECISION] NO_TRADE | Pattern weak (0.37) | Conf: 0.00
2025-12-03 19:56:08 | INFO     | strategies.neural_hybrid | [DECISION] NO_TRADE | Pattern weak (0.36) | Conf: 0.00
2025-12-03 19:56:08 | INFO     | strategies.neural_hybrid | [DECISION] NO_TRADE | Pattern weak (0.35) | Conf: 0.00
2025-12-03 19:56:08 | INFO     | strategies.neural_hybrid | [DECISION] NO_TRADE | Pattern weak (0.35) | Conf: 0.00
2025-12-03 19:56:09 | INFO     | strategies.neural_hybrid | [DECISION] NO_TRADE | Pattern weak (0.36) | Conf: 0.00
2025-12-03 19:56:09 | INFO     | strategies.neural_hybrid | [DECISION] NO_TRADE | Pattern weak (0.36) | Conf: 0.00
2025-12-03 19:56:09 | INFO     | strategies.neural_hybrid | [DECISION] NO_TRADE | Pattern weak (0.37) | Conf: 0.00
2025-12-03 19:56:09 | INFO     | strategies.neural_hybrid | [DECISION] NO_TRADE | Pattern weak (0.36) | Conf: 0.00
2025-12-03 19:56:10 | INFO     | strategies.neural_hybrid | [DECISION] NO_TRADE | Pattern weak (0.36) | Conf: 0.00
2025-12-03 19:56:10 | INFO     | strategies.neural_hybrid | [DECISION] NO_TRADE | Pattern weak (0.36) | Conf: 0.00
2025-12-03 19:56:10 | INFO     | strategies.neural_hybrid | [DECISION] NO_TRADE | Pattern weak (0.36) | Conf: 0.00
2025-12-03 19:56:10 | INFO     | strategies.neural_hybrid | [DECISION] NO_TRADE | Pattern weak (0.36) | Conf: 0.00
2025-12-03 19:56:11 | INFO     | strategies.neural_hybrid | [DECISION] NO_TRADE | Pattern weak (0.36) | Conf: 0.00
2025-12-03 19:56:11 | INFO     | strategies.neural_hybrid | [DECISION] NO_TRADE | Pattern weak (0.36) | Conf: 0.00
2025-12-03 19:56:11 | INFO     | strategies.neural_hybrid | [DECISION] NO_TRADE | Pattern weak (0.37) | Conf: 0.00
2025-12-03 19:56:12 | INFO     | strategies.neural_hybrid | [DECISION] NO_TRADE | Pattern weak (0.37) | Conf: 0.00
2025-12-03 19:56:12 | INFO     | strategies.neural_hybrid | [DECISION] NO_TRADE | Pattern weak (0.37) | Conf: 0.00
2025-12-03 19:56:12 | INFO     | strategies.neural_hybrid | [DECISION] NO_TRADE | Pattern weak (0.37) | Conf: 0.00
2025-12-03 19:56:12 | INFO     | strategies.neural_hybrid | [DECISION] NO_TRADE | Pattern weak (0.37) | Conf: 0.00
2025-12-03 19:56:13 | INFO     | strategies.neural_hybrid | [DECISION] NO_TRADE | Pattern weak (0.37) | Conf: 0.00
2025-12-03 19:56:13 | INFO     | strategies.neural_hybrid | [DECISION] NO_TRADE | Pattern weak (0.37) | Conf: 0.00
2025-12-03 19:56:13 | INFO     | strategies.neural_hybrid | [DECISION] NO_TRADE | Pattern weak (0.37) | Conf: 0.00
2025-12-03 19:56:13 | INFO     | strategies.neural_hybrid | [DECISION] NO_TRADE | Pattern weak (0.37) | Conf: 0.00
2025-12-03 19:56:14 | INFO     | strategies.neural_hybrid | [DECISION] NO_TRADE | Pattern weak (0.38) | Conf: 0.00
2025-12-03 19:56:14 | INFO     | strategies.neural_hybrid | [DECISION] NO_TRADE | Pattern weak (0.37) | Conf: 0.00
2025-12-03 19:56:14 | INFO     | strategies.neural_hybrid | [DECISION] NO_TRADE | Pattern weak (0.36) | Conf: 0.00
2025-12-03 19:56:15 | INFO     | strategies.neural_hybrid | [DECISION] NO_TRADE | Pattern weak (0.37) | Conf: 0.00
2025-12-03 19:56:15 | INFO     | strategies.neural_hybrid | [DECISION] NO_TRADE | Pattern weak (0.37) | Conf: 0.00
2025-12-03 19:56:15 | INFO     | strategies.neural_hybrid | [DECISION] NO_TRADE | Pattern weak (0.36) | Conf: 0.00
2025-12-03 19:56:15 | INFO     | strategies.neural_hybrid | [DECISION] NO_TRADE | Pattern weak (0.36) | Conf: 0.00
2025-12-03 19:56:16 | INFO     | strategies.neural_hybrid | [DECISION] NO_TRADE | Pattern weak (0.36) | Conf: 0.00
2025-12-03 19:56:16 | INFO     | strategies.neural_hybrid | [DECISION] NO_TRADE | Pattern weak (0.36) | Conf: 0.00
2025-12-03 19:56:16 | INFO     | strategies.neural_hybrid | [DECISION] NO_TRADE | Pattern weak (0.36) | Conf: 0.00
2025-12-03 19:56:16 | INFO     | strategies.neural_hybrid | [DECISION] NO_TRADE | Pattern weak (0.36) | Conf: 0.00
2025-12-03 19:56:17 | INFO     | strategies.neural_hybrid | [DECISION] NO_TRADE | Pattern weak (0.36) | Conf: 0.00
2025-12-03 19:56:17 | INFO     | strategies.neural_hybrid | [DECISION] NO_TRADE | Pattern weak (0.36) | Conf: 0.00
2025-12-03 19:56:17 | INFO     | strategies.neural_hybrid | [DECISION] NO_TRADE | Pattern weak (0.36) | Conf: 0.00
2025-12-03 19:56:18 | INFO     | strategies.neural_hybrid | [DECISION] NO_TRADE | Pattern weak (0.35) | Conf: 0.00
2025-12-03 19:56:18 | INFO     | strategies.neural_hybrid | [DECISION] NO_TRADE | Pattern weak (0.36) | Conf: 0.00
2025-12-03 19:56:18 | INFO     | strategies.neural_hybrid | [DECISION] NO_TRADE | Pattern weak (0.37) | Conf: 0.00
2025-12-03 19:56:18 | INFO     | strategies.neural_hybrid | [DECISION] NO_TRADE | Pattern weak (0.36) | Conf: 0.00
2025-12-03 19:56:19 | INFO     | strategies.neural_hybrid | [DECISION] NO_TRADE | Pattern weak (0.36) | Conf: 0.00
2025-12-03 19:56:19 | INFO     | strategies.neural_hybrid | [DECISION] NO_TRADE | Pattern weak (0.36) | Conf: 0.00
2025-12-03 19:56:19 | INFO     | strategies.neural_hybrid | [DECISION] NO_TRADE | Pattern weak (0.37) | Conf: 0.00
2025-12-03 19:56:19 | INFO     | strategies.neural_hybrid | [DECISION] NO_TRADE | Pattern weak (0.37) | Conf: 0.00
2025-12-03 19:56:20 | INFO     | strategies.neural_hybrid | [DECISION] NO_TRADE | Pattern weak (0.37) | Conf: 0.00
2025-12-03 19:56:20 | INFO     | strategies.neural_hybrid | [DECISION] NO_TRADE | Pattern weak (0.37) | Conf: 0.00
2025-12-03 19:56:20 | INFO     | strategies.neural_hybrid | [DECISION] NO_TRADE | Pattern weak (0.38) | Conf: 0.00
2025-12-03 19:56:21 | INFO     | strategies.neural_hybrid | [DECISION] NO_TRADE | Pattern weak (0.38) | Conf: 0.00
2025-12-03 19:56:21 | INFO     | strategies.neural_hybrid | [DECISION] NO_TRADE | Pattern weak (0.37) | Conf: 0.00
2025-12-03 19:56:21 | INFO     | strategies.neural_hybrid | [DECISION] NO_TRADE | Pattern weak (0.36) | Conf: 0.00
2025-12-03 19:56:21 | INFO     | strategies.neural_hybrid | [DECISION] NO_TRADE | Pattern weak (0.36) | Conf: 0.00
2025-12-03 19:56:22 | INFO     | strategies.neural_hybrid | [DECISION] NO_TRADE | Pattern weak (0.36) | Conf: 0.00
2025-12-03 19:56:22 | INFO     | strategies.neural_hybrid | [DECISION] NO_TRADE | Pattern weak (0.36) | Conf: 0.00
2025-12-03 19:56:22 | INFO     | strategies.neural_hybrid | [DECISION] NO_TRADE | Pattern weak (0.35) | Conf: 0.00
2025-12-03 19:56:22 | INFO     | strategies.neural_hybrid | [DECISION] NO_TRADE | Pattern weak (0.35) | Conf: 0.00
2025-12-03 19:56:23 | INFO     | strategies.neural_hybrid | [DECISION] NO_TRADE | Pattern weak (0.36) | Conf: 0.00
2025-12-03 19:56:23 | INFO     | strategies.neural_hybrid | [DECISION] NO_TRADE | Pattern weak (0.36) | Conf: 0.00
2025-12-03 19:56:23 | INFO     | strategies.neural_hybrid | [DECISION] NO_TRADE | Pattern weak (0.36) | Conf: 0.00
2025-12-03 19:56:24 | INFO     | strategies.neural_hybrid | [DECISION] NO_TRADE | Pattern weak (0.36) | Conf: 0.00
2025-12-03 19:56:24 | INFO     | strategies.neural_hybrid | [DECISION] NO_TRADE | Pattern weak (0.36) | Conf: 0.00
2025-12-03 19:56:24 | INFO     | strategies.neural_hybrid | [DECISION] NO_TRADE | Pattern weak (0.36) | Conf: 0.00
2025-12-03 19:56:24 | INFO     | strategies.neural_hybrid | [DECISION] NO_TRADE | Pattern weak (0.36) | Conf: 0.00
2025-12-03 19:56:25 | INFO     | strategies.neural_hybrid | [DECISION] NO_TRADE | Pattern weak (0.37) | Conf: 0.00
2025-12-03 19:56:25 | INFO     | strategies.neural_hybrid | [DECISION] NO_TRADE | Pattern weak (0.37) | Conf: 0.00
2025-12-03 19:56:25 | INFO     | strategies.neural_hybrid | [DECISION] NO_TRADE | Pattern weak (0.37) | Conf: 0.00
2025-12-03 19:56:25 | INFO     | strategies.neural_hybrid | [DECISION] NO_TRADE | Pattern weak (0.37) | Conf: 0.00
2025-12-03 19:56:26 | INFO     | strategies.neural_hybrid | [DECISION] NO_TRADE | Pattern weak (0.37) | Conf: 0.00
2025-12-03 19:56:26 | INFO     | strategies.neural_hybrid | [DECISION] NO_TRADE | Pattern weak (0.38) | Conf: 0.00
2025-12-03 19:56:26 | INFO     | strategies.neural_hybrid | [DECISION] NO_TRADE | Pattern weak (0.38) | Conf: 0.00
2025-12-03 19:56:27 | INFO     | strategies.neural_hybrid | [DECISION] NO_TRADE | Pattern weak (0.37) | Conf: 0.00
2025-12-03 19:56:27 | INFO     | strategies.neural_hybrid | [DECISION] NO_TRADE | Pattern weak (0.38) | Conf: 0.00
2025-12-03 19:56:27 | INFO     | strategies.neural_hybrid | [DECISION] NO_TRADE | Pattern weak (0.38) | Conf: 0.00
2025-12-03 19:56:27 | INFO     | strategies.neural_hybrid | [DECISION] NO_TRADE | Pattern weak (0.38) | Conf: 0.00
2025-12-03 19:56:28 | INFO     | strategies.neural_hybrid | [DECISION] NO_TRADE | Pattern weak (0.37) | Conf: 0.00
2025-12-03 19:56:28 | INFO     | strategies.neural_hybrid | [DECISION] NO_TRADE | Pattern weak (0.38) | Conf: 0.00
2025-12-03 19:56:28 | INFO     | strategies.neural_hybrid | [DECISION] NO_TRADE | Pattern weak (0.38) | Conf: 0.00
2025-12-03 19:56:28 | INFO     | strategies.neural_hybrid | [DECISION] NO_TRADE | Pattern weak (0.37) | Conf: 0.00
2025-12-03 19:56:29 | INFO     | strategies.neural_hybrid | [DECISION] NO_TRADE | Pattern weak (0.37) | Conf: 0.00
2025-12-03 19:56:29 | INFO     | strategies.neural_hybrid | [DECISION] NO_TRADE | Pattern weak (0.37) | Conf: 0.00
2025-12-03 19:56:29 | INFO     | strategies.neural_hybrid | [DECISION] NO_TRADE | Pattern weak (0.37) | Conf: 0.00
2025-12-03 19:56:29 | INFO     | strategies.neural_hybrid | [DECISION] NO_TRADE | Pattern weak (0.37) | Conf: 0.00
2025-12-03 19:56:30 | INFO     | strategies.neural_hybrid | [DECISION] NO_TRADE | Pattern weak (0.37) | Conf: 0.00
2025-12-03 19:56:30 | INFO     | strategies.neural_hybrid | [DECISION] NO_TRADE | Pattern weak (0.37) | Conf: 0.00
2025-12-03 19:56:30 | INFO     | strategies.neural_hybrid | [DECISION] NO_TRADE | Pattern weak (0.37) | Conf: 0.00
2025-12-03 19:56:31 | INFO     | strategies.neural_hybrid | [DECISION] NO_TRADE | Pattern weak (0.36) | Conf: 0.00
2025-12-03 19:56:31 | INFO     | strategies.neural_hybrid | [DECISION] NO_TRADE | Pattern weak (0.37) | Conf: 0.00
2025-12-03 19:56:31 | INFO     | strategies.neural_hybrid | [DECISION] NO_TRADE | Pattern weak (0.37) | Conf: 0.00
2025-12-03 19:56:31 | INFO     | strategies.neural_hybrid | [DECISION] NO_TRADE | Pattern weak (0.37) | Conf: 0.00
2025-12-03 19:56:32 | INFO     | strategies.neural_hybrid | [DECISION] NO_TRADE | Pattern weak (0.37) | Conf: 0.00
2025-12-03 19:56:32 | INFO     | strategies.neural_hybrid | [DECISION] NO_TRADE | Pattern weak (0.37) | Conf: 0.00
2025-12-03 19:56:32 | INFO     | strategies.neural_hybrid | [DECISION] NO_TRADE | Pattern weak (0.37) | Conf: 0.00
2025-12-03 19:56:32 | INFO     | strategies.neural_hybrid | [DECISION] NO_TRADE | Pattern weak (0.38) | Conf: 0.00
2025-12-03 19:56:33 | INFO     | strategies.neural_hybrid | [DECISION] NO_TRADE | Pattern weak (0.38) | Conf: 0.00
2025-12-03 19:56:33 | INFO     | strategies.neural_hybrid | [DECISION] NO_TRADE | Pattern weak (0.38) | Conf: 0.00
2025-12-03 19:56:33 | INFO     | strategies.neural_hybrid | [DECISION] NO_TRADE | Pattern weak (0.38) | Conf: 0.00
2025-12-03 19:56:34 | INFO     | strategies.neural_hybrid | [DECISION] NO_TRADE | Pattern weak (0.38) | Conf: 0.00
2025-12-03 19:56:34 | INFO     | strategies.neural_hybrid | [DECISION] NO_TRADE | Pattern weak (0.38) | Conf: 0.00
2025-12-03 19:56:34 | INFO     | strategies.neural_hybrid | [DECISION] NO_TRADE | Pattern weak (0.38) | Conf: 0.00
2025-12-03 19:56:34 | INFO     | strategies.neural_hybrid | [DECISION] NO_TRADE | Pattern weak (0.37) | Conf: 0.00
2025-12-03 19:56:35 | INFO     | strategies.neural_hybrid | [DECISION] NO_TRADE | Pattern weak (0.36) | Conf: 0.00
2025-12-03 19:56:35 | INFO     | strategies.neural_hybrid | [DECISION] NO_TRADE | Pattern weak (0.36) | Conf: 0.00
2025-12-03 19:56:35 | INFO     | strategies.neural_hybrid | [DECISION] NO_TRADE | Pattern weak (0.36) | Conf: 0.00
2025-12-03 19:56:36 | INFO     | strategies.neural_hybrid | [DECISION] NO_TRADE | Pattern weak (0.36) | Conf: 0.00
2025-12-03 19:56:36 | INFO     | strategies.neural_hybrid | [DECISION] NO_TRADE | Pattern weak (0.36) | Conf: 0.00
2025-12-03 19:56:36 | INFO     | strategies.neural_hybrid | [DECISION] NO_TRADE | Pattern weak (0.36) | Conf: 0.00
2025-12-03 19:56:36 | INFO     | strategies.neural_hybrid | [DECISION] NO_TRADE | Pattern weak (0.35) | Conf: 0.00
2025-12-03 19:56:37 | INFO     | strategies.neural_hybrid | [DECISION] NO_TRADE | Pattern weak (0.36) | Conf: 0.00
2025-12-03 19:56:37 | INFO     | strategies.neural_hybrid | [DECISION] NO_TRADE | Pattern weak (0.36) | Conf: 0.00
2025-12-03 19:56:37 | INFO     | strategies.neural_hybrid | [DECISION] NO_TRADE | Pattern weak (0.36) | Conf: 0.00
2025-12-03 19:56:37 | INFO     | strategies.neural_hybrid | [DECISION] NO_TRADE | Pattern weak (0.36) | Conf: 0.00
2025-12-03 19:56:38 | INFO     | strategies.neural_hybrid | [DECISION] NO_TRADE | Pattern weak (0.36) | Conf: 0.00
2025-12-03 19:56:38 | INFO     | strategies.neural_hybrid | [DECISION] NO_TRADE | Pattern weak (0.37) | Conf: 0.00
2025-12-03 19:56:38 | INFO     | strategies.neural_hybrid | [DECISION] NO_TRADE | Pattern weak (0.37) | Conf: 0.00
2025-12-03 19:56:39 | INFO     | strategies.neural_hybrid | [DECISION] NO_TRADE | Pattern weak (0.37) | Conf: 0.00
2025-12-03 19:56:39 | INFO     | strategies.neural_hybrid | [DECISION] NO_TRADE | Pattern weak (0.38) | Conf: 0.00
2025-12-03 19:56:39 | INFO     | strategies.neural_hybrid | [DECISION] NO_TRADE | Pattern weak (0.38) | Conf: 0.00
2025-12-03 19:56:39 | INFO     | strategies.neural_hybrid | [DECISION] NO_TRADE | Pattern weak (0.38) | Conf: 0.00
2025-12-03 19:56:40 | INFO     | strategies.neural_hybrid | [DECISION] NO_TRADE | Pattern weak (0.38) | Conf: 0.00
2025-12-03 19:56:40 | INFO     | strategies.neural_hybrid | [DECISION] NO_TRADE | Pattern weak (0.38) | Conf: 0.00
2025-12-03 19:56:40 | INFO     | strategies.neural_hybrid | [DECISION] NO_TRADE | Pattern weak (0.38) | Conf: 0.00
2025-12-03 19:56:40 | INFO     | strategies.neural_hybrid | [DECISION] NO_TRADE | Pattern weak (0.37) | Conf: 0.00
2025-12-03 19:56:41 | INFO     | strategies.neural_hybrid | [DECISION] NO_TRADE | Pattern weak (0.37) | Conf: 0.00
2025-12-03 19:56:41 | INFO     | strategies.neural_hybrid | [DECISION] NO_TRADE | Pattern weak (0.37) | Conf: 0.00
2025-12-03 19:56:41 | INFO     | strategies.neural_hybrid | [DECISION] NO_TRADE | Pattern weak (0.37) | Conf: 0.00
2025-12-03 19:56:42 | INFO     | strategies.neural_hybrid | [DECISION] NO_TRADE | Pattern weak (0.36) | Conf: 0.00
2025-12-03 19:56:42 | INFO     | strategies.neural_hybrid | [DECISION] NO_TRADE | Pattern weak (0.36) | Conf: 0.00
2025-12-03 19:56:42 | INFO     | strategies.neural_hybrid | [DECISION] NO_TRADE | Pattern weak (0.35) | Conf: 0.00
2025-12-03 19:56:42 | INFO     | strategies.neural_hybrid | [DECISION] NO_TRADE | Pattern weak (0.36) | Conf: 0.00
2025-12-03 19:56:43 | INFO     | strategies.neural_hybrid | [DECISION] NO_TRADE | Pattern weak (0.36) | Conf: 0.00
2025-12-03 19:56:43 | INFO     | strategies.neural_hybrid | [DECISION] NO_TRADE | Pattern weak (0.36) | Conf: 0.00
2025-12-03 19:56:43 | INFO     | strategies.neural_hybrid | [DECISION] NO_TRADE | Pattern weak (0.36) | Conf: 0.00
2025-12-03 19:56:43 | INFO     | strategies.neural_hybrid | [DECISION] NO_TRADE | Pattern weak (0.36) | Conf: 0.00
2025-12-03 19:56:44 | INFO     | strategies.neural_hybrid | [DECISION] NO_TRADE | Pattern weak (0.36) | Conf: 0.00
2025-12-03 19:56:44 | INFO     | strategies.neural_hybrid | [DECISION] NO_TRADE | Pattern weak (0.35) | Conf: 0.00
2025-12-03 19:56:44 | INFO     | strategies.neural_hybrid | [DECISION] NO_TRADE | Pattern weak (0.36) | Conf: 0.00
2025-12-03 19:56:45 | INFO     | strategies.neural_hybrid | [DECISION] NO_TRADE | Pattern weak (0.37) | Conf: 0.00
2025-12-03 19:56:45 | INFO     | strategies.neural_hybrid | [DECISION] NO_TRADE | Pattern weak (0.36) | Conf: 0.00
2025-12-03 19:56:45 | INFO     | strategies.neural_hybrid | [DECISION] NO_TRADE | Pattern weak (0.34) | Conf: 0.00
2025-12-03 19:56:45 | INFO     | strategies.neural_hybrid | [DECISION] NO_TRADE | Pattern weak (0.34) | Conf: 0.00
2025-12-03 19:56:46 | INFO     | strategies.neural_hybrid | [DECISION] NO_TRADE | Pattern weak (0.35) | Conf: 0.00
2025-12-03 19:56:46 | INFO     | strategies.neural_hybrid | [DECISION] NO_TRADE | Pattern weak (0.35) | Conf: 0.00
2025-12-03 19:56:46 | INFO     | strategies.neural_hybrid | [DECISION] NO_TRADE | Pattern weak (0.35) | Conf: 0.00
2025-12-03 19:56:46 | INFO     | strategies.neural_hybrid | [DECISION] NO_TRADE | Pattern weak (0.35) | Conf: 0.00
2025-12-03 19:56:47 | INFO     | strategies.neural_hybrid | [DECISION] NO_TRADE | Pattern weak (0.36) | Conf: 0.00
2025-12-03 19:56:47 | INFO     | strategies.neural_hybrid | [DECISION] NO_TRADE | Pattern weak (0.36) | Conf: 0.00
2025-12-03 19:56:47 | INFO     | strategies.neural_hybrid | [DECISION] NO_TRADE | Pattern weak (0.36) | Conf: 0.00
2025-12-03 19:56:48 | INFO     | strategies.neural_hybrid | [DECISION] NO_TRADE | Pattern weak (0.36) | Conf: 0.00
2025-12-03 19:56:48 | INFO     | strategies.neural_hybrid | [DECISION] NO_TRADE | Pattern weak (0.36) | Conf: 0.00
2025-12-03 19:56:48 | INFO     | strategies.neural_hybrid | [DECISION] NO_TRADE | Pattern weak (0.36) | Conf: 0.00
2025-12-03 19:56:48 | INFO     | strategies.neural_hybrid | [DECISION] NO_TRADE | Pattern weak (0.37) | Conf: 0.00
2025-12-03 19:56:49 | INFO     | strategies.neural_hybrid | [DECISION] NO_TRADE | Pattern weak (0.36) | Conf: 0.00
2025-12-03 19:56:49 | INFO     | strategies.neural_hybrid | [DECISION] NO_TRADE | Pattern weak (0.36) | Conf: 0.00
2025-12-03 19:56:49 | INFO     | strategies.neural_hybrid | [DECISION] NO_TRADE | Pattern weak (0.37) | Conf: 0.00
2025-12-03 19:56:49 | INFO     | strategies.neural_hybrid | [DECISION] NO_TRADE | Pattern weak (0.36) | Conf: 0.00
2025-12-03 19:56:50 | INFO     | strategies.neural_hybrid | [DECISION] NO_TRADE | Pattern weak (0.36) | Conf: 0.00
2025-12-03 19:56:50 | INFO     | strategies.neural_hybrid | [DECISION] NO_TRADE | Pattern weak (0.36) | Conf: 0.00
2025-12-03 19:56:50 | INFO     | strategies.neural_hybrid | [DECISION] NO_TRADE | Pattern weak (0.36) | Conf: 0.00
2025-12-03 19:56:51 | INFO     | strategies.neural_hybrid | [DECISION] NO_TRADE | Pattern weak (0.36) | Conf: 0.00
2025-12-03 19:56:51 | INFO     | strategies.neural_hybrid | [DECISION] NO_TRADE | Pattern weak (0.36) | Conf: 0.00
2025-12-03 19:56:51 | INFO     | strategies.neural_hybrid | [DECISION] NO_TRADE | Pattern weak (0.37) | Conf: 0.00
2025-12-03 19:56:51 | INFO     | strategies.neural_hybrid | [DECISION] NO_TRADE | Pattern weak (0.36) | Conf: 0.00
2025-12-03 19:56:52 | INFO     | strategies.neural_hybrid | [DECISION] NO_TRADE | Pattern weak (0.36) | Conf: 0.00
2025-12-03 19:56:52 | INFO     | strategies.neural_hybrid | [DECISION] NO_TRADE | Pattern weak (0.35) | Conf: 0.00
2025-12-03 19:56:52 | INFO     | strategies.neural_hybrid | [DECISION] NO_TRADE | Pattern weak (0.35) | Conf: 0.00
2025-12-03 19:56:52 | INFO     | strategies.neural_hybrid | [DECISION] NO_TRADE | Pattern weak (0.34) | Conf: 0.00
2025-12-03 19:56:53 | INFO     | strategies.neural_hybrid | [DECISION] NO_TRADE | Pattern weak (0.34) | Conf: 0.00
2025-12-03 19:56:53 | INFO     | strategies.neural_hybrid | [DECISION] NO_TRADE | Pattern weak (0.34) | Conf: 0.00
2025-12-03 19:56:53 | INFO     | strategies.neural_hybrid | [DECISION] NO_TRADE | Pattern weak (0.34) | Conf: 0.00
2025-12-03 19:56:53 | INFO     | strategies.neural_hybrid | [DECISION] NO_TRADE | Pattern weak (0.35) | Conf: 0.00
2025-12-03 19:56:54 | INFO     | strategies.neural_hybrid | [DECISION] NO_TRADE | Pattern weak (0.35) | Conf: 0.00
2025-12-03 19:56:54 | INFO     | strategies.neural_hybrid | [DECISION] NO_TRADE | Pattern weak (0.35) | Conf: 0.00
2025-12-03 19:56:54 | INFO     | strategies.neural_hybrid | [DECISION] NO_TRADE | Pattern weak (0.34) | Conf: 0.00
2025-12-03 19:56:55 | INFO     | strategies.neural_hybrid | [DECISION] NO_TRADE | Pattern weak (0.35) | Conf: 0.00
2025-12-03 19:56:55 | INFO     | strategies.neural_hybrid | [DECISION] NO_TRADE | Pattern weak (0.35) | Conf: 0.00
2025-12-03 19:56:55 | INFO     | strategies.neural_hybrid | [DECISION] NO_TRADE | Pattern weak (0.36) | Conf: 0.00
2025-12-03 19:56:55 | INFO     | strategies.neural_hybrid | [DECISION] NO_TRADE | Pattern weak (0.35) | Conf: 0.00
2025-12-03 19:56:56 | INFO     | strategies.neural_hybrid | [DECISION] NO_TRADE | Pattern weak (0.36) | Conf: 0.00
2025-12-03 19:56:56 | INFO     | strategies.neural_hybrid | [DECISION] NO_TRADE | Pattern weak (0.36) | Conf: 0.00
2025-12-03 19:56:56 | INFO     | strategies.neural_hybrid | [DECISION] NO_TRADE | Pattern weak (0.36) | Conf: 0.00
2025-12-03 19:56:56 | INFO     | strategies.neural_hybrid | [DECISION] NO_TRADE | Pattern weak (0.36) | Conf: 0.00
2025-12-03 19:56:57 | INFO     | strategies.neural_hybrid | [DECISION] NO_TRADE | Pattern weak (0.36) | Conf: 0.00
2025-12-03 19:56:57 | INFO     | strategies.neural_hybrid | [DECISION] NO_TRADE | Pattern weak (0.36) | Conf: 0.00
2025-12-03 19:56:57 | INFO     | strategies.neural_hybrid | [DECISION] NO_TRADE | Pattern weak (0.36) | Conf: 0.00
2025-12-03 19:56:58 | INFO     | strategies.neural_hybrid | [DECISION] NO_TRADE | Pattern weak (0.36) | Conf: 0.00
2025-12-03 19:56:58 | INFO     | strategies.neural_hybrid | [DECISION] NO_TRADE | Pattern weak (0.36) | Conf: 0.00
2025-12-03 19:56:58 | INFO     | strategies.neural_hybrid | [DECISION] NO_TRADE | Pattern weak (0.35) | Conf: 0.00
2025-12-03 19:56:58 | INFO     | strategies.neural_hybrid | [DECISION] NO_TRADE | Pattern weak (0.36) | Conf: 0.00
2025-12-03 19:56:59 | INFO     | strategies.neural_hybrid | [DECISION] NO_TRADE | Pattern weak (0.36) | Conf: 0.00
2025-12-03 19:56:59 | INFO     | strategies.neural_hybrid | [DECISION] NO_TRADE | Pattern weak (0.37) | Conf: 0.00
2025-12-03 19:56:59 | INFO     | strategies.neural_hybrid | [DECISION] NO_TRADE | Pattern weak (0.38) | Conf: 0.00
2025-12-03 19:56:59 | INFO     | strategies.neural_hybrid | [DECISION] NO_TRADE | Pattern weak (0.36) | Conf: 0.00
2025-12-03 19:57:00 | INFO     | strategies.neural_hybrid | [DECISION] NO_TRADE | Pattern weak (0.35) | Conf: 0.00
2025-12-03 19:57:00 | INFO     | strategies.neural_hybrid | [DECISION] NO_TRADE | Pattern weak (0.35) | Conf: 0.00
2025-12-03 19:57:00 | INFO     | strategies.neural_hybrid | [DECISION] NO_TRADE | Pattern weak (0.36) | Conf: 0.00
2025-12-03 19:57:01 | INFO     | strategies.neural_hybrid | [DECISION] NO_TRADE | Pattern weak (0.36) | Conf: 0.00
2025-12-03 19:57:01 | INFO     | strategies.neural_hybrid | [DECISION] NO_TRADE | Pattern weak (0.35) | Conf: 0.00
2025-12-03 19:57:01 | INFO     | strategies.neural_hybrid | [DECISION] NO_TRADE | Pattern weak (0.35) | Conf: 0.00
2025-12-03 19:57:01 | INFO     | strategies.neural_hybrid | [DECISION] NO_TRADE | Pattern weak (0.36) | Conf: 0.00
2025-12-03 19:57:02 | INFO     | strategies.neural_hybrid | [DECISION] NO_TRADE | Pattern weak (0.36) | Conf: 0.00
2025-12-03 19:57:02 | INFO     | strategies.neural_hybrid | [DECISION] NO_TRADE | Pattern weak (0.36) | Conf: 0.00
2025-12-03 19:57:02 | INFO     | strategies.neural_hybrid | [DECISION] NO_TRADE | Pattern weak (0.35) | Conf: 0.00
2025-12-03 19:57:02 | INFO     | strategies.neural_hybrid | [DECISION] NO_TRADE | Pattern weak (0.36) | Conf: 0.00
2025-12-03 19:57:03 | INFO     | strategies.neural_hybrid | [DECISION] NO_TRADE | Pattern weak (0.36) | Conf: 0.00
2025-12-03 19:57:03 | INFO     | strategies.neural_hybrid | [DECISION] NO_TRADE | Pattern weak (0.36) | Conf: 0.00
2025-12-03 19:57:03 | INFO     | strategies.neural_hybrid | [DECISION] NO_TRADE | Pattern weak (0.37) | Conf: 0.00
2025-12-03 19:57:04 | INFO     | strategies.neural_hybrid | [DECISION] NO_TRADE | Pattern weak (0.37) | Conf: 0.00
2025-12-03 19:57:04 | INFO     | strategies.neural_hybrid | [DECISION] NO_TRADE | Pattern weak (0.37) | Conf: 0.00
2025-12-03 19:57:04 | INFO     | strategies.neural_hybrid | [DECISION] NO_TRADE | Pattern weak (0.37) | Conf: 0.00
2025-12-03 19:57:04 | INFO     | strategies.neural_hybrid | [DECISION] NO_TRADE | Pattern weak (0.36) | Conf: 0.00
2025-12-03 19:57:05 | INFO     | strategies.neural_hybrid | [DECISION] NO_TRADE | Pattern weak (0.36) | Conf: 0.00
2025-12-03 19:57:05 | INFO     | strategies.neural_hybrid | [DECISION] NO_TRADE | Pattern weak (0.36) | Conf: 0.00
2025-12-03 19:57:05 | INFO     | strategies.neural_hybrid | [DECISION] NO_TRADE | Pattern weak (0.36) | Conf: 0.00
2025-12-03 19:57:05 | INFO     | strategies.neural_hybrid | [DECISION] NO_TRADE | Pattern weak (0.35) | Conf: 0.00
2025-12-03 19:57:06 | INFO     | strategies.neural_hybrid | [DECISION] NO_TRADE | Pattern weak (0.36) | Conf: 0.00
2025-12-03 19:57:06 | INFO     | strategies.neural_hybrid | [DECISION] NO_TRADE | Pattern weak (0.36) | Conf: 0.00
2025-12-03 19:57:06 | INFO     | strategies.neural_hybrid | [DECISION] NO_TRADE | Pattern weak (0.36) | Conf: 0.00
2025-12-03 19:57:06 | INFO     | strategies.neural_hybrid | [DECISION] NO_TRADE | Pattern weak (0.36) | Conf: 0.00
2025-12-03 19:57:07 | INFO     | strategies.neural_hybrid | [DECISION] NO_TRADE | Pattern weak (0.35) | Conf: 0.00
2025-12-03 19:57:07 | INFO     | strategies.neural_hybrid | [DECISION] NO_TRADE | Pattern weak (0.36) | Conf: 0.00
2025-12-03 19:57:07 | INFO     | strategies.neural_hybrid | [DECISION] NO_TRADE | Pattern weak (0.36) | Conf: 0.00
2025-12-03 19:57:08 | INFO     | strategies.neural_hybrid | [DECISION] NO_TRADE | Pattern weak (0.36) | Conf: 0.00
2025-12-03 19:57:08 | INFO     | strategies.neural_hybrid | [DECISION] NO_TRADE | Pattern weak (0.36) | Conf: 0.00
2025-12-03 19:57:08 | INFO     | strategies.neural_hybrid | [DECISION] NO_TRADE | Pattern weak (0.36) | Conf: 0.00
2025-12-03 19:57:08 | INFO     | strategies.neural_hybrid | [DECISION] NO_TRADE | Pattern weak (0.37) | Conf: 0.00
2025-12-03 19:57:09 | INFO     | strategies.neural_hybrid | [DECISION] NO_TRADE | Pattern weak (0.37) | Conf: 0.00
2025-12-03 19:57:09 | INFO     | strategies.neural_hybrid | [DECISION] NO_TRADE | Pattern weak (0.37) | Conf: 0.00
2025-12-03 19:57:09 | INFO     | strategies.neural_hybrid | [DECISION] NO_TRADE | Pattern weak (0.37) | Conf: 0.00
2025-12-03 19:57:10 | INFO     | strategies.neural_hybrid | [DECISION] NO_TRADE | Pattern weak (0.37) | Conf: 0.00
2025-12-03 19:57:10 | INFO     | strategies.neural_hybrid | [DECISION] NO_TRADE | Pattern weak (0.38) | Conf: 0.00
2025-12-03 19:57:10 | INFO     | strategies.neural_hybrid | [DECISION] NO_TRADE | Pattern weak (0.38) | Conf: 0.00
2025-12-03 19:57:10 | INFO     | strategies.neural_hybrid | [DECISION] NO_TRADE | Pattern weak (0.38) | Conf: 0.00
2025-12-03 19:57:11 | INFO     | strategies.neural_hybrid | [DECISION] NO_TRADE | Pattern weak (0.38) | Conf: 0.00
2025-12-03 19:57:11 | INFO     | strategies.neural_hybrid | [DECISION] NO_TRADE | Pattern weak (0.38) | Conf: 0.00
2025-12-03 19:57:11 | INFO     | strategies.neural_hybrid | [DECISION] NO_TRADE | Pattern weak (0.39) | Conf: 0.00
2025-12-03 19:57:11 | INFO     | strategies.neural_hybrid | [DECISION] NO_TRADE | Pattern weak (0.39) | Conf: 0.00
2025-12-03 19:57:12 | INFO     | strategies.neural_hybrid | [DECISION] NO_TRADE | Pattern weak (0.38) | Conf: 0.00
2025-12-03 19:57:12 | INFO     | strategies.neural_hybrid | [DECISION] NO_TRADE | Pattern weak (0.38) | Conf: 0.00
2025-12-03 19:57:12 | INFO     | strategies.neural_hybrid | [DECISION] NO_TRADE | Pattern weak (0.38) | Conf: 0.00
2025-12-03 19:57:12 | INFO     | strategies.neural_hybrid | [DECISION] NO_TRADE | Pattern weak (0.37) | Conf: 0.00
2025-12-03 19:57:13 | INFO     | strategies.neural_hybrid | [DECISION] NO_TRADE | Pattern weak (0.35) | Conf: 0.00
2025-12-03 19:57:13 | INFO     | strategies.neural_hybrid | [DECISION] NO_TRADE | Pattern weak (0.35) | Conf: 0.00
2025-12-03 19:57:13 | INFO     | strategies.neural_hybrid | [DECISION] NO_TRADE | Pattern weak (0.35) | Conf: 0.00
2025-12-03 19:57:14 | INFO     | strategies.neural_hybrid | [DECISION] NO_TRADE | Pattern weak (0.36) | Conf: 0.00
2025-12-03 19:57:14 | INFO     | strategies.neural_hybrid | [DECISION] NO_TRADE | Pattern weak (0.36) | Conf: 0.00
2025-12-03 19:57:14 | INFO     | strategies.neural_hybrid | [DECISION] NO_TRADE | Pattern weak (0.36) | Conf: 0.00
2025-12-03 19:57:14 | INFO     | strategies.neural_hybrid | [DECISION] NO_TRADE | Pattern weak (0.36) | Conf: 0.00
2025-12-03 19:57:15 | INFO     | strategies.neural_hybrid | [DECISION] NO_TRADE | Pattern weak (0.37) | Conf: 0.00
2025-12-03 19:57:15 | INFO     | strategies.neural_hybrid | [DECISION] NO_TRADE | Pattern weak (0.36) | Conf: 0.00
2025-12-03 19:57:15 | INFO     | strategies.neural_hybrid | [DECISION] NO_TRADE | Pattern weak (0.37) | Conf: 0.00
2025-12-03 19:57:16 | INFO     | strategies.neural_hybrid | [DECISION] NO_TRADE | Pattern weak (0.36) | Conf: 0.00
2025-12-03 19:57:16 | INFO     | strategies.neural_hybrid | [DECISION] NO_TRADE | Pattern weak (0.37) | Conf: 0.00
2025-12-03 19:57:16 | INFO     | strategies.neural_hybrid | [DECISION] NO_TRADE | Pattern weak (0.37) | Conf: 0.00
2025-12-03 19:57:16 | INFO     | strategies.neural_hybrid | [DECISION] NO_TRADE | Pattern weak (0.36) | Conf: 0.00
2025-12-03 19:57:17 | INFO     | strategies.neural_hybrid | [DECISION] NO_TRADE | Pattern weak (0.36) | Conf: 0.00
2025-12-03 19:57:17 | INFO     | strategies.neural_hybrid | [DECISION] NO_TRADE | Pattern weak (0.35) | Conf: 0.00
2025-12-03 19:57:17 | INFO     | strategies.neural_hybrid | [DECISION] NO_TRADE | Pattern weak (0.35) | Conf: 0.00
2025-12-03 19:57:17 | INFO     | strategies.neural_hybrid | [DECISION] NO_TRADE | Pattern weak (0.35) | Conf: 0.00
2025-12-03 19:57:18 | INFO     | strategies.neural_hybrid | [DECISION] NO_TRADE | Pattern weak (0.35) | Conf: 0.00
2025-12-03 19:57:18 | INFO     | strategies.neural_hybrid | [DECISION] NO_TRADE | Pattern weak (0.34) | Conf: 0.00
2025-12-03 19:57:18 | INFO     | strategies.neural_hybrid | [DECISION] NO_TRADE | Pattern weak (0.34) | Conf: 0.00
2025-12-03 19:57:19 | INFO     | strategies.neural_hybrid | [DECISION] NO_TRADE | Pattern weak (0.35) | Conf: 0.00
2025-12-03 19:57:19 | INFO     | strategies.neural_hybrid | [DECISION] NO_TRADE | Pattern weak (0.35) | Conf: 0.00
2025-12-03 19:57:19 | INFO     | strategies.neural_hybrid | [DECISION] NO_TRADE | Pattern weak (0.35) | Conf: 0.00
2025-12-03 19:57:19 | INFO     | strategies.neural_hybrid | [DECISION] NO_TRADE | Pattern weak (0.35) | Conf: 0.00
2025-12-03 19:57:20 | INFO     | strategies.neural_hybrid | [DECISION] NO_TRADE | Pattern weak (0.36) | Conf: 0.00
2025-12-03 19:57:20 | INFO     | strategies.neural_hybrid | [DECISION] NO_TRADE | Pattern weak (0.35) | Conf: 0.00
2025-12-03 19:57:20 | INFO     | strategies.neural_hybrid | [DECISION] NO_TRADE | Pattern weak (0.36) | Conf: 0.00
2025-12-03 19:57:20 | INFO     | strategies.neural_hybrid | [DECISION] NO_TRADE | Pattern weak (0.36) | Conf: 0.00
2025-12-03 19:57:21 | INFO     | strategies.neural_hybrid | [DECISION] NO_TRADE | Pattern weak (0.36) | Conf: 0.00
2025-12-03 19:57:21 | INFO     | strategies.neural_hybrid | [DECISION] NO_TRADE | Pattern weak (0.36) | Conf: 0.00
2025-12-03 19:57:21 | INFO     | strategies.neural_hybrid | [DECISION] NO_TRADE | Pattern weak (0.37) | Conf: 0.00
2025-12-03 19:57:22 | INFO     | strategies.neural_hybrid | [DECISION] NO_TRADE | Pattern weak (0.37) | Conf: 0.00
2025-12-03 19:57:22 | INFO     | strategies.neural_hybrid | [DECISION] NO_TRADE | Pattern weak (0.36) | Conf: 0.00
2025-12-03 19:57:22 | INFO     | strategies.neural_hybrid | [DECISION] NO_TRADE | Pattern weak (0.36) | Conf: 0.00
2025-12-03 19:57:22 | INFO     | strategies.neural_hybrid | [DECISION] NO_TRADE | Pattern weak (0.37) | Conf: 0.00
2025-12-03 19:57:23 | INFO     | strategies.neural_hybrid | [DECISION] NO_TRADE | Pattern weak (0.37) | Conf: 0.00
2025-12-03 19:57:23 | INFO     | strategies.neural_hybrid | [DECISION] NO_TRADE | Pattern weak (0.37) | Conf: 0.00
2025-12-03 19:57:23 | INFO     | strategies.neural_hybrid | [DECISION] NO_TRADE | Pattern weak (0.36) | Conf: 0.00
2025-12-03 19:57:23 | INFO     | strategies.neural_hybrid | [DECISION] NO_TRADE | Pattern weak (0.36) | Conf: 0.00
2025-12-03 19:57:24 | INFO     | strategies.neural_hybrid | [DECISION] NO_TRADE | Pattern weak (0.36) | Conf: 0.00
2025-12-03 19:57:24 | INFO     | strategies.neural_hybrid | [DECISION] NO_TRADE | Pattern weak (0.37) | Conf: 0.00
2025-12-03 19:57:24 | INFO     | strategies.neural_hybrid | [DECISION] NO_TRADE | Pattern weak (0.36) | Conf: 0.00
2025-12-03 19:57:25 | INFO     | strategies.neural_hybrid | [DECISION] NO_TRADE | Pattern weak (0.35) | Conf: 0.00
2025-12-03 19:57:25 | INFO     | strategies.neural_hybrid | [DECISION] NO_TRADE | Pattern weak (0.36) | Conf: 0.00
2025-12-03 19:57:25 | INFO     | strategies.neural_hybrid | [DECISION] NO_TRADE | Pattern weak (0.36) | Conf: 0.00
2025-12-03 19:57:25 | INFO     | strategies.neural_hybrid | [DECISION] NO_TRADE | Pattern weak (0.36) | Conf: 0.00
2025-12-03 19:57:26 | INFO     | strategies.neural_hybrid | [DECISION] NO_TRADE | Pattern weak (0.36) | Conf: 0.00
2025-12-03 19:57:26 | INFO     | strategies.neural_hybrid | [DECISION] NO_TRADE | Pattern weak (0.36) | Conf: 0.00
2025-12-03 19:57:26 | INFO     | strategies.neural_hybrid | [DECISION] NO_TRADE | Pattern weak (0.35) | Conf: 0.00
2025-12-03 19:57:26 | INFO     | strategies.neural_hybrid | [DECISION] NO_TRADE | Pattern weak (0.35) | Conf: 0.00
2025-12-03 19:57:27 | INFO     | strategies.neural_hybrid | [DECISION] NO_TRADE | Pattern weak (0.35) | Conf: 0.00
2025-12-03 19:57:27 | INFO     | strategies.neural_hybrid | [DECISION] NO_TRADE | Pattern weak (0.35) | Conf: 0.00
2025-12-03 19:57:27 | INFO     | strategies.neural_hybrid | [DECISION] NO_TRADE | Pattern weak (0.36) | Conf: 0.00
2025-12-03 19:57:28 | INFO     | strategies.neural_hybrid | [DECISION] NO_TRADE | Pattern weak (0.35) | Conf: 0.00
2025-12-03 19:57:28 | INFO     | strategies.neural_hybrid | [DECISION] NO_TRADE | Pattern weak (0.35) | Conf: 0.00
2025-12-03 19:57:28 | INFO     | strategies.neural_hybrid | [DECISION] NO_TRADE | Pattern weak (0.35) | Conf: 0.00
2025-12-03 19:57:28 | INFO     | strategies.neural_hybrid | [DECISION] NO_TRADE | Pattern weak (0.36) | Conf: 0.00
2025-12-03 19:57:29 | INFO     | strategies.neural_hybrid | [DECISION] NO_TRADE | Pattern weak (0.35) | Conf: 0.00
2025-12-03 19:57:29 | INFO     | strategies.neural_hybrid | [DECISION] NO_TRADE | Pattern weak (0.35) | Conf: 0.00
2025-12-03 19:57:29 | INFO     | strategies.neural_hybrid | [DECISION] NO_TRADE | Pattern weak (0.35) | Conf: 0.00
2025-12-03 19:57:29 | INFO     | strategies.neural_hybrid | [DECISION] NO_TRADE | Pattern weak (0.36) | Conf: 0.00
2025-12-03 19:57:30 | INFO     | strategies.neural_hybrid | [DECISION] NO_TRADE | Pattern weak (0.37) | Conf: 0.00
2025-12-03 19:57:30 | INFO     | strategies.neural_hybrid | [DECISION] NO_TRADE | Pattern weak (0.37) | Conf: 0.00
2025-12-03 19:57:30 | INFO     | strategies.neural_hybrid | [DECISION] NO_TRADE | Pattern weak (0.36) | Conf: 0.00
2025-12-03 19:57:31 | INFO     | strategies.neural_hybrid | [DECISION] NO_TRADE | Pattern weak (0.36) | Conf: 0.00
2025-12-03 19:57:31 | INFO     | strategies.neural_hybrid | [DECISION] NO_TRADE | Pattern weak (0.35) | Conf: 0.00
2025-12-03 19:57:31 | INFO     | strategies.neural_hybrid | [DECISION] NO_TRADE | Pattern weak (0.35) | Conf: 0.00
2025-12-03 19:57:31 | INFO     | strategies.neural_hybrid | [DECISION] NO_TRADE | Pattern weak (0.34) | Conf: 0.00
2025-12-03 19:57:32 | INFO     | strategies.neural_hybrid | [DECISION] NO_TRADE | Pattern weak (0.34) | Conf: 0.00
2025-12-03 19:57:32 | INFO     | strategies.neural_hybrid | [DECISION] NO_TRADE | Pattern weak (0.36) | Conf: 0.00
2025-12-03 19:57:32 | CRITICAL | root |  Fatal error: 'final_balance'
Traceback (most recent call last):
  File "D:\myBot\pyforex-1\main.py", line 179, in main
    run_backtest(args)
    ~~~~~~~~~~~~^^^^^^
  File "D:\myBot\pyforex-1\main.py", line 100, in run_backtest
    print(f"Final Balance:    ${metrics['final_balance']:.2f}")
                                ~~~~~~~^^^^^^^^^^^^^^^^^
KeyError: 'final_balance'
