2025-12-31 18:54:15,045 | INFO     | __main__                  | ======================================================================
2025-12-31 18:54:15,045 | INFO     | __main__                  |   pyForex COMPREHENSIVE MODEL TRAINING
2025-12-31 18:54:15,045 | INFO     | __main__                  | ======================================================================
2025-12-31 18:54:15,045 | INFO     | __main__                  |   Models: ['tcn', 'vit', 'meta', 'exit']
2025-12-31 18:54:15,045 | INFO     | __main__                  |   Profiles: ['SCALP', 'INTRADAY', 'SWING']
2025-12-31 18:54:15,045 | INFO     | __main__                  |   Max Data Rows: 1,000,000
2025-12-31 18:54:15,045 | INFO     | __main__                  |   Epochs: 50
2025-12-31 18:54:15,045 | INFO     | __main__                  |   Batch Size: 64
2025-12-31 18:54:15,045 | INFO     | __main__                  |   Device: auto
2025-12-31 18:54:15,045 | INFO     | __main__                  | ======================================================================
2025-12-31 18:54:15,063 | INFO     | __main__                  | ============================================================
2025-12-31 18:54:15,063 | INFO     | __main__                  |   TRAINING MultiHeadTCN - SCALP
2025-12-31 18:54:15,063 | INFO     | __main__                  | ============================================================
2025-12-31 18:54:35,424 | WARNING  | risk_management.phase3_filtering.meta_labeling | LightGBM not installed. Using sklearn GradientBoosting as fallback.
2025-12-31 18:54:38,148 | INFO     | __main__                  | Using device: cuda
2025-12-31 18:54:38,148 | INFO     | __main__                  | Loading data from C:\Users\pc\Documents\pyProject\pyForex-1\data\raw\EURUSD_M5_latest.csv...
2025-12-31 18:54:38,150 | ERROR    | __main__                  | TCN training failed for SCALP: [Errno 2] No such file or directory: 'C:\\Users\\pc\\Documents\\pyProject\\pyForex-1\\data\\raw\\EURUSD_M5_latest.csv'
2025-12-31 18:54:38,150 | INFO     | __main__                  | ============================================================
2025-12-31 18:54:38,150 | INFO     | __main__                  |   TRAINING ViT - SCALP
2025-12-31 18:54:38,150 | INFO     | __main__                  | ============================================================
2025-12-31 18:54:43,229 | WARNING  | __main__                  | ViT training module not fully available. Using simplified training.
2025-12-31 18:54:43,229 | INFO     | __main__                  | Using simplified ViT training...
2025-12-31 18:54:43,229 | ERROR    | __main__                  | ViT training failed for SCALP: [Errno 2] No such file or directory: 'C:\\Users\\pc\\Documents\\pyProject\\pyForex-1\\data\\raw\\EURUSD_M5_latest.csv'
2025-12-31 18:54:43,229 | INFO     | __main__                  | ============================================================
2025-12-31 18:54:43,229 | INFO     | __main__                  |   TRAINING Meta-Labeling - SCALP
2025-12-31 18:54:43,229 | INFO     | __main__                  | ============================================================
2025-12-31 18:54:43,229 | ERROR    | __main__                  | Meta-labeling training failed for SCALP: [Errno 2] No such file or directory: 'C:\\Users\\pc\\Documents\\pyProject\\pyForex-1\\data\\raw\\EURUSD_M5_latest.csv'
2025-12-31 18:54:43,242 | INFO     | __main__                  | ============================================================
2025-12-31 18:54:43,242 | INFO     | __main__                  |   TRAINING Exit Optimizer (PPO) - SCALP
2025-12-31 18:54:43,242 | INFO     | __main__                  | ============================================================
2025-12-31 18:54:43,242 | ERROR    | __main__                  | Exit optimizer training failed for SCALP: [Errno 2] No such file or directory: 'C:\\Users\\pc\\Documents\\pyProject\\pyForex-1\\data\\raw\\EURUSD_M5_latest.csv'
2025-12-31 18:54:43,244 | INFO     | __main__                  | ============================================================
2025-12-31 18:54:43,244 | INFO     | __main__                  |   TRAINING MultiHeadTCN - INTRADAY
2025-12-31 18:54:43,244 | INFO     | __main__                  | ============================================================
2025-12-31 18:54:43,244 | INFO     | __main__                  | Using device: cuda
2025-12-31 18:54:43,244 | INFO     | __main__                  | Loading data from C:\Users\pc\Documents\pyProject\pyForex-1\data\raw\EURUSD_H1_latest.csv...
2025-12-31 18:54:43,244 | ERROR    | __main__                  | TCN training failed for INTRADAY: [Errno 2] No such file or directory: 'C:\\Users\\pc\\Documents\\pyProject\\pyForex-1\\data\\raw\\EURUSD_H1_latest.csv'
2025-12-31 18:54:43,244 | INFO     | __main__                  | ============================================================
2025-12-31 18:54:43,244 | INFO     | __main__                  |   TRAINING ViT - INTRADAY
2025-12-31 18:54:43,244 | INFO     | __main__                  | ============================================================
2025-12-31 18:54:43,244 | WARNING  | __main__                  | ViT training module not fully available. Using simplified training.
2025-12-31 18:54:43,249 | INFO     | __main__                  | Using simplified ViT training...
2025-12-31 18:54:43,250 | ERROR    | __main__                  | ViT training failed for INTRADAY: [Errno 2] No such file or directory: 'C:\\Users\\pc\\Documents\\pyProject\\pyForex-1\\data\\raw\\EURUSD_H1_latest.csv'
2025-12-31 18:54:43,250 | INFO     | __main__                  | ============================================================
2025-12-31 18:54:43,250 | INFO     | __main__                  |   TRAINING Meta-Labeling - INTRADAY
2025-12-31 18:54:43,250 | INFO     | __main__                  | ============================================================
2025-12-31 18:54:43,250 | ERROR    | __main__                  | Meta-labeling training failed for INTRADAY: [Errno 2] No such file or directory: 'C:\\Users\\pc\\Documents\\pyProject\\pyForex-1\\data\\raw\\EURUSD_H1_latest.csv'
2025-12-31 18:54:43,250 | INFO     | __main__                  | ============================================================
2025-12-31 18:54:43,250 | INFO     | __main__                  |   TRAINING Exit Optimizer (PPO) - INTRADAY
2025-12-31 18:54:43,250 | INFO     | __main__                  | ============================================================
2025-12-31 18:54:43,253 | ERROR    | __main__                  | Exit optimizer training failed for INTRADAY: [Errno 2] No such file or directory: 'C:\\Users\\pc\\Documents\\pyProject\\pyForex-1\\data\\raw\\EURUSD_H1_latest.csv'
2025-12-31 18:54:43,253 | INFO     | __main__                  | ============================================================
2025-12-31 18:54:43,253 | INFO     | __main__                  |   TRAINING MultiHeadTCN - SWING
2025-12-31 18:54:43,253 | INFO     | __main__                  | ============================================================
2025-12-31 18:54:43,253 | INFO     | __main__                  | Using device: cuda
2025-12-31 18:54:43,253 | INFO     | __main__                  | Loading data from C:\Users\pc\Documents\pyProject\pyForex-1\data\raw\EURUSD_H4_latest.csv...
2025-12-31 18:54:43,253 | ERROR    | __main__                  | TCN training failed for SWING: [Errno 2] No such file or directory: 'C:\\Users\\pc\\Documents\\pyProject\\pyForex-1\\data\\raw\\EURUSD_H4_latest.csv'
2025-12-31 18:54:43,255 | INFO     | __main__                  | ============================================================
2025-12-31 18:54:43,255 | INFO     | __main__                  |   TRAINING ViT - SWING
2025-12-31 18:54:43,255 | INFO     | __main__                  | ============================================================
2025-12-31 18:54:43,257 | WARNING  | __main__                  | ViT training module not fully available. Using simplified training.
2025-12-31 18:54:43,258 | INFO     | __main__                  | Using simplified ViT training...
2025-12-31 18:54:43,258 | ERROR    | __main__                  | ViT training failed for SWING: [Errno 2] No such file or directory: 'C:\\Users\\pc\\Documents\\pyProject\\pyForex-1\\data\\raw\\EURUSD_H4_latest.csv'
2025-12-31 18:54:43,258 | INFO     | __main__                  | ============================================================
2025-12-31 18:54:43,260 | INFO     | __main__                  |   TRAINING Meta-Labeling - SWING
2025-12-31 18:54:43,260 | INFO     | __main__                  | ============================================================
2025-12-31 18:54:43,260 | ERROR    | __main__                  | Meta-labeling training failed for SWING: [Errno 2] No such file or directory: 'C:\\Users\\pc\\Documents\\pyProject\\pyForex-1\\data\\raw\\EURUSD_H4_latest.csv'
2025-12-31 18:54:43,260 | INFO     | __main__                  | ============================================================
2025-12-31 18:54:43,260 | INFO     | __main__                  |   TRAINING Exit Optimizer (PPO) - SWING
2025-12-31 18:54:43,260 | INFO     | __main__                  | ============================================================
2025-12-31 18:54:43,260 | ERROR    | __main__                  | Exit optimizer training failed for SWING: [Errno 2] No such file or directory: 'C:\\Users\\pc\\Documents\\pyProject\\pyForex-1\\data\\raw\\EURUSD_H4_latest.csv'
2025-12-31 18:54:43,260 | INFO     | __main__                  | 
======================================================================
2025-12-31 18:54:43,263 | INFO     | __main__                  |   TRAINING SUMMARY
2025-12-31 18:54:43,263 | INFO     | __main__                  | ======================================================================
2025-12-31 18:54:43,263 | INFO     | __main__                  |   [FAILED] tcn_SCALP: [Errno 2] No such file or directory: 'C:\\Users\\pc\\Documents\\pyProject\\pyForex-1\\data\\raw\\EURUSD_M5_latest.csv'
2025-12-31 18:54:43,263 | INFO     | __main__                  |   [FAILED] vit_SCALP: [Errno 2] No such file or directory: 'C:\\Users\\pc\\Documents\\pyProject\\pyForex-1\\data\\raw\\EURUSD_M5_latest.csv'
2025-12-31 18:54:43,263 | INFO     | __main__                  |   [FAILED] meta_SCALP: [Errno 2] No such file or directory: 'C:\\Users\\pc\\Documents\\pyProject\\pyForex-1\\data\\raw\\EURUSD_M5_latest.csv'
2025-12-31 18:54:43,263 | INFO     | __main__                  |   [FAILED] exit_SCALP: [Errno 2] No such file or directory: 'C:\\Users\\pc\\Documents\\pyProject\\pyForex-1\\data\\raw\\EURUSD_M5_latest.csv'
2025-12-31 18:54:43,263 | INFO     | __main__                  |   [FAILED] tcn_INTRADAY: [Errno 2] No such file or directory: 'C:\\Users\\pc\\Documents\\pyProject\\pyForex-1\\data\\raw\\EURUSD_H1_latest.csv'
2025-12-31 18:54:43,263 | INFO     | __main__                  |   [FAILED] vit_INTRADAY: [Errno 2] No such file or directory: 'C:\\Users\\pc\\Documents\\pyProject\\pyForex-1\\data\\raw\\EURUSD_H1_latest.csv'
2025-12-31 18:54:43,263 | INFO     | __main__                  |   [FAILED] meta_INTRADAY: [Errno 2] No such file or directory: 'C:\\Users\\pc\\Documents\\pyProject\\pyForex-1\\data\\raw\\EURUSD_H1_latest.csv'
2025-12-31 18:54:43,263 | INFO     | __main__                  |   [FAILED] exit_INTRADAY: [Errno 2] No such file or directory: 'C:\\Users\\pc\\Documents\\pyProject\\pyForex-1\\data\\raw\\EURUSD_H1_latest.csv'
2025-12-31 18:54:43,263 | INFO     | __main__                  |   [FAILED] tcn_SWING: [Errno 2] No such file or directory: 'C:\\Users\\pc\\Documents\\pyProject\\pyForex-1\\data\\raw\\EURUSD_H4_latest.csv'
2025-12-31 18:54:43,266 | INFO     | __main__                  |   [FAILED] vit_SWING: [Errno 2] No such file or directory: 'C:\\Users\\pc\\Documents\\pyProject\\pyForex-1\\data\\raw\\EURUSD_H4_latest.csv'
2025-12-31 18:54:43,266 | INFO     | __main__                  |   [FAILED] meta_SWING: [Errno 2] No such file or directory: 'C:\\Users\\pc\\Documents\\pyProject\\pyForex-1\\data\\raw\\EURUSD_H4_latest.csv'
2025-12-31 18:54:43,266 | INFO     | __main__                  |   [FAILED] exit_SWING: [Errno 2] No such file or directory: 'C:\\Users\\pc\\Documents\\pyProject\\pyForex-1\\data\\raw\\EURUSD_H4_latest.csv'
2025-12-31 18:54:43,266 | INFO     | __main__                  | 
Results saved to: C:\Users\pc\Documents\pyProject\pyForex-1\training_results.json
2025-12-31 18:54:43,266 | INFO     | __main__                  | ======================================================================
2026-01-01 04:14:27,404 | INFO     | __main__                  | ======================================================================
2026-01-01 04:14:27,408 | INFO     | __main__                  |   pyForex COMPREHENSIVE MODEL TRAINING
2026-01-01 04:14:27,408 | INFO     | __main__                  | ======================================================================
2026-01-01 04:14:27,408 | INFO     | __main__                  |   Models: ['tcn', 'vit', 'meta', 'exit']
2026-01-01 04:14:27,408 | INFO     | __main__                  |   Profiles: ['SCALP', 'INTRADAY', 'SWING']
2026-01-01 04:14:27,408 | INFO     | __main__                  |   Max Data Rows: 1,000,000
2026-01-01 04:14:27,408 | INFO     | __main__                  |   Epochs: 50
2026-01-01 04:14:27,408 | INFO     | __main__                  |   Batch Size: 64
2026-01-01 04:14:27,408 | INFO     | __main__                  |   Device: auto
2026-01-01 04:14:27,408 | INFO     | __main__                  | ======================================================================
2026-01-01 04:14:27,408 | INFO     | __main__                  | ============================================================
2026-01-01 04:14:27,408 | INFO     | __main__                  |   TRAINING MultiHeadTCN - SCALP
2026-01-01 04:14:27,408 | INFO     | __main__                  | ============================================================
2026-01-01 04:15:05,206 | INFO     | __main__                  | Using device: cuda
2026-01-01 04:15:05,206 | INFO     | __main__                  | Loading data from C:\Users\pc\Documents\pyProject\pyForex-1\data\raw\EURUSD_M5_latest.csv...
2026-01-01 04:15:05,626 | INFO     | __main__                  | Data shape: (200000, 8)
2026-01-01 04:15:05,626 | INFO     | __main__                  | Engineering features...
2026-01-01 04:15:05,655 | ERROR    | __main__                  | TCN training failed for SCALP: No module named 'numba'
2026-01-01 04:15:05,658 | INFO     | __main__                  | ============================================================
2026-01-01 04:15:05,658 | INFO     | __main__                  |   TRAINING ViT - SCALP
2026-01-01 04:15:05,658 | INFO     | __main__                  | ============================================================
2026-01-01 04:15:10,737 | WARNING  | __main__                  | ViT training module not fully available. Using simplified training.
2026-01-01 04:15:10,737 | INFO     | __main__                  | Using simplified ViT training...
2026-01-01 04:15:11,017 | INFO     | __main__                  | Creating synthetic chart features for ViT training...
2026-01-01 04:15:38,680 | INFO     | __main__                  | Created 10000 samples
2026-01-01 04:15:38,689 | INFO     | __main__                  | Label distribution: BEAR=115, SIDE=9777, BULL=108
2026-01-01 04:15:40,259 | INFO     | timm.models._builder      | Loading pretrained weights from Hugging Face hub (timm/vit_tiny_patch16_224.augreg_in21k_ft_in1k)
2026-01-01 04:15:41,269 | WARNING  | huggingface_hub.file_download | Xet Storage is enabled for this repo, but the 'hf_xet' package is not installed. Falling back to regular HTTP download. For better performance, install the package with: `pip install huggingface_hub[hf_xet]` or `pip install hf_xet`
2026-01-01 04:15:43,188 | INFO     | timm.models._hub          | [timm/vit_tiny_patch16_224.augreg_in21k_ft_in1k] Safe alternative available for 'pytorch_model.bin' (as 'model.safetensors'). Loading weights using safetensors.
2026-01-01 04:15:43,283 | INFO     | timm.models._builder      | Missing keys (head.weight, head.bias) discovered while loading pretrained weights. This is expected if model is being adapted.
2026-01-01 04:16:56,152 | INFO     | __main__                  | Epoch 5/30 - Train Loss: 0.1255, Val Acc: 0.9825
2026-01-01 04:17:47,188 | INFO     | __main__                  | Epoch 10/30 - Train Loss: 0.1172, Val Acc: 0.9825
2026-01-01 04:18:39,757 | INFO     | __main__                  | Epoch 15/30 - Train Loss: 0.0935, Val Acc: 0.9745
2026-01-01 04:19:32,537 | INFO     | __main__                  | Epoch 20/30 - Train Loss: 0.0476, Val Acc: 0.9700
2026-01-01 04:20:24,853 | INFO     | __main__                  | Epoch 25/30 - Train Loss: 0.0196, Val Acc: 0.9700
2026-01-01 04:21:17,845 | INFO     | __main__                  | Epoch 30/30 - Train Loss: 0.0081, Val Acc: 0.9675
2026-01-01 04:21:17,905 | INFO     | __main__                  | Saved ViT weights: C:\Users\pc\Documents\pyProject\pyForex-1\models\weights\vit_SCALP.pth
2026-01-01 04:21:18,158 | INFO     | __main__                  | ============================================================
2026-01-01 04:21:18,158 | INFO     | __main__                  |   TRAINING Meta-Labeling - SCALP
2026-01-01 04:21:18,158 | INFO     | __main__                  | ============================================================
2026-01-01 04:21:18,453 | INFO     | __main__                  | Data shape: (200000, 8)
2026-01-01 04:21:18,458 | ERROR    | __main__                  | Meta-labeling training failed for SCALP: No module named 'numba'
2026-01-01 04:21:18,460 | INFO     | __main__                  | ============================================================
2026-01-01 04:21:18,460 | INFO     | __main__                  |   TRAINING Exit Optimizer (PPO) - SCALP
2026-01-01 04:21:18,460 | INFO     | __main__                  | ============================================================
2026-01-01 04:21:18,725 | INFO     | risk_management.phase4_rl_exit.environment | ExitTradingEnv initialized: obs_dim=22, action_dim=6
2026-01-01 04:21:18,954 | INFO     | risk_management.phase4_rl_exit.environment | ExitTradingEnv initialized: obs_dim=22, action_dim=6
2026-01-01 04:21:19,083 | INFO     | risk_management.phase4_rl_exit.environment | ExitTradingEnv initialized: obs_dim=22, action_dim=6
2026-01-01 04:21:19,221 | INFO     | risk_management.phase4_rl_exit.environment | ExitTradingEnv initialized: obs_dim=22, action_dim=6
2026-01-01 04:21:21,285 | INFO     | risk_management.phase4_rl_exit.ppo_agent | PPOAgent initialized: obs_dim=22, action_dim=6, device=cuda
2026-01-01 04:21:21,323 | INFO     | risk_management.phase4_rl_exit.trainer | Starting training for 100000 timesteps
2026-01-01 04:21:26,767 | ERROR    | __main__                  | Exit optimizer training failed for SCALP: 'float' object is not callable
2026-01-01 04:21:26,786 | INFO     | __main__                  | ============================================================
2026-01-01 04:21:26,786 | INFO     | __main__                  |   TRAINING MultiHeadTCN - INTRADAY
2026-01-01 04:21:26,786 | INFO     | __main__                  | ============================================================
2026-01-01 04:21:26,786 | INFO     | __main__                  | Using device: cuda
2026-01-01 04:21:26,786 | INFO     | __main__                  | Loading data from C:\Users\pc\Documents\pyProject\pyForex-1\data\raw\EURUSD_H1_latest.csv...
2026-01-01 04:21:27,146 | INFO     | __main__                  | Data shape: (174747, 8)
2026-01-01 04:21:27,146 | INFO     | __main__                  | Engineering features...
2026-01-01 04:21:27,146 | ERROR    | __main__                  | TCN training failed for INTRADAY: No module named 'numba'
2026-01-01 04:21:27,153 | INFO     | __main__                  | ============================================================
2026-01-01 04:21:27,153 | INFO     | __main__                  |   TRAINING ViT - INTRADAY
2026-01-01 04:21:27,153 | INFO     | __main__                  | ============================================================
2026-01-01 04:21:27,153 | WARNING  | __main__                  | ViT training module not fully available. Using simplified training.
2026-01-01 04:21:27,153 | INFO     | __main__                  | Using simplified ViT training...
2026-01-01 04:21:27,379 | INFO     | __main__                  | Creating synthetic chart features for ViT training...
2026-01-01 04:21:55,254 | INFO     | __main__                  | Created 10000 samples
2026-01-01 04:21:55,254 | INFO     | __main__                  | Label distribution: BEAR=1965, SIDE=5986, BULL=2049
2026-01-01 04:21:55,368 | INFO     | timm.models._builder      | Loading pretrained weights from Hugging Face hub (timm/vit_tiny_patch16_224.augreg_in21k_ft_in1k)
2026-01-01 04:21:56,127 | INFO     | timm.models._hub          | [timm/vit_tiny_patch16_224.augreg_in21k_ft_in1k] Safe alternative available for 'pytorch_model.bin' (as 'model.safetensors'). Loading weights using safetensors.
2026-01-01 04:21:56,163 | INFO     | timm.models._builder      | Missing keys (head.weight, head.bias) discovered while loading pretrained weights. This is expected if model is being adapted.
2026-01-01 04:22:48,209 | INFO     | __main__                  | Epoch 5/30 - Train Loss: 0.9296, Val Acc: 0.5900
2026-01-01 04:23:41,126 | INFO     | __main__                  | Epoch 10/30 - Train Loss: 0.8285, Val Acc: 0.5730
2026-01-01 04:24:36,869 | INFO     | __main__                  | Epoch 15/30 - Train Loss: 0.3342, Val Acc: 0.4875
2026-01-01 04:25:30,533 | INFO     | __main__                  | Epoch 20/30 - Train Loss: 0.0944, Val Acc: 0.4795
2026-01-01 04:26:25,205 | INFO     | __main__                  | Epoch 25/30 - Train Loss: 0.0417, Val Acc: 0.4830
2026-01-01 04:27:20,026 | INFO     | __main__                  | Epoch 30/30 - Train Loss: 0.0419, Val Acc: 0.5045
2026-01-01 04:27:20,065 | INFO     | __main__                  | Saved ViT weights: C:\Users\pc\Documents\pyProject\pyForex-1\models\weights\vit_INTRADAY.pth
2026-01-01 04:27:20,346 | INFO     | __main__                  | ============================================================
2026-01-01 04:27:20,346 | INFO     | __main__                  |   TRAINING Meta-Labeling - INTRADAY
2026-01-01 04:27:20,346 | INFO     | __main__                  | ============================================================
2026-01-01 04:27:20,603 | INFO     | __main__                  | Data shape: (174747, 8)
2026-01-01 04:28:25,224 | INFO     | __main__                  | Meta-labeling samples: 99,423
2026-01-01 04:28:25,226 | INFO     | __main__                  | Positive rate: 25.73%
2026-01-01 04:28:27,857 | INFO     | risk_management.phase3_filtering.meta_labeling | Meta-model trained: {'accuracy': 0.8030173497611265, 'precision': 0.45, 'recall': 0.0022988505747126436, 'f1': 0.00457433290978399, 'roc_auc': 0.6687231886735265}
2026-01-01 04:28:27,857 | INFO     | __main__                  | Validation AUC: 0.6687
2026-01-01 04:28:27,857 | INFO     | __main__                  | Validation Accuracy: 0.8030
2026-01-01 04:28:27,895 | INFO     | risk_management.phase3_filtering.meta_labeling | Meta-labeling model saved to C:\Users\pc\Documents\pyProject\pyForex-1\checkpoints\meta_labeling\meta_model_INTRADAY.pkl
2026-01-01 04:28:27,895 | INFO     | __main__                  | Saved meta-model: C:\Users\pc\Documents\pyProject\pyForex-1\checkpoints\meta_labeling\meta_model_INTRADAY.pkl
2026-01-01 04:28:27,940 | INFO     | __main__                  | ============================================================
2026-01-01 04:28:27,940 | INFO     | __main__                  |   TRAINING Exit Optimizer (PPO) - INTRADAY
2026-01-01 04:28:27,940 | INFO     | __main__                  | ============================================================
2026-01-01 04:28:28,170 | INFO     | risk_management.phase4_rl_exit.environment | ExitTradingEnv initialized: obs_dim=22, action_dim=6
2026-01-01 04:28:28,299 | INFO     | risk_management.phase4_rl_exit.environment | ExitTradingEnv initialized: obs_dim=22, action_dim=6
2026-01-01 04:28:28,414 | INFO     | risk_management.phase4_rl_exit.environment | ExitTradingEnv initialized: obs_dim=22, action_dim=6
2026-01-01 04:28:28,523 | INFO     | risk_management.phase4_rl_exit.environment | ExitTradingEnv initialized: obs_dim=22, action_dim=6
2026-01-01 04:28:28,646 | INFO     | risk_management.phase4_rl_exit.ppo_agent | PPOAgent initialized: obs_dim=22, action_dim=6, device=cuda
2026-01-01 04:28:28,653 | INFO     | risk_management.phase4_rl_exit.trainer | Starting training for 100000 timesteps
2026-01-01 04:28:28,665 | ERROR    | __main__                  | Exit optimizer training failed for INTRADAY: 'float' object is not callable
2026-01-01 04:28:28,674 | INFO     | __main__                  | ============================================================
2026-01-01 04:28:28,674 | INFO     | __main__                  |   TRAINING MultiHeadTCN - SWING
2026-01-01 04:28:28,674 | INFO     | __main__                  | ============================================================
2026-01-01 04:28:28,674 | INFO     | __main__                  | Using device: cuda
2026-01-01 04:28:28,674 | INFO     | __main__                  | Loading data from C:\Users\pc\Documents\pyProject\pyForex-1\data\raw\EURUSD_H4_latest.csv...
2026-01-01 04:28:28,808 | INFO     | __main__                  | Data shape: (49200, 8)
2026-01-01 04:28:28,808 | INFO     | __main__                  | Engineering features...
2026-01-01 04:28:41,583 | INFO     | __main__                  | Features shape after dropna: (48831, 297)
2026-01-01 04:28:41,607 | INFO     | __main__                  | Selecting top 64 features from 288...
2026-01-01 04:28:43,627 | INFO     | __main__                  | Selected 64 features
2026-01-01 04:28:43,627 | INFO     | __main__                  | Preparing features and labels...
2026-01-01 04:28:44,908 | INFO     | __main__                  | Prepared 48,811 samples
2026-01-01 04:28:44,911 | INFO     | __main__                  | Direction distribution: BEAR=14930, SIDE=18435, BULL=15446
2026-01-01 04:28:45,462 | INFO     | __main__                  | Class weights: tensor([1.0898, 0.8826, 1.0534])
2026-01-01 04:28:45,780 | INFO     | __main__                  | Train: 39,000, Val: 9,691
2026-01-01 04:28:45,868 | INFO     | __main__                  | Model parameters: 787,147
2026-01-01 04:28:45,892 | INFO     | risk_management.phase1_predictive.training | Starting training for 50 epochs
2026-01-01 04:29:27,304 | INFO     | risk_management.phase1_predictive.training | Epoch 1/50 | Train Loss: 1.7656 | Val Loss: 0.5043 | Dir Acc: 0.505 | Vol MAE: 0.0005
2026-01-01 04:29:58,287 | INFO     | risk_management.phase1_predictive.training | Epoch 2/50 | Train Loss: 0.4709 | Val Loss: 0.5536 | Dir Acc: 0.454 | Vol MAE: 0.0020
2026-01-01 04:30:29,829 | INFO     | risk_management.phase1_predictive.training | Epoch 3/50 | Train Loss: 0.2780 | Val Loss: 0.3332 | Dir Acc: 0.451 | Vol MAE: 0.0017
2026-01-01 04:31:00,862 | INFO     | risk_management.phase1_predictive.training | Epoch 4/50 | Train Loss: 0.0114 | Val Loss: 0.1976 | Dir Acc: 0.341 | Vol MAE: 0.0029
2026-01-01 04:31:31,683 | INFO     | risk_management.phase1_predictive.training | Epoch 5/50 | Train Loss: -0.3488 | Val Loss: -0.0044 | Dir Acc: 0.360 | Vol MAE: 0.0033
2026-01-01 04:32:03,102 | INFO     | risk_management.phase1_predictive.training | Epoch 6/50 | Train Loss: -0.7796 | Val Loss: -0.1085 | Dir Acc: 0.375 | Vol MAE: 0.0039
2026-01-01 04:32:34,573 | INFO     | risk_management.phase1_predictive.training | Epoch 7/50 | Train Loss: -1.2357 | Val Loss: -0.6356 | Dir Acc: 0.407 | Vol MAE: 0.0024
2026-01-01 04:33:06,103 | INFO     | risk_management.phase1_predictive.training | Epoch 8/50 | Train Loss: -1.7030 | Val Loss: -0.2573 | Dir Acc: 0.394 | Vol MAE: 0.0031
2026-01-01 04:33:37,956 | INFO     | risk_management.phase1_predictive.training | Epoch 9/50 | Train Loss: -2.1414 | Val Loss: -0.4063 | Dir Acc: 0.396 | Vol MAE: 0.0026
2026-01-01 04:34:09,603 | INFO     | risk_management.phase1_predictive.training | Epoch 10/50 | Train Loss: -2.5202 | Val Loss: 0.3208 | Dir Acc: 0.386 | Vol MAE: 0.0031
2026-01-01 04:34:41,287 | INFO     | risk_management.phase1_predictive.training | Epoch 11/50 | Train Loss: -2.8028 | Val Loss: 1.1410 | Dir Acc: 0.399 | Vol MAE: 0.0032
2026-01-01 04:35:13,025 | INFO     | risk_management.phase1_predictive.training | Epoch 12/50 | Train Loss: -3.0188 | Val Loss: 1.5599 | Dir Acc: 0.390 | Vol MAE: 0.0030
2026-01-01 04:35:45,856 | INFO     | risk_management.phase1_predictive.training | Epoch 13/50 | Train Loss: -3.1341 | Val Loss: 2.0332 | Dir Acc: 0.438 | Vol MAE: 0.0031
2026-01-01 04:36:18,947 | INFO     | risk_management.phase1_predictive.training | Epoch 14/50 | Train Loss: -3.2057 | Val Loss: 2.4162 | Dir Acc: 0.384 | Vol MAE: 0.0030
2026-01-01 04:36:50,703 | INFO     | risk_management.phase1_predictive.training | Epoch 15/50 | Train Loss: -3.2564 | Val Loss: 3.2569 | Dir Acc: 0.386 | Vol MAE: 0.0034
2026-01-01 04:37:20,787 | INFO     | risk_management.phase1_predictive.training | Epoch 16/50 | Train Loss: -3.3039 | Val Loss: 3.7123 | Dir Acc: 0.413 | Vol MAE: 0.0035
2026-01-01 04:37:50,987 | INFO     | risk_management.phase1_predictive.training | Epoch 17/50 | Train Loss: -3.3417 | Val Loss: 2.1924 | Dir Acc: 0.410 | Vol MAE: 0.0026
2026-01-01 04:38:22,335 | INFO     | risk_management.phase1_predictive.training | Epoch 18/50 | Train Loss: -3.3909 | Val Loss: 3.8537 | Dir Acc: 0.395 | Vol MAE: 0.0033
2026-01-01 04:38:53,997 | INFO     | risk_management.phase1_predictive.training | Epoch 19/50 | Train Loss: -3.4401 | Val Loss: 4.4982 | Dir Acc: 0.396 | Vol MAE: 0.0035
2026-01-01 04:39:25,553 | INFO     | risk_management.phase1_predictive.training | Epoch 20/50 | Train Loss: -3.4903 | Val Loss: 4.9122 | Dir Acc: 0.396 | Vol MAE: 0.0035
2026-01-01 04:39:56,353 | INFO     | risk_management.phase1_predictive.training | Epoch 21/50 | Train Loss: -3.5227 | Val Loss: 5.3310 | Dir Acc: 0.396 | Vol MAE: 0.0036
2026-01-01 04:40:26,591 | INFO     | risk_management.phase1_predictive.training | Epoch 22/50 | Train Loss: -3.5710 | Val Loss: 4.7447 | Dir Acc: 0.394 | Vol MAE: 0.0031
2026-01-01 04:40:26,591 | INFO     | risk_management.phase1_predictive.training | Early stopping triggered at epoch 22
2026-01-01 04:40:26,596 | INFO     | risk_management.phase1_predictive.training | Loaded best model from epoch 7
2026-01-01 04:40:26,770 | INFO     | __main__                  | Saved checkpoint: C:\Users\pc\Documents\pyProject\pyForex-1\checkpoints\multihead_tcn\multihead_tcn_SWING.pth
2026-01-01 04:40:26,829 | INFO     | __main__                  | Saved weights: C:\Users\pc\Documents\pyProject\pyForex-1\models\weights\multihead_tcn_SWING.pth
2026-01-01 04:40:26,856 | INFO     | __main__                  | ============================================================
2026-01-01 04:40:26,868 | INFO     | __main__                  |   TRAINING ViT - SWING
2026-01-01 04:40:26,868 | INFO     | __main__                  | ============================================================
2026-01-01 04:40:26,868 | WARNING  | __main__                  | ViT training module not fully available. Using simplified training.
2026-01-01 04:40:26,868 | INFO     | __main__                  | Using simplified ViT training...
2026-01-01 04:40:26,920 | INFO     | __main__                  | Creating synthetic chart features for ViT training...
2026-01-01 04:40:41,554 | INFO     | __main__                  | Created 4909 samples
2026-01-01 04:40:41,554 | INFO     | __main__                  | Label distribution: BEAR=1323, SIDE=2200, BULL=1386
2026-01-01 04:40:41,659 | INFO     | timm.models._builder      | Loading pretrained weights from Hugging Face hub (timm/vit_tiny_patch16_224.augreg_in21k_ft_in1k)
2026-01-01 04:40:42,426 | INFO     | timm.models._hub          | [timm/vit_tiny_patch16_224.augreg_in21k_ft_in1k] Safe alternative available for 'pytorch_model.bin' (as 'model.safetensors'). Loading weights using safetensors.
2026-01-01 04:40:42,454 | INFO     | timm.models._builder      | Missing keys (head.weight, head.bias) discovered while loading pretrained weights. This is expected if model is being adapted.
2026-01-01 04:41:07,805 | INFO     | __main__                  | Epoch 5/30 - Train Loss: 1.0564, Val Acc: 0.4572
2026-01-01 04:41:33,465 | INFO     | __main__                  | Epoch 10/30 - Train Loss: 0.8709, Val Acc: 0.4124
2026-01-01 04:41:59,053 | INFO     | __main__                  | Epoch 15/30 - Train Loss: 0.2879, Val Acc: 0.3951
2026-01-01 04:42:23,891 | INFO     | __main__                  | Epoch 20/30 - Train Loss: 0.0811, Val Acc: 0.4257
2026-01-01 04:42:50,053 | INFO     | __main__                  | Epoch 25/30 - Train Loss: 0.0354, Val Acc: 0.3849
2026-01-01 04:43:15,985 | INFO     | __main__                  | Epoch 30/30 - Train Loss: 0.0389, Val Acc: 0.4002
2026-01-01 04:43:16,032 | INFO     | __main__                  | Saved ViT weights: C:\Users\pc\Documents\pyProject\pyForex-1\models\weights\vit_SWING.pth
2026-01-01 04:43:16,192 | INFO     | __main__                  | ============================================================
2026-01-01 04:43:16,192 | INFO     | __main__                  |   TRAINING Meta-Labeling - SWING
2026-01-01 04:43:16,192 | INFO     | __main__                  | ============================================================
2026-01-01 04:43:16,260 | INFO     | __main__                  | Data shape: (49200, 8)
2026-01-01 04:43:29,083 | INFO     | __main__                  | Meta-labeling samples: 40,102
2026-01-01 04:43:29,083 | INFO     | __main__                  | Positive rate: 32.17%
2026-01-01 04:43:29,769 | INFO     | risk_management.phase3_filtering.meta_labeling | Meta-model trained: {'accuracy': 0.7607530233138012, 'precision': 0.0, 'recall': 0.0, 'f1': 0.0, 'roc_auc': 0.5144823906393123}
2026-01-01 04:43:29,769 | INFO     | __main__                  | Validation AUC: 0.5145
2026-01-01 04:43:29,769 | INFO     | __main__                  | Validation Accuracy: 0.7608
2026-01-01 04:43:29,790 | INFO     | risk_management.phase3_filtering.meta_labeling | Meta-labeling model saved to C:\Users\pc\Documents\pyProject\pyForex-1\checkpoints\meta_labeling\meta_model_SWING.pkl
2026-01-01 04:43:29,790 | INFO     | __main__                  | Saved meta-model: C:\Users\pc\Documents\pyProject\pyForex-1\checkpoints\meta_labeling\meta_model_SWING.pkl
2026-01-01 04:43:29,803 | INFO     | __main__                  | ============================================================
2026-01-01 04:43:29,803 | INFO     | __main__                  |   TRAINING Exit Optimizer (PPO) - SWING
2026-01-01 04:43:29,803 | INFO     | __main__                  | ============================================================
2026-01-01 04:43:29,871 | INFO     | risk_management.phase4_rl_exit.environment | ExitTradingEnv initialized: obs_dim=22, action_dim=6
2026-01-01 04:43:29,906 | INFO     | risk_management.phase4_rl_exit.environment | ExitTradingEnv initialized: obs_dim=22, action_dim=6
2026-01-01 04:43:29,949 | INFO     | risk_management.phase4_rl_exit.environment | ExitTradingEnv initialized: obs_dim=22, action_dim=6
2026-01-01 04:43:29,970 | INFO     | risk_management.phase4_rl_exit.environment | ExitTradingEnv initialized: obs_dim=22, action_dim=6
2026-01-01 04:43:30,022 | INFO     | risk_management.phase4_rl_exit.ppo_agent | PPOAgent initialized: obs_dim=22, action_dim=6, device=cuda
2026-01-01 04:43:30,031 | INFO     | risk_management.phase4_rl_exit.trainer | Starting training for 100000 timesteps
2026-01-01 04:43:30,044 | ERROR    | __main__                  | Exit optimizer training failed for SWING: 'float' object is not callable
2026-01-01 04:43:30,055 | INFO     | __main__                  | 
======================================================================
2026-01-01 04:43:30,055 | INFO     | __main__                  |   TRAINING SUMMARY
2026-01-01 04:43:30,055 | INFO     | __main__                  | ======================================================================
2026-01-01 04:43:30,055 | INFO     | __main__                  |   [FAILED] tcn_SCALP: No module named 'numba'
2026-01-01 04:43:30,055 | INFO     | __main__                  |   [SUCCESS] vit_SCALP
2026-01-01 04:43:30,055 | INFO     | __main__                  |   [FAILED] meta_SCALP: No module named 'numba'
2026-01-01 04:43:30,055 | INFO     | __main__                  |   [FAILED] exit_SCALP: 'float' object is not callable
2026-01-01 04:43:30,059 | INFO     | __main__                  |   [FAILED] tcn_INTRADAY: No module named 'numba'
2026-01-01 04:43:30,059 | INFO     | __main__                  |   [SUCCESS] vit_INTRADAY
2026-01-01 04:43:30,059 | INFO     | __main__                  |   [SUCCESS] meta_INTRADAY
2026-01-01 04:43:30,059 | INFO     | __main__                  |   [FAILED] exit_INTRADAY: 'float' object is not callable
2026-01-01 04:43:30,059 | INFO     | __main__                  |   [SUCCESS] tcn_SWING
2026-01-01 04:43:30,059 | INFO     | __main__                  |   [SUCCESS] vit_SWING
2026-01-01 04:43:30,059 | INFO     | __main__                  |   [SUCCESS] meta_SWING
2026-01-01 04:43:30,060 | INFO     | __main__                  |   [FAILED] exit_SWING: 'float' object is not callable
2026-01-01 04:43:30,062 | INFO     | __main__                  | 
Results saved to: C:\Users\pc\Documents\pyProject\pyForex-1\training_results.json
2026-01-01 04:43:30,062 | INFO     | __main__                  | ======================================================================
2026-01-01 04:46:02,675 | INFO     | __main__                  | ======================================================================
2026-01-01 04:46:02,675 | INFO     | __main__                  |   pyForex COMPREHENSIVE MODEL TRAINING
2026-01-01 04:46:02,675 | INFO     | __main__                  | ======================================================================
2026-01-01 04:46:02,675 | INFO     | __main__                  |   Models: ['tcn', 'vit', 'meta', 'exit']
2026-01-01 04:46:02,675 | INFO     | __main__                  |   Profiles: ['SCALP', 'INTRADAY', 'SWING']
2026-01-01 04:46:02,675 | INFO     | __main__                  |   Max Data Rows: 1,000,000
2026-01-01 04:46:02,675 | INFO     | __main__                  |   Epochs: 50
2026-01-01 04:46:02,675 | INFO     | __main__                  |   Batch Size: 64
2026-01-01 04:46:02,675 | INFO     | __main__                  |   Device: auto
2026-01-01 04:46:02,675 | INFO     | __main__                  | ======================================================================
2026-01-01 04:46:02,675 | INFO     | __main__                  | ============================================================
2026-01-01 04:46:02,675 | INFO     | __main__                  |   TRAINING MultiHeadTCN - SCALP
2026-01-01 04:46:02,675 | INFO     | __main__                  | ============================================================
2026-01-01 04:46:04,303 | INFO     | __main__                  | Using device: cuda
2026-01-01 04:46:04,303 | INFO     | __main__                  | Loading data from C:\Users\pc\Documents\pyProject\pyForex-1\data\raw\EURUSD_M5_latest.csv...
2026-01-01 04:46:04,553 | INFO     | __main__                  | Data shape: (200000, 8)
2026-01-01 04:46:04,553 | INFO     | __main__                  | Engineering features...
2026-01-01 04:49:27,394 | INFO     | __main__                  | ======================================================================
2026-01-01 04:49:27,394 | INFO     | __main__                  |   pyForex COMPREHENSIVE MODEL TRAINING
2026-01-01 04:49:27,394 | INFO     | __main__                  | ======================================================================
2026-01-01 04:49:27,394 | INFO     | __main__                  |   Models: ['tcn', 'vit', 'meta', 'exit']
2026-01-01 04:49:27,394 | INFO     | __main__                  |   Profiles: ['SCALP', 'INTRADAY', 'SWING']
2026-01-01 04:49:27,394 | INFO     | __main__                  |   Max Data Rows: 1,000,000
2026-01-01 04:49:27,394 | INFO     | __main__                  |   Epochs: 50
2026-01-01 04:49:27,394 | INFO     | __main__                  |   Batch Size: 64
2026-01-01 04:49:27,394 | INFO     | __main__                  |   Device: auto
2026-01-01 04:49:27,394 | INFO     | __main__                  | ======================================================================
2026-01-01 04:49:27,403 | INFO     | __main__                  | ============================================================
2026-01-01 04:49:27,403 | INFO     | __main__                  |   TRAINING MultiHeadTCN - SCALP
2026-01-01 04:49:27,403 | INFO     | __main__                  | ============================================================
2026-01-01 04:49:29,019 | INFO     | __main__                  | Using device: cuda
2026-01-01 04:49:29,019 | INFO     | __main__                  | Loading data from C:\Users\pc\Documents\pyProject\pyForex-1\data\raw\EURUSD_M5_latest.csv...
2026-01-01 04:49:29,269 | INFO     | __main__                  | Data shape: (200000, 8)
2026-01-01 04:49:29,269 | INFO     | __main__                  | Engineering features...
2026-01-01 04:50:22,863 | INFO     | __main__                  | ======================================================================
2026-01-01 04:50:22,863 | INFO     | __main__                  |   pyForex COMPREHENSIVE MODEL TRAINING
2026-01-01 04:50:22,863 | INFO     | __main__                  | ======================================================================
2026-01-01 04:50:22,863 | INFO     | __main__                  |   Models: ['tcn', 'vit', 'meta', 'exit']
2026-01-01 04:50:22,863 | INFO     | __main__                  |   Profiles: ['SCALP', 'INTRADAY', 'SWING']
2026-01-01 04:50:22,863 | INFO     | __main__                  |   Max Data Rows: 1,000,000
2026-01-01 04:50:22,863 | INFO     | __main__                  |   Epochs: 50
2026-01-01 04:50:22,863 | INFO     | __main__                  |   Batch Size: 64
2026-01-01 04:50:22,863 | INFO     | __main__                  |   Device: auto
2026-01-01 04:50:22,863 | INFO     | __main__                  | ======================================================================
2026-01-01 04:50:22,863 | INFO     | __main__                  | ============================================================
2026-01-01 04:50:22,863 | INFO     | __main__                  |   TRAINING MultiHeadTCN - SCALP
2026-01-01 04:50:22,863 | INFO     | __main__                  | ============================================================
2026-01-01 04:50:24,628 | INFO     | __main__                  | Using device: cuda
2026-01-01 04:50:24,628 | INFO     | __main__                  | Loading data from C:\Users\pc\Documents\pyProject\pyForex-1\data\raw\EURUSD_M5_latest.csv...
2026-01-01 04:50:24,880 | INFO     | __main__                  | Data shape: (200000, 8)
2026-01-01 04:50:24,894 | INFO     | __main__                  | Engineering features...
2026-01-01 04:52:43,691 | INFO     | __main__                  | ======================================================================
2026-01-01 04:52:43,691 | INFO     | __main__                  |   pyForex COMPREHENSIVE MODEL TRAINING
2026-01-01 04:52:43,691 | INFO     | __main__                  | ======================================================================
2026-01-01 04:52:43,691 | INFO     | __main__                  |   Models: ['tcn', 'vit', 'meta', 'exit']
2026-01-01 04:52:43,691 | INFO     | __main__                  |   Profiles: ['SCALP', 'INTRADAY', 'SWING']
2026-01-01 04:52:43,691 | INFO     | __main__                  |   Max Data Rows: 1,000,000
2026-01-01 04:52:43,691 | INFO     | __main__                  |   Epochs: 50
2026-01-01 04:52:43,691 | INFO     | __main__                  |   Batch Size: 64
2026-01-01 04:52:43,691 | INFO     | __main__                  |   Device: auto
2026-01-01 04:52:43,691 | INFO     | __main__                  | ======================================================================
2026-01-01 04:52:43,691 | INFO     | __main__                  | ============================================================
2026-01-01 04:52:43,691 | INFO     | __main__                  |   TRAINING MultiHeadTCN - SCALP
2026-01-01 04:52:43,691 | INFO     | __main__                  | ============================================================
2026-01-01 04:52:45,332 | INFO     | __main__                  | Using device: cuda
2026-01-01 04:52:45,332 | INFO     | __main__                  | Loading data from C:\Users\pc\Documents\pyProject\pyForex-1\data\raw\EURUSD_M5_latest.csv...
2026-01-01 04:52:45,646 | INFO     | __main__                  | Data shape: (200000, 8)
2026-01-01 04:52:45,646 | INFO     | __main__                  | Engineering features...
2026-01-01 04:53:38,440 | INFO     | __main__                  | Features shape after dropna: (199801, 297)
2026-01-01 04:53:38,695 | INFO     | __main__                  | Selecting top 64 features from 288...
2026-01-01 04:53:40,730 | INFO     | __main__                  | Selected 64 features
2026-01-01 04:53:40,730 | INFO     | __main__                  | Preparing features and labels...
2026-01-01 04:53:46,243 | INFO     | __main__                  | Prepared 199,795 samples
2026-01-01 04:53:46,243 | INFO     | __main__                  | Direction distribution: BEAR=8410, SIDE=182890, BULL=8495
2026-01-01 04:53:46,257 | INFO     | __main__                  | Class weights: tensor([7.9189, 0.3641, 7.8397])
2026-01-01 04:53:47,487 | INFO     | __main__                  | Train: 159,788, Val: 39,887
2026-01-01 04:53:47,509 | INFO     | __main__                  | Model parameters: 489,931
2026-01-01 04:53:49,456 | INFO     | risk_management.phase1_predictive.training | Starting training for 50 epochs
2026-01-01 04:55:33,317 | INFO     | risk_management.phase1_predictive.training | Epoch 1/50 | Train Loss: 8.1042 | Val Loss: 0.3754 | Dir Acc: 0.685 | Vol MAE: 0.0001
2026-01-01 04:57:16,179 | INFO     | risk_management.phase1_predictive.training | Epoch 2/50 | Train Loss: 0.0937 | Val Loss: 1.5839 | Dir Acc: 0.578 | Vol MAE: 0.0006
2026-01-01 04:58:59,328 | INFO     | risk_management.phase1_predictive.training | Epoch 3/50 | Train Loss: -0.5710 | Val Loss: 0.6839 | Dir Acc: 0.729 | Vol MAE: 0.0005
2026-01-01 05:00:41,444 | INFO     | risk_management.phase1_predictive.training | Epoch 4/50 | Train Loss: -1.5493 | Val Loss: -0.0709 | Dir Acc: 0.576 | Vol MAE: 0.0005
2026-01-01 05:02:23,292 | INFO     | risk_management.phase1_predictive.training | Epoch 5/50 | Train Loss: -2.7540 | Val Loss: -1.2348 | Dir Acc: 0.719 | Vol MAE: 0.0003
2026-01-01 05:04:06,971 | INFO     | risk_management.phase1_predictive.training | Epoch 6/50 | Train Loss: -3.5774 | Val Loss: 0.5730 | Dir Acc: 0.736 | Vol MAE: 0.0003
2026-01-01 05:05:49,257 | INFO     | risk_management.phase1_predictive.training | Epoch 7/50 | Train Loss: -3.6997 | Val Loss: 2.1443 | Dir Acc: 0.572 | Vol MAE: 0.0004
2026-01-01 05:07:33,386 | INFO     | risk_management.phase1_predictive.training | Epoch 8/50 | Train Loss: -3.7359 | Val Loss: -1.8942 | Dir Acc: 0.701 | Vol MAE: 0.0001
2026-01-01 05:09:13,127 | INFO     | risk_management.phase1_predictive.training | Epoch 9/50 | Train Loss: -3.7852 | Val Loss: -1.8729 | Dir Acc: 0.606 | Vol MAE: 0.0003
2026-01-01 05:10:53,690 | INFO     | risk_management.phase1_predictive.training | Epoch 10/50 | Train Loss: -3.7920 | Val Loss: 2.7760 | Dir Acc: 0.639 | Vol MAE: 0.0003
2026-01-01 05:12:35,480 | INFO     | risk_management.phase1_predictive.training | Epoch 11/50 | Train Loss: -3.8284 | Val Loss: 0.4579 | Dir Acc: 0.809 | Vol MAE: 0.0002
2026-01-01 05:14:16,926 | INFO     | risk_management.phase1_predictive.training | Epoch 12/50 | Train Loss: -3.8432 | Val Loss: -1.4593 | Dir Acc: 0.713 | Vol MAE: 0.0001
2026-01-01 05:15:59,829 | INFO     | risk_management.phase1_predictive.training | Epoch 13/50 | Train Loss: -3.8810 | Val Loss: 2.8876 | Dir Acc: 0.512 | Vol MAE: 0.0003
2026-01-01 05:17:43,602 | INFO     | risk_management.phase1_predictive.training | Epoch 14/50 | Train Loss: -3.9068 | Val Loss: 2.7596 | Dir Acc: 0.704 | Vol MAE: 0.0003
2026-01-01 05:19:26,077 | INFO     | risk_management.phase1_predictive.training | Epoch 15/50 | Train Loss: -3.9155 | Val Loss: 1.7206 | Dir Acc: 0.699 | Vol MAE: 0.0003
2026-01-01 05:21:06,355 | INFO     | risk_management.phase1_predictive.training | Epoch 16/50 | Train Loss: -3.9076 | Val Loss: 0.2887 | Dir Acc: 0.822 | Vol MAE: 0.0002
2026-01-01 05:22:49,053 | INFO     | risk_management.phase1_predictive.training | Epoch 17/50 | Train Loss: -3.9288 | Val Loss: 1.2535 | Dir Acc: 0.592 | Vol MAE: 0.0002
2026-01-01 05:24:33,325 | INFO     | risk_management.phase1_predictive.training | Epoch 18/50 | Train Loss: -3.9342 | Val Loss: 4.1098 | Dir Acc: 0.739 | Vol MAE: 0.0004
2026-01-01 05:26:16,007 | INFO     | risk_management.phase1_predictive.training | Epoch 19/50 | Train Loss: -3.9569 | Val Loss: 1.5429 | Dir Acc: 0.631 | Vol MAE: 0.0002
2026-01-01 05:27:56,890 | INFO     | risk_management.phase1_predictive.training | Epoch 20/50 | Train Loss: -3.9611 | Val Loss: 0.9777 | Dir Acc: 0.710 | Vol MAE: 0.0002
2026-01-01 05:29:38,863 | INFO     | risk_management.phase1_predictive.training | Epoch 21/50 | Train Loss: -3.9510 | Val Loss: 0.6900 | Dir Acc: 0.690 | Vol MAE: 0.0002
2026-01-01 05:31:20,355 | INFO     | risk_management.phase1_predictive.training | Epoch 22/50 | Train Loss: -3.9301 | Val Loss: 0.5114 | Dir Acc: 0.686 | Vol MAE: 0.0002
2026-01-01 05:33:02,633 | INFO     | risk_management.phase1_predictive.training | Epoch 23/50 | Train Loss: -3.9833 | Val Loss: 0.9888 | Dir Acc: 0.687 | Vol MAE: 0.0002
2026-01-01 05:33:02,633 | INFO     | risk_management.phase1_predictive.training | Early stopping triggered at epoch 23
2026-01-01 05:33:02,633 | INFO     | risk_management.phase1_predictive.training | Loaded best model from epoch 8
2026-01-01 05:33:02,788 | INFO     | __main__                  | Saved checkpoint: C:\Users\pc\Documents\pyProject\pyForex-1\checkpoints\multihead_tcn\multihead_tcn_SCALP.pth
2026-01-01 05:33:02,828 | INFO     | __main__                  | Saved weights: C:\Users\pc\Documents\pyProject\pyForex-1\models\weights\multihead_tcn_SCALP.pth
2026-01-01 05:33:03,008 | INFO     | __main__                  | ============================================================
2026-01-01 05:33:03,008 | INFO     | __main__                  |   TRAINING ViT - SCALP
2026-01-01 05:33:03,008 | INFO     | __main__                  | ============================================================
2026-01-01 05:33:03,940 | WARNING  | __main__                  | ViT training module not fully available. Using simplified training.
2026-01-01 05:33:03,940 | INFO     | __main__                  | Using simplified ViT training...
2026-01-01 05:33:04,213 | INFO     | __main__                  | Creating synthetic chart features for ViT training...
2026-01-01 05:33:32,127 | INFO     | __main__                  | Created 10000 samples
2026-01-01 05:33:32,127 | INFO     | __main__                  | Label distribution: BEAR=115, SIDE=9777, BULL=108
2026-01-01 05:33:32,241 | INFO     | timm.models._builder      | Loading pretrained weights from Hugging Face hub (timm/vit_tiny_patch16_224.augreg_in21k_ft_in1k)
2026-01-01 05:33:33,110 | INFO     | timm.models._hub          | [timm/vit_tiny_patch16_224.augreg_in21k_ft_in1k] Safe alternative available for 'pytorch_model.bin' (as 'model.safetensors'). Loading weights using safetensors.
2026-01-01 05:33:33,135 | INFO     | timm.models._builder      | Missing keys (head.weight, head.bias) discovered while loading pretrained weights. This is expected if model is being adapted.
2026-01-01 05:34:24,161 | INFO     | __main__                  | Epoch 5/30 - Train Loss: 0.1221, Val Acc: 0.9790
2026-01-01 05:35:15,749 | INFO     | __main__                  | Epoch 10/30 - Train Loss: 0.1168, Val Acc: 0.9790
2026-01-01 05:36:07,395 | INFO     | __main__                  | Epoch 15/30 - Train Loss: 0.0925, Val Acc: 0.9780
2026-01-01 05:36:59,972 | INFO     | __main__                  | Epoch 20/30 - Train Loss: 0.0506, Val Acc: 0.9725
2026-01-01 05:37:50,941 | INFO     | __main__                  | Epoch 25/30 - Train Loss: 0.0180, Val Acc: 0.9780
2026-01-01 05:38:41,999 | INFO     | __main__                  | Epoch 30/30 - Train Loss: 0.0121, Val Acc: 0.9720
2026-01-01 05:38:42,043 | INFO     | __main__                  | Saved ViT weights: C:\Users\pc\Documents\pyProject\pyForex-1\models\weights\vit_SCALP.pth
2026-01-01 05:38:42,315 | INFO     | __main__                  | ============================================================
2026-01-01 05:38:42,319 | INFO     | __main__                  |   TRAINING Meta-Labeling - SCALP
2026-01-01 05:38:42,319 | INFO     | __main__                  | ============================================================
2026-01-01 05:38:42,636 | INFO     | __main__                  | Data shape: (200000, 8)
2026-01-01 05:39:35,432 | INFO     | __main__                  | Meta-labeling samples: 13,642
2026-01-01 05:39:35,432 | INFO     | __main__                  | Positive rate: 13.00%
2026-01-01 05:39:35,886 | INFO     | risk_management.phase3_filtering.meta_labeling | Meta-model trained: {'accuracy': 0.8871381458409674, 'precision': 0.0, 'recall': 0.0, 'f1': 0.0, 'roc_auc': 0.6802330429262703}
2026-01-01 05:39:35,886 | INFO     | __main__                  | Validation AUC: 0.6802
2026-01-01 05:39:35,886 | INFO     | __main__                  | Validation Accuracy: 0.8871
2026-01-01 05:39:35,905 | INFO     | risk_management.phase3_filtering.meta_labeling | Meta-labeling model saved to C:\Users\pc\Documents\pyProject\pyForex-1\checkpoints\meta_labeling\meta_model_SCALP.pkl
2026-01-01 05:39:35,905 | INFO     | __main__                  | Saved meta-model: C:\Users\pc\Documents\pyProject\pyForex-1\checkpoints\meta_labeling\meta_model_SCALP.pkl
2026-01-01 05:39:35,946 | INFO     | __main__                  | ============================================================
2026-01-01 05:39:35,946 | INFO     | __main__                  |   TRAINING Exit Optimizer (PPO) - SCALP
2026-01-01 05:39:35,946 | INFO     | __main__                  | ============================================================
2026-01-01 05:39:36,227 | INFO     | risk_management.phase4_rl_exit.environment | ExitTradingEnv initialized: obs_dim=22, action_dim=6
2026-01-01 05:39:36,364 | INFO     | risk_management.phase4_rl_exit.environment | ExitTradingEnv initialized: obs_dim=22, action_dim=6
2026-01-01 05:39:36,481 | INFO     | risk_management.phase4_rl_exit.environment | ExitTradingEnv initialized: obs_dim=22, action_dim=6
2026-01-01 05:39:36,603 | INFO     | risk_management.phase4_rl_exit.environment | ExitTradingEnv initialized: obs_dim=22, action_dim=6
2026-01-01 05:39:36,743 | INFO     | risk_management.phase4_rl_exit.ppo_agent | PPOAgent initialized: obs_dim=22, action_dim=6, device=cuda
2026-01-01 05:39:36,755 | INFO     | risk_management.phase4_rl_exit.trainer | Starting training for 100000 timesteps
2026-01-01 05:39:36,841 | ERROR    | __main__                  | Exit optimizer training failed for SCALP: 'float' object is not callable
2026-01-01 05:39:36,861 | INFO     | __main__                  | ============================================================
2026-01-01 05:39:36,861 | INFO     | __main__                  |   TRAINING MultiHeadTCN - INTRADAY
2026-01-01 05:39:36,861 | INFO     | __main__                  | ============================================================
2026-01-01 05:39:36,861 | INFO     | __main__                  | Using device: cuda
2026-01-01 05:39:36,861 | INFO     | __main__                  | Loading data from C:\Users\pc\Documents\pyProject\pyForex-1\data\raw\EURUSD_H1_latest.csv...
2026-01-01 05:39:37,109 | INFO     | __main__                  | Data shape: (174747, 8)
2026-01-01 05:39:37,109 | INFO     | __main__                  | Engineering features...
2026-01-01 05:40:22,973 | INFO     | __main__                  | Features shape after dropna: (174378, 297)
2026-01-01 05:40:23,226 | INFO     | __main__                  | Selecting top 64 features from 288...
2026-01-01 05:40:25,358 | INFO     | __main__                  | Selected 64 features
2026-01-01 05:40:25,358 | INFO     | __main__                  | Preparing features and labels...
2026-01-01 05:40:29,911 | INFO     | __main__                  | Prepared 174,368 samples
2026-01-01 05:40:29,911 | INFO     | __main__                  | Direction distribution: BEAR=41863, SIDE=90502, BULL=42003
2026-01-01 05:40:29,911 | INFO     | __main__                  | Class weights: tensor([1.3884, 0.6422, 1.3838])
2026-01-01 05:40:30,956 | INFO     | __main__                  | Train: 139,446, Val: 34,802
2026-01-01 05:40:30,975 | INFO     | __main__                  | Model parameters: 589,003
2026-01-01 05:40:30,980 | INFO     | risk_management.phase1_predictive.training | Starting training for 50 epochs
2026-01-01 05:42:07,165 | INFO     | risk_management.phase1_predictive.training | Epoch 1/50 | Train Loss: 1.4273 | Val Loss: 0.4412 | Dir Acc: 0.540 | Vol MAE: 0.0006
2026-01-01 05:43:42,659 | INFO     | risk_management.phase1_predictive.training | Epoch 2/50 | Train Loss: 0.1112 | Val Loss: 0.1897 | Dir Acc: 0.572 | Vol MAE: 0.0014
2026-01-01 05:45:20,159 | INFO     | risk_management.phase1_predictive.training | Epoch 3/50 | Train Loss: -0.5828 | Val Loss: -0.3942 | Dir Acc: 0.541 | Vol MAE: 0.0014
2026-01-01 05:46:55,678 | INFO     | risk_management.phase1_predictive.training | Epoch 4/50 | Train Loss: -1.6476 | Val Loss: -0.1027 | Dir Acc: 0.545 | Vol MAE: 0.0015
2026-01-01 05:48:32,909 | INFO     | risk_management.phase1_predictive.training | Epoch 5/50 | Train Loss: -2.6334 | Val Loss: 0.0561 | Dir Acc: 0.555 | Vol MAE: 0.0014
2026-01-01 05:50:09,600 | INFO     | risk_management.phase1_predictive.training | Epoch 6/50 | Train Loss: -2.9780 | Val Loss: 0.1040 | Dir Acc: 0.557 | Vol MAE: 0.0015
2026-01-01 05:51:46,815 | INFO     | risk_management.phase1_predictive.training | Epoch 7/50 | Train Loss: -2.9888 | Val Loss: -0.5229 | Dir Acc: 0.547 | Vol MAE: 0.0012
2026-01-01 05:53:22,885 | INFO     | risk_management.phase1_predictive.training | Epoch 8/50 | Train Loss: -2.9983 | Val Loss: -0.1984 | Dir Acc: 0.555 | Vol MAE: 0.0014
2026-01-01 05:54:58,738 | INFO     | risk_management.phase1_predictive.training | Epoch 9/50 | Train Loss: -3.0044 | Val Loss: -0.0074 | Dir Acc: 0.521 | Vol MAE: 0.0014
2026-01-01 05:56:33,758 | INFO     | risk_management.phase1_predictive.training | Epoch 10/50 | Train Loss: -3.0136 | Val Loss: -0.3228 | Dir Acc: 0.460 | Vol MAE: 0.0013
2026-01-01 05:58:10,927 | INFO     | risk_management.phase1_predictive.training | Epoch 11/50 | Train Loss: -3.0203 | Val Loss: 0.0718 | Dir Acc: 0.548 | Vol MAE: 0.0014
2026-01-01 05:59:45,847 | INFO     | risk_management.phase1_predictive.training | Epoch 12/50 | Train Loss: -3.0474 | Val Loss: -0.2424 | Dir Acc: 0.545 | Vol MAE: 0.0013
2026-01-01 06:01:22,353 | INFO     | risk_management.phase1_predictive.training | Epoch 13/50 | Train Loss: -3.0716 | Val Loss: -0.0062 | Dir Acc: 0.532 | Vol MAE: 0.0013
2026-01-01 06:02:57,347 | INFO     | risk_management.phase1_predictive.training | Epoch 14/50 | Train Loss: -3.0817 | Val Loss: 0.2319 | Dir Acc: 0.481 | Vol MAE: 0.0014
2026-01-01 06:04:33,007 | INFO     | risk_management.phase1_predictive.training | Epoch 15/50 | Train Loss: -3.0873 | Val Loss: 0.0777 | Dir Acc: 0.532 | Vol MAE: 0.0014
2026-01-01 06:06:09,244 | INFO     | risk_management.phase1_predictive.training | Epoch 16/50 | Train Loss: -3.1002 | Val Loss: -0.4933 | Dir Acc: 0.491 | Vol MAE: 0.0011
2026-01-01 06:07:41,211 | INFO     | risk_management.phase1_predictive.training | Epoch 17/50 | Train Loss: -3.1126 | Val Loss: 0.1683 | Dir Acc: 0.459 | Vol MAE: 0.0013
2026-01-01 06:09:13,554 | INFO     | risk_management.phase1_predictive.training | Epoch 18/50 | Train Loss: -3.1192 | Val Loss: 0.0387 | Dir Acc: 0.417 | Vol MAE: 0.0013
2026-01-01 06:10:45,532 | INFO     | risk_management.phase1_predictive.training | Epoch 19/50 | Train Loss: -3.1303 | Val Loss: 0.2875 | Dir Acc: 0.422 | Vol MAE: 0.0013
2026-01-01 06:12:16,216 | INFO     | risk_management.phase1_predictive.training | Epoch 20/50 | Train Loss: -3.1440 | Val Loss: 0.1302 | Dir Acc: 0.397 | Vol MAE: 0.0013
2026-01-01 06:13:47,373 | INFO     | risk_management.phase1_predictive.training | Epoch 21/50 | Train Loss: -3.1543 | Val Loss: 0.1534 | Dir Acc: 0.405 | Vol MAE: 0.0013
2026-01-01 06:15:19,108 | INFO     | risk_management.phase1_predictive.training | Epoch 22/50 | Train Loss: -3.1689 | Val Loss: 1.1603 | Dir Acc: 0.418 | Vol MAE: 0.0016
2026-01-01 06:15:19,108 | INFO     | risk_management.phase1_predictive.training | Early stopping triggered at epoch 22
2026-01-01 06:15:19,110 | INFO     | risk_management.phase1_predictive.training | Loaded best model from epoch 7
2026-01-01 06:15:19,233 | INFO     | __main__                  | Saved checkpoint: C:\Users\pc\Documents\pyProject\pyForex-1\checkpoints\multihead_tcn\multihead_tcn_INTRADAY.pth
2026-01-01 06:15:19,280 | INFO     | __main__                  | Saved weights: C:\Users\pc\Documents\pyProject\pyForex-1\models\weights\multihead_tcn_INTRADAY.pth
2026-01-01 06:15:19,401 | INFO     | __main__                  | ============================================================
2026-01-01 06:15:19,402 | INFO     | __main__                  |   TRAINING ViT - INTRADAY
2026-01-01 06:15:19,402 | INFO     | __main__                  | ============================================================
2026-01-01 06:15:19,403 | WARNING  | __main__                  | ViT training module not fully available. Using simplified training.
2026-01-01 06:15:19,403 | INFO     | __main__                  | Using simplified ViT training...
2026-01-01 06:15:19,606 | INFO     | __main__                  | Creating synthetic chart features for ViT training...
2026-01-01 06:15:44,439 | INFO     | __main__                  | Created 10000 samples
2026-01-01 06:15:44,441 | INFO     | __main__                  | Label distribution: BEAR=1965, SIDE=5986, BULL=2049
2026-01-01 06:15:44,554 | INFO     | timm.models._builder      | Loading pretrained weights from Hugging Face hub (timm/vit_tiny_patch16_224.augreg_in21k_ft_in1k)
2026-01-01 06:15:55,713 | WARNING  | huggingface_hub.utils._http | '(MaxRetryError('HTTPSConnectionPool(host=\'huggingface.co\', port=443): Max retries exceeded with url: /timm/vit_tiny_patch16_224.augreg_in21k_ft_in1k/resolve/main/model.safetensors (Caused by NameResolutionError("HTTPSConnection(host=\'huggingface.co\', port=443): Failed to resolve \'huggingface.co\' ([Errno 11001] getaddrinfo failed)"))'), '(Request ID: cde9377a-5814-448d-ba07-eed1cc2dd6e9)')' thrown while requesting HEAD https://huggingface.co/timm/vit_tiny_patch16_224.augreg_in21k_ft_in1k/resolve/main/model.safetensors
2026-01-01 06:15:55,715 | WARNING  | huggingface_hub.utils._http | Retrying in 1s [Retry 1/5].
2026-01-01 06:15:56,720 | WARNING  | huggingface_hub.utils._http | '(MaxRetryError('HTTPSConnectionPool(host=\'huggingface.co\', port=443): Max retries exceeded with url: /timm/vit_tiny_patch16_224.augreg_in21k_ft_in1k/resolve/main/model.safetensors (Caused by NameResolutionError("HTTPSConnection(host=\'huggingface.co\', port=443): Failed to resolve \'huggingface.co\' ([Errno 11001] getaddrinfo failed)"))'), '(Request ID: 360d1a34-5108-4fec-a621-cf2a56899afc)')' thrown while requesting HEAD https://huggingface.co/timm/vit_tiny_patch16_224.augreg_in21k_ft_in1k/resolve/main/model.safetensors
2026-01-01 06:15:56,722 | WARNING  | huggingface_hub.utils._http | Retrying in 2s [Retry 2/5].
2026-01-01 06:15:58,724 | WARNING  | huggingface_hub.utils._http | '(MaxRetryError('HTTPSConnectionPool(host=\'huggingface.co\', port=443): Max retries exceeded with url: /timm/vit_tiny_patch16_224.augreg_in21k_ft_in1k/resolve/main/model.safetensors (Caused by NameResolutionError("HTTPSConnection(host=\'huggingface.co\', port=443): Failed to resolve \'huggingface.co\' ([Errno 11001] getaddrinfo failed)"))'), '(Request ID: a6551364-e934-4d0f-b306-a3112a6c83fc)')' thrown while requesting HEAD https://huggingface.co/timm/vit_tiny_patch16_224.augreg_in21k_ft_in1k/resolve/main/model.safetensors
2026-01-01 06:15:58,724 | WARNING  | huggingface_hub.utils._http | Retrying in 4s [Retry 3/5].
2026-01-01 06:16:07,858 | WARNING  | huggingface_hub.utils._http | '(MaxRetryError('HTTPSConnectionPool(host=\'huggingface.co\', port=443): Max retries exceeded with url: /timm/vit_tiny_patch16_224.augreg_in21k_ft_in1k/resolve/main/model.safetensors (Caused by NameResolutionError("HTTPSConnection(host=\'huggingface.co\', port=443): Failed to resolve \'huggingface.co\' ([Errno 11001] getaddrinfo failed)"))'), '(Request ID: eccabcbd-3822-43bb-a909-781b7d8675bf)')' thrown while requesting HEAD https://huggingface.co/timm/vit_tiny_patch16_224.augreg_in21k_ft_in1k/resolve/main/model.safetensors
2026-01-01 06:16:07,860 | WARNING  | huggingface_hub.utils._http | Retrying in 8s [Retry 4/5].
2026-01-01 06:16:16,572 | INFO     | timm.models._hub          | [timm/vit_tiny_patch16_224.augreg_in21k_ft_in1k] Safe alternative available for 'pytorch_model.bin' (as 'model.safetensors'). Loading weights using safetensors.
2026-01-01 06:16:16,594 | INFO     | timm.models._builder      | Missing keys (head.weight, head.bias) discovered while loading pretrained weights. This is expected if model is being adapted.
2026-01-01 06:17:08,430 | INFO     | __main__                  | Epoch 5/30 - Train Loss: 0.9357, Val Acc: 0.5970
2026-01-01 06:17:58,707 | INFO     | __main__                  | Epoch 10/30 - Train Loss: 0.8781, Val Acc: 0.5955
2026-01-01 06:18:49,538 | INFO     | __main__                  | Epoch 15/30 - Train Loss: 0.6145, Val Acc: 0.4960
2026-01-01 06:19:39,989 | INFO     | __main__                  | Epoch 20/30 - Train Loss: 0.1679, Val Acc: 0.4780
2026-01-01 06:20:31,957 | INFO     | __main__                  | Epoch 25/30 - Train Loss: 0.0733, Val Acc: 0.4970
2026-01-01 06:21:23,878 | INFO     | __main__                  | Epoch 30/30 - Train Loss: 0.0382, Val Acc: 0.4715
2026-01-01 06:21:23,928 | INFO     | __main__                  | Saved ViT weights: C:\Users\pc\Documents\pyProject\pyForex-1\models\weights\vit_INTRADAY.pth
2026-01-01 06:21:24,228 | INFO     | __main__                  | ============================================================
2026-01-01 06:21:24,228 | INFO     | __main__                  |   TRAINING Meta-Labeling - INTRADAY
2026-01-01 06:21:24,228 | INFO     | __main__                  | ============================================================
2026-01-01 06:21:24,472 | INFO     | __main__                  | Data shape: (174747, 8)
2026-01-01 06:22:07,678 | INFO     | __main__                  | Meta-labeling samples: 99,423
2026-01-01 06:22:07,678 | INFO     | __main__                  | Positive rate: 25.73%
2026-01-01 06:22:09,700 | INFO     | risk_management.phase3_filtering.meta_labeling | Meta-model trained: {'accuracy': 0.8030173497611265, 'precision': 0.45, 'recall': 0.0022988505747126436, 'f1': 0.00457433290978399, 'roc_auc': 0.6687231886735265}
2026-01-01 06:22:09,700 | INFO     | __main__                  | Validation AUC: 0.6687
2026-01-01 06:22:09,700 | INFO     | __main__                  | Validation Accuracy: 0.8030
2026-01-01 06:22:09,711 | INFO     | risk_management.phase3_filtering.meta_labeling | Meta-labeling model saved to C:\Users\pc\Documents\pyProject\pyForex-1\checkpoints\meta_labeling\meta_model_INTRADAY.pkl
2026-01-01 06:22:09,711 | INFO     | __main__                  | Saved meta-model: C:\Users\pc\Documents\pyProject\pyForex-1\checkpoints\meta_labeling\meta_model_INTRADAY.pkl
2026-01-01 06:22:09,758 | INFO     | __main__                  | ============================================================
2026-01-01 06:22:09,758 | INFO     | __main__                  |   TRAINING Exit Optimizer (PPO) - INTRADAY
2026-01-01 06:22:09,758 | INFO     | __main__                  | ============================================================
2026-01-01 06:22:09,977 | INFO     | risk_management.phase4_rl_exit.environment | ExitTradingEnv initialized: obs_dim=22, action_dim=6
2026-01-01 06:22:10,087 | INFO     | risk_management.phase4_rl_exit.environment | ExitTradingEnv initialized: obs_dim=22, action_dim=6
2026-01-01 06:22:10,180 | INFO     | risk_management.phase4_rl_exit.environment | ExitTradingEnv initialized: obs_dim=22, action_dim=6
2026-01-01 06:22:10,287 | INFO     | risk_management.phase4_rl_exit.environment | ExitTradingEnv initialized: obs_dim=22, action_dim=6
2026-01-01 06:22:10,383 | INFO     | risk_management.phase4_rl_exit.ppo_agent | PPOAgent initialized: obs_dim=22, action_dim=6, device=cuda
2026-01-01 06:22:10,398 | INFO     | risk_management.phase4_rl_exit.trainer | Starting training for 100000 timesteps
2026-01-01 06:22:10,409 | ERROR    | __main__                  | Exit optimizer training failed for INTRADAY: 'float' object is not callable
2026-01-01 06:22:10,430 | INFO     | __main__                  | ============================================================
2026-01-01 06:22:10,430 | INFO     | __main__                  |   TRAINING MultiHeadTCN - SWING
2026-01-01 06:22:10,430 | INFO     | __main__                  | ============================================================
2026-01-01 06:22:10,430 | INFO     | __main__                  | Using device: cuda
2026-01-01 06:22:10,430 | INFO     | __main__                  | Loading data from C:\Users\pc\Documents\pyProject\pyForex-1\data\raw\EURUSD_H4_latest.csv...
2026-01-01 06:22:10,496 | INFO     | __main__                  | Data shape: (49200, 8)
2026-01-01 06:22:10,496 | INFO     | __main__                  | Engineering features...
2026-01-01 06:22:22,364 | INFO     | __main__                  | Features shape after dropna: (48831, 297)
2026-01-01 06:22:22,384 | INFO     | __main__                  | Selecting top 64 features from 288...
2026-01-01 06:22:24,178 | INFO     | __main__                  | Selected 64 features
2026-01-01 06:22:24,178 | INFO     | __main__                  | Preparing features and labels...
2026-01-01 06:22:25,461 | INFO     | __main__                  | Prepared 48,811 samples
2026-01-01 06:22:25,461 | INFO     | __main__                  | Direction distribution: BEAR=14930, SIDE=18435, BULL=15446
2026-01-01 06:22:25,461 | INFO     | __main__                  | Class weights: tensor([1.0898, 0.8826, 1.0534])
2026-01-01 06:22:25,754 | INFO     | __main__                  | Train: 39,000, Val: 9,691
2026-01-01 06:22:25,771 | INFO     | __main__                  | Model parameters: 787,147
2026-01-01 06:22:25,787 | INFO     | risk_management.phase1_predictive.training | Starting training for 50 epochs
2026-01-01 06:22:59,034 | INFO     | risk_management.phase1_predictive.training | Epoch 1/50 | Train Loss: 2.4429 | Val Loss: 0.5426 | Dir Acc: 0.453 | Vol MAE: 0.0009
2026-01-01 06:23:28,457 | INFO     | risk_management.phase1_predictive.training | Epoch 2/50 | Train Loss: 0.4783 | Val Loss: 0.3927 | Dir Acc: 0.391 | Vol MAE: 0.0004
2026-01-01 06:23:58,660 | INFO     | risk_management.phase1_predictive.training | Epoch 3/50 | Train Loss: 0.2923 | Val Loss: 0.3304 | Dir Acc: 0.383 | Vol MAE: 0.0017
2026-01-01 06:24:28,739 | INFO     | risk_management.phase1_predictive.training | Epoch 4/50 | Train Loss: 0.0294 | Val Loss: 0.2352 | Dir Acc: 0.440 | Vol MAE: 0.0032
2026-01-01 06:24:59,051 | INFO     | risk_management.phase1_predictive.training | Epoch 5/50 | Train Loss: -0.3152 | Val Loss: 0.0063 | Dir Acc: 0.382 | Vol MAE: 0.0036
2026-01-01 06:25:29,863 | INFO     | risk_management.phase1_predictive.training | Epoch 6/50 | Train Loss: -0.7202 | Val Loss: -0.0620 | Dir Acc: 0.355 | Vol MAE: 0.0044
2026-01-01 06:26:00,833 | INFO     | risk_management.phase1_predictive.training | Epoch 7/50 | Train Loss: -1.1564 | Val Loss: -0.3851 | Dir Acc: 0.335 | Vol MAE: 0.0030
2026-01-01 06:26:31,427 | INFO     | risk_management.phase1_predictive.training | Epoch 8/50 | Train Loss: -1.6066 | Val Loss: -0.3722 | Dir Acc: 0.342 | Vol MAE: 0.0033
2026-01-01 06:27:02,468 | INFO     | risk_management.phase1_predictive.training | Epoch 9/50 | Train Loss: -2.0559 | Val Loss: -0.2297 | Dir Acc: 0.329 | Vol MAE: 0.0028
2026-01-01 06:27:33,301 | INFO     | risk_management.phase1_predictive.training | Epoch 10/50 | Train Loss: -2.4731 | Val Loss: 0.4136 | Dir Acc: 0.353 | Vol MAE: 0.0036
2026-01-01 06:28:04,688 | INFO     | risk_management.phase1_predictive.training | Epoch 11/50 | Train Loss: -2.8141 | Val Loss: 0.1403 | Dir Acc: 0.397 | Vol MAE: 0.0025
2026-01-01 06:28:35,515 | INFO     | risk_management.phase1_predictive.training | Epoch 12/50 | Train Loss: -3.0582 | Val Loss: 0.8779 | Dir Acc: 0.361 | Vol MAE: 0.0025
2026-01-01 06:29:07,240 | INFO     | risk_management.phase1_predictive.training | Epoch 13/50 | Train Loss: -3.2014 | Val Loss: 1.4093 | Dir Acc: 0.375 | Vol MAE: 0.0025
2026-01-01 06:29:38,754 | INFO     | risk_management.phase1_predictive.training | Epoch 14/50 | Train Loss: -3.2921 | Val Loss: 3.7581 | Dir Acc: 0.362 | Vol MAE: 0.0037
2026-01-01 06:30:09,521 | INFO     | risk_management.phase1_predictive.training | Epoch 15/50 | Train Loss: -3.3438 | Val Loss: 2.0772 | Dir Acc: 0.369 | Vol MAE: 0.0024
2026-01-01 06:30:40,504 | INFO     | risk_management.phase1_predictive.training | Epoch 16/50 | Train Loss: -3.3825 | Val Loss: 1.7863 | Dir Acc: 0.391 | Vol MAE: 0.0022
2026-01-01 06:31:10,878 | INFO     | risk_management.phase1_predictive.training | Epoch 17/50 | Train Loss: -3.4347 | Val Loss: 2.9815 | Dir Acc: 0.368 | Vol MAE: 0.0028
2026-01-01 06:31:41,333 | INFO     | risk_management.phase1_predictive.training | Epoch 18/50 | Train Loss: -3.4748 | Val Loss: 2.7246 | Dir Acc: 0.390 | Vol MAE: 0.0024
2026-01-01 06:32:12,708 | INFO     | risk_management.phase1_predictive.training | Epoch 19/50 | Train Loss: -3.5013 | Val Loss: 3.6389 | Dir Acc: 0.396 | Vol MAE: 0.0030
2026-01-01 06:32:43,597 | INFO     | risk_management.phase1_predictive.training | Epoch 20/50 | Train Loss: -3.5559 | Val Loss: 3.4385 | Dir Acc: 0.369 | Vol MAE: 0.0027
2026-01-01 06:33:14,316 | INFO     | risk_management.phase1_predictive.training | Epoch 21/50 | Train Loss: -3.5880 | Val Loss: 3.9407 | Dir Acc: 0.373 | Vol MAE: 0.0029
2026-01-01 06:33:45,394 | INFO     | risk_management.phase1_predictive.training | Epoch 22/50 | Train Loss: -3.6287 | Val Loss: 4.6586 | Dir Acc: 0.392 | Vol MAE: 0.0030
2026-01-01 06:33:45,394 | INFO     | risk_management.phase1_predictive.training | Early stopping triggered at epoch 22
2026-01-01 06:33:45,394 | INFO     | risk_management.phase1_predictive.training | Loaded best model from epoch 7
2026-01-01 06:33:45,769 | INFO     | __main__                  | Saved checkpoint: C:\Users\pc\Documents\pyProject\pyForex-1\checkpoints\multihead_tcn\multihead_tcn_SWING.pth
2026-01-01 06:33:45,828 | INFO     | __main__                  | Saved weights: C:\Users\pc\Documents\pyProject\pyForex-1\models\weights\multihead_tcn_SWING.pth
2026-01-01 06:33:45,863 | INFO     | __main__                  | ============================================================
2026-01-01 06:33:45,863 | INFO     | __main__                  |   TRAINING ViT - SWING
2026-01-01 06:33:45,863 | INFO     | __main__                  | ============================================================
2026-01-01 06:33:45,863 | WARNING  | __main__                  | ViT training module not fully available. Using simplified training.
2026-01-01 06:33:45,863 | INFO     | __main__                  | Using simplified ViT training...
2026-01-01 06:33:45,929 | INFO     | __main__                  | Creating synthetic chart features for ViT training...
2026-01-01 06:33:58,577 | INFO     | __main__                  | Created 4909 samples
2026-01-01 06:33:58,577 | INFO     | __main__                  | Label distribution: BEAR=1323, SIDE=2200, BULL=1386
2026-01-01 06:33:58,679 | INFO     | timm.models._builder      | Loading pretrained weights from Hugging Face hub (timm/vit_tiny_patch16_224.augreg_in21k_ft_in1k)
2026-01-01 06:33:59,397 | INFO     | timm.models._hub          | [timm/vit_tiny_patch16_224.augreg_in21k_ft_in1k] Safe alternative available for 'pytorch_model.bin' (as 'model.safetensors'). Loading weights using safetensors.
2026-01-01 06:33:59,417 | INFO     | timm.models._builder      | Missing keys (head.weight, head.bias) discovered while loading pretrained weights. This is expected if model is being adapted.
2026-01-01 06:34:24,160 | INFO     | __main__                  | Epoch 5/30 - Train Loss: 1.0567, Val Acc: 0.4420
2026-01-01 06:34:49,333 | INFO     | __main__                  | Epoch 10/30 - Train Loss: 0.7624, Val Acc: 0.4267
2026-01-01 06:35:14,317 | INFO     | __main__                  | Epoch 15/30 - Train Loss: 0.1906, Val Acc: 0.3615
2026-01-01 06:35:39,963 | INFO     | __main__                  | Epoch 20/30 - Train Loss: 0.0594, Val Acc: 0.4002
2026-01-01 06:36:05,151 | INFO     | __main__                  | Epoch 25/30 - Train Loss: 0.0888, Val Acc: 0.3880
2026-01-01 06:36:30,536 | INFO     | __main__                  | Epoch 30/30 - Train Loss: 0.0244, Val Acc: 0.3809
2026-01-01 06:36:30,578 | INFO     | __main__                  | Saved ViT weights: C:\Users\pc\Documents\pyProject\pyForex-1\models\weights\vit_SWING.pth
2026-01-01 06:36:30,740 | INFO     | __main__                  | ============================================================
2026-01-01 06:36:30,740 | INFO     | __main__                  |   TRAINING Meta-Labeling - SWING
2026-01-01 06:36:30,740 | INFO     | __main__                  | ============================================================
2026-01-01 06:36:30,807 | INFO     | __main__                  | Data shape: (49200, 8)
2026-01-01 06:36:42,551 | INFO     | __main__                  | Meta-labeling samples: 40,102
2026-01-01 06:36:42,551 | INFO     | __main__                  | Positive rate: 32.17%
2026-01-01 06:36:43,244 | INFO     | risk_management.phase3_filtering.meta_labeling | Meta-model trained: {'accuracy': 0.7607530233138012, 'precision': 0.0, 'recall': 0.0, 'f1': 0.0, 'roc_auc': 0.5144823906393123}
2026-01-01 06:36:43,244 | INFO     | __main__                  | Validation AUC: 0.5145
2026-01-01 06:36:43,245 | INFO     | __main__                  | Validation Accuracy: 0.7608
2026-01-01 06:36:43,245 | INFO     | risk_management.phase3_filtering.meta_labeling | Meta-labeling model saved to C:\Users\pc\Documents\pyProject\pyForex-1\checkpoints\meta_labeling\meta_model_SWING.pkl
2026-01-01 06:36:43,245 | INFO     | __main__                  | Saved meta-model: C:\Users\pc\Documents\pyProject\pyForex-1\checkpoints\meta_labeling\meta_model_SWING.pkl
2026-01-01 06:36:43,265 | INFO     | __main__                  | ============================================================
2026-01-01 06:36:43,265 | INFO     | __main__                  |   TRAINING Exit Optimizer (PPO) - SWING
2026-01-01 06:36:43,265 | INFO     | __main__                  | ============================================================
2026-01-01 06:36:43,328 | INFO     | risk_management.phase4_rl_exit.environment | ExitTradingEnv initialized: obs_dim=22, action_dim=6
2026-01-01 06:36:43,363 | INFO     | risk_management.phase4_rl_exit.environment | ExitTradingEnv initialized: obs_dim=22, action_dim=6
2026-01-01 06:36:43,389 | INFO     | risk_management.phase4_rl_exit.environment | ExitTradingEnv initialized: obs_dim=22, action_dim=6
2026-01-01 06:36:43,428 | INFO     | risk_management.phase4_rl_exit.environment | ExitTradingEnv initialized: obs_dim=22, action_dim=6
2026-01-01 06:36:43,454 | INFO     | risk_management.phase4_rl_exit.ppo_agent | PPOAgent initialized: obs_dim=22, action_dim=6, device=cuda
2026-01-01 06:36:43,471 | INFO     | risk_management.phase4_rl_exit.trainer | Starting training for 100000 timesteps
2026-01-01 06:36:43,482 | ERROR    | __main__                  | Exit optimizer training failed for SWING: 'float' object is not callable
2026-01-01 06:36:43,482 | INFO     | __main__                  | 
======================================================================
2026-01-01 06:36:43,482 | INFO     | __main__                  |   TRAINING SUMMARY
2026-01-01 06:36:43,482 | INFO     | __main__                  | ======================================================================
2026-01-01 06:36:43,482 | INFO     | __main__                  |   [SUCCESS] tcn_SCALP
2026-01-01 06:36:43,482 | INFO     | __main__                  |   [SUCCESS] vit_SCALP
2026-01-01 06:36:43,482 | INFO     | __main__                  |   [SUCCESS] meta_SCALP
2026-01-01 06:36:43,482 | INFO     | __main__                  |   [FAILED] exit_SCALP: 'float' object is not callable
2026-01-01 06:36:43,482 | INFO     | __main__                  |   [SUCCESS] tcn_INTRADAY
2026-01-01 06:36:43,482 | INFO     | __main__                  |   [SUCCESS] vit_INTRADAY
2026-01-01 06:36:43,482 | INFO     | __main__                  |   [SUCCESS] meta_INTRADAY
2026-01-01 06:36:43,482 | INFO     | __main__                  |   [FAILED] exit_INTRADAY: 'float' object is not callable
2026-01-01 06:36:43,482 | INFO     | __main__                  |   [SUCCESS] tcn_SWING
2026-01-01 06:36:43,482 | INFO     | __main__                  |   [SUCCESS] vit_SWING
2026-01-01 06:36:43,482 | INFO     | __main__                  |   [SUCCESS] meta_SWING
2026-01-01 06:36:43,482 | INFO     | __main__                  |   [FAILED] exit_SWING: 'float' object is not callable
2026-01-01 06:36:43,491 | INFO     | __main__                  | 
Results saved to: C:\Users\pc\Documents\pyProject\pyForex-1\training_results.json
2026-01-01 06:36:43,491 | INFO     | __main__                  | ======================================================================

2026-01-01 06:36:43,491 | INFO     | __main__                  | ======================================================================
2026-01-01 06:36:53,865 | INFO | Training Decision Fusion on cuda
2026-01-01 06:36:53,867 | INFO | Created Decision Fusion model for SCALP (M5)
2026-01-01 06:36:55,490 | INFO | Loading pretrained weights from Hugging Face hub (timm/vit_base_patch16_224.augreg2_in21k_ft_in1k)
'(ReadTimeoutError("HTTPSConnectionPool(host='huggingface.co', port=443): Read timed out. (read timeout=10)"), '(Request ID: 9e473dcd-0dd5-4a94-83fc-ba1f14c3ab70)')' thrown while requesting HEAD https://huggingface.co/timm/vit_base_patch16_224.augreg2_in21k_ft_in1k/resolve/main/model.safetensors
2026-01-01 06:37:05,941 | WARNING | '(ReadTimeoutError("HTTPSConnectionPool(host='huggingface.co', port=443): Read timed out. (read timeout=10)"), '(Request ID: 9e473dcd-0dd5-4a94-83fc-ba1f14c3ab70)')' thrown while requesting HEAD https://huggingface.co/timm/vit_base_patch16_224.augreg2_in21k_ft_in1k/resolve/main/model.safetensors
Retrying in 1s [Retry 1/5].
2026-01-01 06:37:05,941 | WARNING | Retrying in 1s [Retry 1/5].
2026-01-01 06:37:07,614 | INFO | [timm/vit_base_patch16_224.augreg2_in21k_ft_in1k] Safe alternative available for 'pytorch_model.bin' (as 'model.safetensors'). Loading weights using safetensors.
2026-01-01 06:37:08,097 | WARNING | Unexpected ViT checkpoint format: models\weights\vit_SCALP.pth
2026-01-01 06:37:08,114 | WARNING | TCN checkpoint not found: models\weights\scalp_m5_best.pt
TCN receptive field: 125 timesteps
TCN receptive field: 61 timesteps
2026-01-01 06:37:08,152 | WARNING | YOLO checkpoint not found: models\yolo\yolo_scalp.pt
2026-01-01 06:37:09,098 | WARNING | Failed to load YOLO model: [Errno 2] No such file or directory: 'models\\weights\\yolo_best.pt'. Using fallback.
2026-01-01 06:50:09,943 | INFO | Created train dataset with 39993 samples
2026-01-01 06:50:09,980 | INFO | TRAIN class distribution | BEARISH=526 (1.64%), SIDEWAYS=30936 (96.69%), BULLISH=532 (1.66%)
2026-01-01 06:50:09,991 | INFO | VAL class distribution | BEARISH=71 (0.89%), SIDEWAYS=7841 (98.12%), BULLISH=79 (0.99%)
2026-01-01 06:50:10,004 | INFO | Epoch 1/30
Training:   0%|                                                                                                                                                | 0/1000 [00:00<?, ?it/s] 
Traceback (most recent call last):
  File "C:\Users\pc\Documents\pyProject\pyForex-1\training\train_decision_fusion.py", line 826, in <module>
    main()
  File "C:\Users\pc\Documents\pyProject\pyForex-1\training\train_decision_fusion.py", line 814, in main
    best_val_acc = trainer.train(
                   ^^^^^^^^^^^^^^
  File "C:\Users\pc\Documents\pyProject\pyForex-1\training\train_decision_fusion.py", line 616, in train
    train_metrics = self.train_epoch(train_loader)
                    ^^^^^^^^^^^^^^^^^^^^^^^^^^^^^^
  File "C:\Users\pc\Documents\pyProject\pyForex-1\training\train_decision_fusion.py", line 504, in train_epoch
    output: DecisionOutput = self.model(
                             ^^^^^^^^^^^
  File "C:\Users\pc\Documents\pyProject\pyForex-1\.venv\Lib\site-packages\torch\nn\modules\module.py", line 1736, in _wrapped_call_impl
    return self._call_impl(*args, **kwargs)
           ^^^^^^^^^^^^^^^^^^^^^^^^^^^^^^^^
  File "C:\Users\pc\Documents\pyProject\pyForex-1\.venv\Lib\site-packages\torch\nn\modules\module.py", line 1747, in _call_impl
    return forward_call(*args, **kwargs)
           ^^^^^^^^^^^^^^^^^^^^^^^^^^^^^
  File "C:\Users\pc\Documents\pyProject\pyForex-1\models\decision_fusion.py", line 407, in forward
    yolo_proj, vit_proj, tcn_proj = self.alignment(yolo_features, vit_features, tcn_features)
                                    ^^^^^^^^^^^^^^^^^^^^^^^^^^^^^^^^^^^^^^^^^^^^^^^^^^^^^^^^^
  File "C:\Users\pc\Documents\pyProject\pyForex-1\.venv\Lib\site-packages\torch\nn\modules\module.py", line 1736, in _wrapped_call_impl        
    return self._call_impl(*args, **kwargs)
           ^^^^^^^^^^^^^^^^^^^^^^^^^^^^^^^^
  File "C:\Users\pc\Documents\pyProject\pyForex-1\.venv\Lib\site-packages\torch\nn\modules\module.py", line 1747, in _call_impl
    return forward_call(*args, **kwargs)
           ^^^^^^^^^^^^^^^^^^^^^^^^^^^^^
  File "C:\Users\pc\Documents\pyProject\pyForex-1\models\decision_fusion.py", line 90, in forward
    yolo_proj = self.yolo_proj(yolo_feat).unsqueeze(1)
                ^^^^^^^^^^^^^^^^^^^^^^^^^
  File "C:\Users\pc\Documents\pyProject\pyForex-1\.venv\Lib\site-packages\torch\nn\modules\module.py", line 1736, in _wrapped_call_impl        
    return self._call_impl(*args, **kwargs)
           ^^^^^^^^^^^^^^^^^^^^^^^^^^^^^^^^
  File "C:\Users\pc\Documents\pyProject\pyForex-1\.venv\Lib\site-packages\torch\nn\modules\module.py", line 1747, in _call_impl
    return forward_call(*args, **kwargs)
           ^^^^^^^^^^^^^^^^^^^^^^^^^^^^^
  File "C:\Users\pc\Documents\pyProject\pyForex-1\.venv\Lib\site-packages\torch\nn\modules\container.py", line 250, in forward
    input = module(input)
            ^^^^^^^^^^^^^
  File "C:\Users\pc\Documents\pyProject\pyForex-1\.venv\Lib\site-packages\torch\nn\modules\module.py", line 1736, in _wrapped_call_impl        
    return self._call_impl(*args, **kwargs)
           ^^^^^^^^^^^^^^^^^^^^^^^^^^^^^^^^
  File "C:\Users\pc\Documents\pyProject\pyForex-1\.venv\Lib\site-packages\torch\nn\modules\module.py", line 1747, in _call_impl
    return forward_call(*args, **kwargs)
           ^^^^^^^^^^^^^^^^^^^^^^^^^^^^^
  File "C:\Users\pc\Documents\pyProject\pyForex-1\.venv\Lib\site-packages\torch\nn\modules\linear.py", line 125, in forward
    return F.linear(input, self.weight, self.bias)
           ^^^^^^^^^^^^^^^^^^^^^^^^^^^^^^^^^^^^^^^
RuntimeError: mat1 and mat2 shapes cannot be multiplied (32x25 and 20x256)
2026-01-01 06:50:19,597 | INFO | Training Decision Fusion on cuda
2026-01-01 06:50:19,613 | INFO | Created Decision Fusion model for SCALP (M15)
2026-01-01 06:50:21,628 | INFO | Loading pretrained weights from Hugging Face hub (timm/vit_base_patch16_224.augreg2_in21k_ft_in1k)
2026-01-01 06:50:22,334 | INFO | [timm/vit_base_patch16_224.augreg2_in21k_ft_in1k] Safe alternative available for 'pytorch_model.bin' (as 'model.safetensors'). Loading weights using safetensors.
2026-01-01 06:50:22,691 | WARNING | Unexpected ViT checkpoint format: models\weights\vit_SCALP.pth
2026-01-01 06:50:22,691 | WARNING | TCN checkpoint not found: models\weights\scalp_m15_best.pt
TCN receptive field: 125 timesteps
TCN receptive field: 61 timesteps
2026-01-01 06:50:22,728 | WARNING | YOLO checkpoint not found: models\yolo\yolo_scalp.pt
2026-01-01 06:50:23,661 | WARNING | Failed to load YOLO model: [Errno 2] No such file or directory: 'models\\weights\\yolo_best.pt'. Using fallback.
2026-01-01 06:57:02,664 | INFO | Created train dataset with 19993 samples
2026-01-01 06:57:02,696 | INFO | TRAIN class distribution | BEARISH=422 (2.64%), SIDEWAYS=15169 (94.84%), BULLISH=403 (2.52%)
2026-01-01 06:57:02,701 | INFO | VAL class distribution | BEARISH=101 (2.53%), SIDEWAYS=3779 (94.69%), BULLISH=111 (2.78%)
2026-01-01 06:57:02,709 | INFO | Epoch 1/30
Training:   0%|                                                                                                       | 0/500 [00:00<?, ?it/s] 
Traceback (most recent call last):
  File "C:\Users\pc\Documents\pyProject\pyForex-1\training\train_decision_fusion.py", line 826, in <module>
    main()
  File "C:\Users\pc\Documents\pyProject\pyForex-1\training\train_decision_fusion.py", line 814, in main
    best_val_acc = trainer.train(
                   ^^^^^^^^^^^^^^
  File "C:\Users\pc\Documents\pyProject\pyForex-1\training\train_decision_fusion.py", line 616, in train
    train_metrics = self.train_epoch(train_loader)
                    ^^^^^^^^^^^^^^^^^^^^^^^^^^^^^^
  File "C:\Users\pc\Documents\pyProject\pyForex-1\training\train_decision_fusion.py", line 504, in train_epoch
    output: DecisionOutput = self.model(
                             ^^^^^^^^^^^
  File "C:\Users\pc\Documents\pyProject\pyForex-1\.venv\Lib\site-packages\torch\nn\modules\module.py", line 1736, in _wrapped_call_impl        
    return self._call_impl(*args, **kwargs)
           ^^^^^^^^^^^^^^^^^^^^^^^^^^^^^^^^
  File "C:\Users\pc\Documents\pyProject\pyForex-1\.venv\Lib\site-packages\torch\nn\modules\module.py", line 1747, in _call_impl
    return forward_call(*args, **kwargs)
           ^^^^^^^^^^^^^^^^^^^^^^^^^^^^^
  File "C:\Users\pc\Documents\pyProject\pyForex-1\models\decision_fusion.py", line 407, in forward
    yolo_proj, vit_proj, tcn_proj = self.alignment(yolo_features, vit_features, tcn_features)
                                    ^^^^^^^^^^^^^^^^^^^^^^^^^^^^^^^^^^^^^^^^^^^^^^^^^^^^^^^^^
  File "C:\Users\pc\Documents\pyProject\pyForex-1\.venv\Lib\site-packages\torch\nn\modules\module.py", line 1736, in _wrapped_call_impl        
    return self._call_impl(*args, **kwargs)
           ^^^^^^^^^^^^^^^^^^^^^^^^^^^^^^^^
  File "C:\Users\pc\Documents\pyProject\pyForex-1\.venv\Lib\site-packages\torch\nn\modules\module.py", line 1747, in _call_impl
    return forward_call(*args, **kwargs)
           ^^^^^^^^^^^^^^^^^^^^^^^^^^^^^
  File "C:\Users\pc\Documents\pyProject\pyForex-1\models\decision_fusion.py", line 90, in forward
    yolo_proj = self.yolo_proj(yolo_feat).unsqueeze(1)
                ^^^^^^^^^^^^^^^^^^^^^^^^^
  File "C:\Users\pc\Documents\pyProject\pyForex-1\.venv\Lib\site-packages\torch\nn\modules\module.py", line 1736, in _wrapped_call_impl        
    return self._call_impl(*args, **kwargs)
           ^^^^^^^^^^^^^^^^^^^^^^^^^^^^^^^^
  File "C:\Users\pc\Documents\pyProject\pyForex-1\.venv\Lib\site-packages\torch\nn\modules\module.py", line 1747, in _call_impl
    return forward_call(*args, **kwargs)
           ^^^^^^^^^^^^^^^^^^^^^^^^^^^^^
  File "C:\Users\pc\Documents\pyProject\pyForex-1\.venv\Lib\site-packages\torch\nn\modules\container.py", line 250, in forward
    input = module(input)
            ^^^^^^^^^^^^^
  File "C:\Users\pc\Documents\pyProject\pyForex-1\.venv\Lib\site-packages\torch\nn\modules\module.py", line 1736, in _wrapped_call_impl        
    return self._call_impl(*args, **kwargs)
           ^^^^^^^^^^^^^^^^^^^^^^^^^^^^^^^^
  File "C:\Users\pc\Documents\pyProject\pyForex-1\.venv\Lib\site-packages\torch\nn\modules\module.py", line 1747, in _call_impl
    return forward_call(*args, **kwargs)
           ^^^^^^^^^^^^^^^^^^^^^^^^^^^^^
  File "C:\Users\pc\Documents\pyProject\pyForex-1\.venv\Lib\site-packages\torch\nn\modules\linear.py", line 125, in forward
    return F.linear(input, self.weight, self.bias)
           ^^^^^^^^^^^^^^^^^^^^^^^^^^^^^^^^^^^^^^^
RuntimeError: mat1 and mat2 shapes cannot be multiplied (32x25 and 20x256)
2026-01-01 06:57:12,144 | INFO | Training Decision Fusion on cuda
2026-01-01 06:57:12,166 | INFO | Created Decision Fusion model for SCALP (H1)
2026-01-01 06:57:13,730 | INFO | Loading pretrained weights from Hugging Face hub (timm/vit_base_patch16_224.augreg2_in21k_ft_in1k)
'(ProtocolError('Connection aborted.', ConnectionResetError(10054, 'An existing connection was forcibly closed by the remote host', None, 10054, None)), '(Request ID: e7d1b441-f749-4a60-bfeb-b6754435447b)')' thrown while requesting HEAD https://huggingface.co/timm/vit_base_patch16_224.augreg2_in21k_ft_in1k/resolve/main/model.safetensors
2026-01-01 06:57:14,262 | WARNING | '(ProtocolError('Connection aborted.', ConnectionResetError(10054, 'An existing connection was forcibly closed by the remote host', None, 10054, None)), '(Request ID: e7d1b441-f749-4a60-bfeb-b6754435447b)')' thrown while requesting HEAD https://huggingface.co/timm/vit_base_patch16_224.augreg2_in21k_ft_in1k/resolve/main/model.safetensors
Retrying in 1s [Retry 1/5].
2026-01-01 06:57:14,262 | WARNING | Retrying in 1s [Retry 1/5].
2026-01-01 06:57:15,943 | INFO | [timm/vit_base_patch16_224.augreg2_in21k_ft_in1k] Safe alternative available for 'pytorch_model.bin' (as 'model.safetensors'). Loading weights using safetensors.
2026-01-01 06:57:16,415 | WARNING | Unexpected ViT checkpoint format: models\weights\vit_SCALP.pth
2026-01-01 06:57:16,415 | WARNING | TCN checkpoint not found: models\weights\scalp_h1_best.pt
TCN receptive field: 125 timesteps
TCN receptive field: 61 timesteps
2026-01-01 06:57:16,459 | WARNING | YOLO checkpoint not found: models\yolo\yolo_scalp.pt

2026-01-01 06:57:16,415 | WARNING | Unexpected ViT checkpoint format: models\weights\vit_SCALP.pth
2026-01-01 06:57:16,415 | WARNING | TCN checkpoint not found: models\weights\scalp_h1_best.pt
TCN receptive field: 125 timesteps
TCN receptive field: 61 timesteps
2026-01-01 06:57:16,459 | WARNING | YOLO checkpoint not found: models\yolo\yolo_scalp.pt
back.
2026-01-01 07:03:02,919 | INFO | Created train dataset with 17468 samples
2026-01-01 07:03:02,937 | INFO | TRAIN class distribution | BEARISH=2496 (17.86%), SIDEWAYS=8936 (63.95%), BULLISH=2542 (18.19%)
2026-01-01 07:03:02,943 | INFO | VAL class distribution | BEARISH=408 (11.70%), SIDEWAYS=2696 (77.34%), BULLISH=382 (10.96%)
2026-01-01 07:03:02,952 | INFO | Epoch 1/30
Training:   0%|                                                                                                                        | 0/437 [00:00<?, ?it/s]
Traceback (most recent call last):
  File "C:\Users\pc\Documents\pyProject\pyForex-1\training\train_decision_fusion.py", line 826, in <module>
    main()
  File "C:\Users\pc\Documents\pyProject\pyForex-1\training\train_decision_fusion.py", line 814, in main
    best_val_acc = trainer.train(
                   ^^^^^^^^^^^^^^
  File "C:\Users\pc\Documents\pyProject\pyForex-1\training\train_decision_fusion.py", line 616, in train
    train_metrics = self.train_epoch(train_loader)
                    ^^^^^^^^^^^^^^^^^^^^^^^^^^^^^^
  File "C:\Users\pc\Documents\pyProject\pyForex-1\training\train_decision_fusion.py", line 504, in train_epoch
    output: DecisionOutput = self.model(
                             ^^^^^^^^^^^
  File "C:\Users\pc\Documents\pyProject\pyForex-1\.venv\Lib\site-packages\torch\nn\modules\module.py", line 1736, in _wrapped_call_impl
    return self._call_impl(*args, **kwargs)
           ^^^^^^^^^^^^^^^^^^^^^^^^^^^^^^^^
  File "C:\Users\pc\Documents\pyProject\pyForex-1\.venv\Lib\site-packages\torch\nn\modules\module.py", line 1747, in _call_impl
    return forward_call(*args, **kwargs)
           ^^^^^^^^^^^^^^^^^^^^^^^^^^^^^
  File "C:\Users\pc\Documents\pyProject\pyForex-1\models\decision_fusion.py", line 407, in forward
    yolo_proj, vit_proj, tcn_proj = self.alignment(yolo_features, vit_features, tcn_features)
                                    ^^^^^^^^^^^^^^^^^^^^^^^^^^^^^^^^^^^^^^^^^^^^^^^^^^^^^^^^^
  File "C:\Users\pc\Documents\pyProject\pyForex-1\.venv\Lib\site-packages\torch\nn\modules\module.py", line 1736, in _wrapped_call_impl
    return self._call_impl(*args, **kwargs)
           ^^^^^^^^^^^^^^^^^^^^^^^^^^^^^^^^
  File "C:\Users\pc\Documents\pyProject\pyForex-1\.venv\Lib\site-packages\torch\nn\modules\module.py", line 1747, in _call_impl
    return forward_call(*args, **kwargs)
           ^^^^^^^^^^^^^^^^^^^^^^^^^^^^^
  File "C:\Users\pc\Documents\pyProject\pyForex-1\models\decision_fusion.py", line 90, in forward
    yolo_proj = self.yolo_proj(yolo_feat).unsqueeze(1)
                ^^^^^^^^^^^^^^^^^^^^^^^^^
  File "C:\Users\pc\Documents\pyProject\pyForex-1\.venv\Lib\site-packages\torch\nn\modules\module.py", line 1736, in _wrapped_call_impl
    return self._call_impl(*args, **kwargs)
           ^^^^^^^^^^^^^^^^^^^^^^^^^^^^^^^^
  File "C:\Users\pc\Documents\pyProject\pyForex-1\.venv\Lib\site-packages\torch\nn\modules\module.py", line 1747, in _call_impl
    return forward_call(*args, **kwargs)
           ^^^^^^^^^^^^^^^^^^^^^^^^^^^^^
  File "C:\Users\pc\Documents\pyProject\pyForex-1\.venv\Lib\site-packages\torch\nn\modules\container.py", line 250, in forward
    input = module(input)
            ^^^^^^^^^^^^^
  File "C:\Users\pc\Documents\pyProject\pyForex-1\.venv\Lib\site-packages\torch\nn\modules\module.py", line 1736, in _wrapped_call_impl
    return self._call_impl(*args, **kwargs)
           ^^^^^^^^^^^^^^^^^^^^^^^^^^^^^^^^
  File "C:\Users\pc\Documents\pyProject\pyForex-1\.venv\Lib\site-packages\torch\nn\modules\module.py", line 1747, in _call_impl
    return forward_call(*args, **kwargs)
           ^^^^^^^^^^^^^^^^^^^^^^^^^^^^^
  File "C:\Users\pc\Documents\pyProject\pyForex-1\.venv\Lib\site-packages\torch\nn\modules\linear.py", line 125, in forward
    return F.linear(input, self.weight, self.bias)
           ^^^^^^^^^^^^^^^^^^^^^^^^^^^^^^^^^^^^^^^
RuntimeError: mat1 and mat2 shapes cannot be multiplied (32x25 and 20x256)
2026-01-01 07:03:11,443 | INFO | Training Decision Fusion on cuda
2026-01-01 07:03:11,462 | INFO | Created Decision Fusion model for INTRADAY (M15)
2026-01-01 07:03:12,988 | INFO | Loading pretrained weights from Hugging Face hub (timm/vit_base_patch16_224.augreg2_in21k_ft_in1k)
2026-01-01 07:03:13,691 | INFO | [timm/vit_base_patch16_224.augreg2_in21k_ft_in1k] Safe alternative available for 'pytorch_model.bin' (as 'model.safetensors'). Loading weights using safetensors.
2026-01-01 07:03:14,148 | WARNING | Unexpected ViT checkpoint format: models\weights\vit_INTRADAY.pth
2026-01-01 07:03:14,159 | WARNING | TCN checkpoint not found: models\weights\intraday_m15_best.pt
TCN receptive field: 125 timesteps
TCN receptive field: 125 timesteps
2026-01-01 07:03:14,197 | WARNING | YOLO checkpoint not found: models\yolo\yolo_intraday.pt
2026-01-01 07:03:15,168 | WARNING | Failed to load YOLO model: [Errno 2] No such file or directory: 'models\\weights\\yolo_best.pt'. Using fallback.

2026-01-01 07:03:14,159 | WARNING | TCN checkpoint not found: models\weights\intraday_m15_best.pt
TCN receptive field: 125 timesteps
TCN receptive field: 125 timesteps
2026-01-01 07:03:14,197 | WARNING | YOLO checkpoint not found: models\yolo\yolo_intraday.pt
2026-01-01 07:03:15,168 | WARNING | Failed to load YOLO model: [Errno 2] No such file or directory: 'models\\weights\\yolo_best.pt'. Using fallback.
2026-01-01 07:10:15,794 | INFO | Created train dataset with 19993 samples
2026-01-01 07:10:15,829 | INFO | TRAIN class distribution | BEARISH=422 (2.64%), SIDEWAYS=15169 (94.84%), BULLISH=403 (2.52%)
2026-01-01 07:10:15,834 | INFO | VAL class distribution | BEARISH=101 (2.53%), SIDEWAYS=3779 (94.69%), BULLISH=111 (2.78%)
2026-01-01 07:10:15,842 | INFO | Epoch 1/30
Training:   0%|                                                                                                                        | 0/500 [00:00<?, ?it/s] 
Traceback (most recent call last):
  File "C:\Users\pc\Documents\pyProject\pyForex-1\training\train_decision_fusion.py", line 826, in <module>
    main()
  File "C:\Users\pc\Documents\pyProject\pyForex-1\training\train_decision_fusion.py", line 814, in main
    best_val_acc = trainer.train(
                   ^^^^^^^^^^^^^^
  File "C:\Users\pc\Documents\pyProject\pyForex-1\training\train_decision_fusion.py", line 616, in train
    train_metrics = self.train_epoch(train_loader)
                    ^^^^^^^^^^^^^^^^^^^^^^^^^^^^^^
  File "C:\Users\pc\Documents\pyProject\pyForex-1\training\train_decision_fusion.py", line 504, in train_epoch
    output: DecisionOutput = self.model(
                             ^^^^^^^^^^^
  File "C:\Users\pc\Documents\pyProject\pyForex-1\.venv\Lib\site-packages\torch\nn\modules\module.py", line 1736, in _wrapped_call_impl
    return self._call_impl(*args, **kwargs)
           ^^^^^^^^^^^^^^^^^^^^^^^^^^^^^^^^
  File "C:\Users\pc\Documents\pyProject\pyForex-1\.venv\Lib\site-packages\torch\nn\modules\module.py", line 1747, in _call_impl
    return forward_call(*args, **kwargs)
           ^^^^^^^^^^^^^^^^^^^^^^^^^^^^^
  File "C:\Users\pc\Documents\pyProject\pyForex-1\models\decision_fusion.py", line 407, in forward
    yolo_proj, vit_proj, tcn_proj = self.alignment(yolo_features, vit_features, tcn_features)
                                    ^^^^^^^^^^^^^^^^^^^^^^^^^^^^^^^^^^^^^^^^^^^^^^^^^^^^^^^^^
  File "C:\Users\pc\Documents\pyProject\pyForex-1\.venv\Lib\site-packages\torch\nn\modules\module.py", line 1736, in _wrapped_call_impl
    return self._call_impl(*args, **kwargs)
           ^^^^^^^^^^^^^^^^^^^^^^^^^^^^^^^^
  File "C:\Users\pc\Documents\pyProject\pyForex-1\.venv\Lib\site-packages\torch\nn\modules\module.py", line 1747, in _call_impl
    return forward_call(*args, **kwargs)
           ^^^^^^^^^^^^^^^^^^^^^^^^^^^^^
  File "C:\Users\pc\Documents\pyProject\pyForex-1\models\decision_fusion.py", line 90, in forward
    yolo_proj = self.yolo_proj(yolo_feat).unsqueeze(1)
                ^^^^^^^^^^^^^^^^^^^^^^^^^
  File "C:\Users\pc\Documents\pyProject\pyForex-1\.venv\Lib\site-packages\torch\nn\modules\module.py", line 1736, in _wrapped_call_impl
    return self._call_impl(*args, **kwargs)
           ^^^^^^^^^^^^^^^^^^^^^^^^^^^^^^^^
  File "C:\Users\pc\Documents\pyProject\pyForex-1\.venv\Lib\site-packages\torch\nn\modules\module.py", line 1747, in _call_impl
    return forward_call(*args, **kwargs)
           ^^^^^^^^^^^^^^^^^^^^^^^^^^^^^
  File "C:\Users\pc\Documents\pyProject\pyForex-1\.venv\Lib\site-packages\torch\nn\modules\container.py", line 250, in forward
    input = module(input)
            ^^^^^^^^^^^^^
  File "C:\Users\pc\Documents\pyProject\pyForex-1\.venv\Lib\site-packages\torch\nn\modules\module.py", line 1736, in _wrapped_call_impl
    return self._call_impl(*args, **kwargs)
           ^^^^^^^^^^^^^^^^^^^^^^^^^^^^^^^^
  File "C:\Users\pc\Documents\pyProject\pyForex-1\.venv\Lib\site-packages\torch\nn\modules\module.py", line 1747, in _call_impl
    return forward_call(*args, **kwargs)
           ^^^^^^^^^^^^^^^^^^^^^^^^^^^^^
  File "C:\Users\pc\Documents\pyProject\pyForex-1\.venv\Lib\site-packages\torch\nn\modules\linear.py", line 125, in forward
    return F.linear(input, self.weight, self.bias)
           ^^^^^^^^^^^^^^^^^^^^^^^^^^^^^^^^^^^^^^^
RuntimeError: mat1 and mat2 shapes cannot be multiplied (32x25 and 20x256)
2026-01-01 07:10:24,662 | INFO | Training Decision Fusion on cuda
2026-01-01 07:10:24,671 | INFO | Created Decision Fusion model for INTRADAY (H1)
2026-01-01 07:10:26,162 | INFO | Loading pretrained weights from Hugging Face hub (timm/vit_base_patch16_224.augreg2_in21k_ft_in1k)
'(ProtocolError('Connection aborted.', ConnectionResetError(10054, 'An existing connection was forcibly closed by the remote host', None, 10054, None)), '(Request ID: c5d071b8-988b-408e-98f2-8d20808faefb)')' thrown while requesting HEAD https://huggingface.co/timm/vit_base_patch16_224.augreg2_in21k_ft_in1k/resolve/main/model.safetensors
2026-01-01 07:10:26,685 | WARNING | '(ProtocolError('Connection aborted.', ConnectionResetError(10054, 'An existing connection was forcibly closed by the remote host', None, 10054, None)), '(Request ID: c5d071b8-988b-408e-98f2-8d20808faefb)')' thrown while requesting HEAD https://huggingface.co/timm/vit_base_patch16_224.augreg2_in21k_ft_in1k/resolve/main/model.safetensors
Retrying in 1s [Retry 1/5].
2026-01-01 07:10:26,685 | WARNING | Retrying in 1s [Retry 1/5].
2026-01-01 07:10:28,336 | INFO | [timm/vit_base_patch16_224.augreg2_in21k_ft_in1k] Safe alternative available for 'pytorch_model.bin' (as 'model.safetensors'). Loading weights using safetensors.
2026-01-01 07:10:28,728 | WARNING | Unexpected ViT checkpoint format: models\weights\vit_INTRADAY.pth
2026-01-01 07:10:28,734 | WARNING | TCN checkpoint not found: models\weights\intraday_h1_best.pt
TCN receptive field: 125 timesteps
TCN receptive field: 125 timesteps
2026-01-01 07:10:28,767 | WARNING | YOLO checkpoint not found: models\yolo\yolo_intraday.pt
2026-01-01 07:10:29,692 | WARNING | Failed to load YOLO model: [Errno 2] No such file or directory: 'models\\weights\\yolo_best.pt'. Using fallback.
2026-01-01 07:16:33,239 | INFO | Created train dataset with 17468 samples
2026-01-01 07:16:33,262 | INFO | TRAIN class distribution | BEARISH=2496 (17.86%), SIDEWAYS=8936 (63.95%), BULLISH=2542 (18.19%)
2026-01-01 07:16:33,267 | INFO | VAL class distribution | BEARISH=408 (11.70%), SIDEWAYS=2696 (77.34%), BULLISH=382 (10.96%)
2026-01-01 07:16:33,271 | INFO | Epoch 1/30
Training:   0%|                                                                                                                        | 0/437 [00:00<?, ?it/s]
Traceback (most recent call last):
  File "C:\Users\pc\Documents\pyProject\pyForex-1\training\train_decision_fusion.py", line 826, in <module>
    main()
  File "C:\Users\pc\Documents\pyProject\pyForex-1\training\train_decision_fusion.py", line 814, in main
    best_val_acc = trainer.train(
                   ^^^^^^^^^^^^^^
  File "C:\Users\pc\Documents\pyProject\pyForex-1\training\train_decision_fusion.py", line 616, in train
    train_metrics = self.train_epoch(train_loader)
                    ^^^^^^^^^^^^^^^^^^^^^^^^^^^^^^
  File "C:\Users\pc\Documents\pyProject\pyForex-1\training\train_decision_fusion.py", line 504, in train_epoch
    output: DecisionOutput = self.model(
                             ^^^^^^^^^^^
  File "C:\Users\pc\Documents\pyProject\pyForex-1\.venv\Lib\site-packages\torch\nn\modules\module.py", line 1736, in _wrapped_call_impl
    return self._call_impl(*args, **kwargs)
           ^^^^^^^^^^^^^^^^^^^^^^^^^^^^^^^^
  File "C:\Users\pc\Documents\pyProject\pyForex-1\.venv\Lib\site-packages\torch\nn\modules\module.py", line 1747, in _call_impl
    return forward_call(*args, **kwargs)
           ^^^^^^^^^^^^^^^^^^^^^^^^^^^^^
  File "C:\Users\pc\Documents\pyProject\pyForex-1\models\decision_fusion.py", line 407, in forward
    yolo_proj, vit_proj, tcn_proj = self.alignment(yolo_features, vit_features, tcn_features)
                                    ^^^^^^^^^^^^^^^^^^^^^^^^^^^^^^^^^^^^^^^^^^^^^^^^^^^^^^^^^
  File "C:\Users\pc\Documents\pyProject\pyForex-1\.venv\Lib\site-packages\torch\nn\modules\module.py", line 1736, in _wrapped_call_impl
    return self._call_impl(*args, **kwargs)
           ^^^^^^^^^^^^^^^^^^^^^^^^^^^^^^^^
  File "C:\Users\pc\Documents\pyProject\pyForex-1\.venv\Lib\site-packages\torch\nn\modules\module.py", line 1747, in _call_impl
    return forward_call(*args, **kwargs)
           ^^^^^^^^^^^^^^^^^^^^^^^^^^^^^
  File "C:\Users\pc\Documents\pyProject\pyForex-1\models\decision_fusion.py", line 90, in forward
    yolo_proj = self.yolo_proj(yolo_feat).unsqueeze(1)
                ^^^^^^^^^^^^^^^^^^^^^^^^^
  File "C:\Users\pc\Documents\pyProject\pyForex-1\.venv\Lib\site-packages\torch\nn\modules\module.py", line 1736, in _wrapped_call_impl
    return self._call_impl(*args, **kwargs)
           ^^^^^^^^^^^^^^^^^^^^^^^^^^^^^^^^
  File "C:\Users\pc\Documents\pyProject\pyForex-1\.venv\Lib\site-packages\torch\nn\modules\module.py", line 1747, in _call_impl
    return forward_call(*args, **kwargs)
           ^^^^^^^^^^^^^^^^^^^^^^^^^^^^^
  File "C:\Users\pc\Documents\pyProject\pyForex-1\.venv\Lib\site-packages\torch\nn\modules\container.py", line 250, in forward
    input = module(input)
            ^^^^^^^^^^^^^
  File "C:\Users\pc\Documents\pyProject\pyForex-1\.venv\Lib\site-packages\torch\nn\modules\module.py", line 1736, in _wrapped_call_impl
    return self._call_impl(*args, **kwargs)
           ^^^^^^^^^^^^^^^^^^^^^^^^^^^^^^^^
  File "C:\Users\pc\Documents\pyProject\pyForex-1\.venv\Lib\site-packages\torch\nn\modules\module.py", line 1747, in _call_impl
    return forward_call(*args, **kwargs)
           ^^^^^^^^^^^^^^^^^^^^^^^^^^^^^
  File "C:\Users\pc\Documents\pyProject\pyForex-1\.venv\Lib\site-packages\torch\nn\modules\linear.py", line 125, in forward
    return F.linear(input, self.weight, self.bias)
           ^^^^^^^^^^^^^^^^^^^^^^^^^^^^^^^^^^^^^^^
RuntimeError: mat1 and mat2 shapes cannot be multiplied (32x25 and 20x256)
2026-01-01 07:16:41,800 | INFO | Training Decision Fusion on cuda
2026-01-01 07:16:41,800 | INFO | Created Decision Fusion model for INTRADAY (H4)
2026-01-01 07:16:43,145 | INFO | Loading pretrained weights from Hugging Face hub (timm/vit_base_patch16_224.augreg2_in21k_ft_in1k)
'(ReadTimeoutError("HTTPSConnectionPool(host='huggingface.co', port=443): Read timed out. (read timeout=10)"), '(Request ID: c6b43e56-bc49-46ab-98d0-ebafad2fcd10)')' thrown while requesting HEAD https://huggingface.co/timm/vit_base_patch16_224.augreg2_in21k_ft_in1k/resolve/main/model.safetensors
2026-01-01 07:16:53,588 | WARNING | '(ReadTimeoutError("HTTPSConnectionPool(host='huggingface.co', port=443): Read timed out. (read timeout=10)"), '(Request ID: c6b43e56-bc49-46ab-98d0-ebafad2fcd10)')' thrown while requesting HEAD https://huggingface.co/timm/vit_base_patch16_224.augreg2_in21k_ft_in1k/resolve/main/model.safetensors
Retrying in 1s [Retry 1/5].
2026-01-01 07:16:53,588 | WARNING | Retrying in 1s [Retry 1/5].
2026-01-01 07:16:55,217 | INFO | [timm/vit_base_patch16_224.augreg2_in21k_ft_in1k] Safe alternative available for 'pytorch_model.bin' (as 'model.safetensors'). Loading weights using safetensors.
2026-01-01 07:16:55,637 | WARNING | Unexpected ViT checkpoint format: models\weights\vit_INTRADAY.pth
2026-01-01 07:16:55,637 | WARNING | TCN checkpoint not found: models\weights\intraday_h4_best.pt
TCN receptive field: 125 timesteps
TCN receptive field: 125 timesteps
2026-01-01 07:16:55,677 | WARNING | YOLO checkpoint not found: models\yolo\yolo_intraday.pt
2026-01-01 07:16:56,596 | WARNING | Failed to load YOLO model: [Errno 2] No such file or directory: 'models\\weights\\yolo_best.pt'. Using fallback.
2026-01-01 07:18:05,787 | INFO | Created train dataset with 3273 samples
2026-01-01 07:18:05,787 | INFO | TRAIN class distribution | BEARISH=779 (29.76%), SIDEWAYS=1034 (39.50%), BULLISH=805 (30.75%)
2026-01-01 07:18:05,787 | INFO | VAL class distribution | BEARISH=142 (21.95%), SIDEWAYS=363 (56.11%), BULLISH=142 (21.95%)
2026-01-01 07:18:05,799 | INFO | Epoch 1/30
Training:   0%|                                                                                                                         | 0/82 [00:00<?, ?it/s] 
Traceback (most recent call last):
  File "C:\Users\pc\Documents\pyProject\pyForex-1\training\train_decision_fusion.py", line 826, in <module>
    main()
  File "C:\Users\pc\Documents\pyProject\pyForex-1\training\train_decision_fusion.py", line 814, in main
    best_val_acc = trainer.train(
                   ^^^^^^^^^^^^^^
  File "C:\Users\pc\Documents\pyProject\pyForex-1\training\train_decision_fusion.py", line 616, in train
    train_metrics = self.train_epoch(train_loader)
                    ^^^^^^^^^^^^^^^^^^^^^^^^^^^^^^
  File "C:\Users\pc\Documents\pyProject\pyForex-1\training\train_decision_fusion.py", line 504, in train_epoch
    output: DecisionOutput = self.model(
                             ^^^^^^^^^^^
  File "C:\Users\pc\Documents\pyProject\pyForex-1\.venv\Lib\site-packages\torch\nn\modules\module.py", line 1736, in _wrapped_call_impl
    return self._call_impl(*args, **kwargs)
           ^^^^^^^^^^^^^^^^^^^^^^^^^^^^^^^^
  File "C:\Users\pc\Documents\pyProject\pyForex-1\.venv\Lib\site-packages\torch\nn\modules\module.py", line 1747, in _call_impl
    return forward_call(*args, **kwargs)
           ^^^^^^^^^^^^^^^^^^^^^^^^^^^^^
  File "C:\Users\pc\Documents\pyProject\pyForex-1\models\decision_fusion.py", line 407, in forward
    yolo_proj, vit_proj, tcn_proj = self.alignment(yolo_features, vit_features, tcn_features)
                                    ^^^^^^^^^^^^^^^^^^^^^^^^^^^^^^^^^^^^^^^^^^^^^^^^^^^^^^^^^
  File "C:\Users\pc\Documents\pyProject\pyForex-1\.venv\Lib\site-packages\torch\nn\modules\module.py", line 1736, in _wrapped_call_impl
    return self._call_impl(*args, **kwargs)
           ^^^^^^^^^^^^^^^^^^^^^^^^^^^^^^^^
  File "C:\Users\pc\Documents\pyProject\pyForex-1\.venv\Lib\site-packages\torch\nn\modules\module.py", line 1747, in _call_impl
    return forward_call(*args, **kwargs)
           ^^^^^^^^^^^^^^^^^^^^^^^^^^^^^
  File "C:\Users\pc\Documents\pyProject\pyForex-1\models\decision_fusion.py", line 90, in forward
    yolo_proj = self.yolo_proj(yolo_feat).unsqueeze(1)
                ^^^^^^^^^^^^^^^^^^^^^^^^^
  File "C:\Users\pc\Documents\pyProject\pyForex-1\.venv\Lib\site-packages\torch\nn\modules\module.py", line 1736, in _wrapped_call_impl
    return self._call_impl(*args, **kwargs)
           ^^^^^^^^^^^^^^^^^^^^^^^^^^^^^^^^
  File "C:\Users\pc\Documents\pyProject\pyForex-1\.venv\Lib\site-packages\torch\nn\modules\module.py", line 1747, in _call_impl
    return forward_call(*args, **kwargs)
           ^^^^^^^^^^^^^^^^^^^^^^^^^^^^^
  File "C:\Users\pc\Documents\pyProject\pyForex-1\.venv\Lib\site-packages\torch\nn\modules\container.py", line 250, in forward
    input = module(input)
            ^^^^^^^^^^^^^
  File "C:\Users\pc\Documents\pyProject\pyForex-1\.venv\Lib\site-packages\torch\nn\modules\module.py", line 1736, in _wrapped_call_impl
    return self._call_impl(*args, **kwargs)
           ^^^^^^^^^^^^^^^^^^^^^^^^^^^^^^^^
  File "C:\Users\pc\Documents\pyProject\pyForex-1\.venv\Lib\site-packages\torch\nn\modules\module.py", line 1747, in _call_impl
    return forward_call(*args, **kwargs)
           ^^^^^^^^^^^^^^^^^^^^^^^^^^^^^
  File "C:\Users\pc\Documents\pyProject\pyForex-1\.venv\Lib\site-packages\torch\nn\modules\linear.py", line 125, in forward
    return F.linear(input, self.weight, self.bias)
           ^^^^^^^^^^^^^^^^^^^^^^^^^^^^^^^^^^^^^^^
RuntimeError: mat1 and mat2 shapes cannot be multiplied (32x25 and 20x256)
2026-01-01 07:18:14,339 | INFO | Training Decision Fusion on cuda
2026-01-01 07:18:14,347 | INFO | Created Decision Fusion model for SWING (H1)
2026-01-01 07:18:15,880 | INFO | Loading pretrained weights from Hugging Face hub (timm/vit_base_patch16_224.augreg2_in21k_ft_in1k)
2026-01-01 07:18:16,581 | INFO | [timm/vit_base_patch16_224.augreg2_in21k_ft_in1k] Safe alternative available for 'pytorch_model.bin' (as 'model.safetensors'). Loading weights using safetensors.
2026-01-01 07:18:16,991 | WARNING | Unexpected ViT checkpoint format: models\weights\vit_SWING.pth
2026-01-01 07:18:16,992 | WARNING | TCN checkpoint not found: models\weights\swing_h1_best.pt
TCN receptive field: 125 timesteps
TCN receptive field: 509 timesteps
2026-01-01 07:18:17,040 | WARNING | YOLO checkpoint not found: models\yolo\yolo_swing.pt
2026-01-01 07:18:17,978 | WARNING | Failed to load YOLO model: [Errno 2] No such file or directory: 'models\\weights\\yolo_best.pt'. Using fallback.
2026-01-01 07:25:16,412 | INFO | Created train dataset with 17468 samples
2026-01-01 07:25:16,442 | INFO | TRAIN class distribution | BEARISH=2496 (17.86%), SIDEWAYS=8936 (63.95%), BULLISH=2542 (18.19%)
2026-01-01 07:25:16,449 | INFO | VAL class distribution | BEARISH=408 (11.70%), SIDEWAYS=2696 (77.34%), BULLISH=382 (10.96%)
2026-01-01 07:25:16,458 | INFO | Epoch 1/30
Training:   0%|                                                                                                                        | 0/437 [00:00<?, ?it/s]
Traceback (most recent call last):
  File "C:\Users\pc\Documents\pyProject\pyForex-1\training\train_decision_fusion.py", line 826, in <module>
    main()
  File "C:\Users\pc\Documents\pyProject\pyForex-1\training\train_decision_fusion.py", line 814, in main
    best_val_acc = trainer.train(
                   ^^^^^^^^^^^^^^
  File "C:\Users\pc\Documents\pyProject\pyForex-1\training\train_decision_fusion.py", line 616, in train
    train_metrics = self.train_epoch(train_loader)
                    ^^^^^^^^^^^^^^^^^^^^^^^^^^^^^^
  File "C:\Users\pc\Documents\pyProject\pyForex-1\training\train_decision_fusion.py", line 504, in train_epoch
    output: DecisionOutput = self.model(
                             ^^^^^^^^^^^
  File "C:\Users\pc\Documents\pyProject\pyForex-1\.venv\Lib\site-packages\torch\nn\modules\module.py", line 1736, in _wrapped_call_impl
    return self._call_impl(*args, **kwargs)
           ^^^^^^^^^^^^^^^^^^^^^^^^^^^^^^^^
  File "C:\Users\pc\Documents\pyProject\pyForex-1\.venv\Lib\site-packages\torch\nn\modules\module.py", line 1747, in _call_impl
    return forward_call(*args, **kwargs)
           ^^^^^^^^^^^^^^^^^^^^^^^^^^^^^
  File "C:\Users\pc\Documents\pyProject\pyForex-1\models\decision_fusion.py", line 407, in forward
    yolo_proj, vit_proj, tcn_proj = self.alignment(yolo_features, vit_features, tcn_features)
                                    ^^^^^^^^^^^^^^^^^^^^^^^^^^^^^^^^^^^^^^^^^^^^^^^^^^^^^^^^^
  File "C:\Users\pc\Documents\pyProject\pyForex-1\.venv\Lib\site-packages\torch\nn\modules\module.py", line 1736, in _wrapped_call_impl
    return self._call_impl(*args, **kwargs)
           ^^^^^^^^^^^^^^^^^^^^^^^^^^^^^^^^
  File "C:\Users\pc\Documents\pyProject\pyForex-1\.venv\Lib\site-packages\torch\nn\modules\module.py", line 1747, in _call_impl
    return forward_call(*args, **kwargs)
           ^^^^^^^^^^^^^^^^^^^^^^^^^^^^^
  File "C:\Users\pc\Documents\pyProject\pyForex-1\models\decision_fusion.py", line 90, in forward
    yolo_proj = self.yolo_proj(yolo_feat).unsqueeze(1)
                ^^^^^^^^^^^^^^^^^^^^^^^^^
  File "C:\Users\pc\Documents\pyProject\pyForex-1\.venv\Lib\site-packages\torch\nn\modules\module.py", line 1736, in _wrapped_call_impl
    return self._call_impl(*args, **kwargs)
           ^^^^^^^^^^^^^^^^^^^^^^^^^^^^^^^^
  File "C:\Users\pc\Documents\pyProject\pyForex-1\.venv\Lib\site-packages\torch\nn\modules\module.py", line 1747, in _call_impl
    return forward_call(*args, **kwargs)
           ^^^^^^^^^^^^^^^^^^^^^^^^^^^^^
  File "C:\Users\pc\Documents\pyProject\pyForex-1\.venv\Lib\site-packages\torch\nn\modules\container.py", line 250, in forward
    input = module(input)
            ^^^^^^^^^^^^^
  File "C:\Users\pc\Documents\pyProject\pyForex-1\.venv\Lib\site-packages\torch\nn\modules\module.py", line 1736, in _wrapped_call_impl
    return self._call_impl(*args, **kwargs)
           ^^^^^^^^^^^^^^^^^^^^^^^^^^^^^^^^
  File "C:\Users\pc\Documents\pyProject\pyForex-1\.venv\Lib\site-packages\torch\nn\modules\module.py", line 1747, in _call_impl
    return forward_call(*args, **kwargs)
           ^^^^^^^^^^^^^^^^^^^^^^^^^^^^^
  File "C:\Users\pc\Documents\pyProject\pyForex-1\.venv\Lib\site-packages\torch\nn\modules\linear.py", line 125, in forward
    return F.linear(input, self.weight, self.bias)
           ^^^^^^^^^^^^^^^^^^^^^^^^^^^^^^^^^^^^^^^
RuntimeError: mat1 and mat2 shapes cannot be multiplied (32x25 and 20x256)
2026-01-01 07:25:25,395 | INFO | Training Decision Fusion on cuda
2026-01-01 07:25:25,413 | INFO | Created Decision Fusion model for SWING (H4)
2026-01-01 07:25:26,790 | INFO | Loading pretrained weights from Hugging Face hub (timm/vit_base_patch16_224.augreg2_in21k_ft_in1k)
2026-01-01 07:25:27,535 | INFO | [timm/vit_base_patch16_224.augreg2_in21k_ft_in1k] Safe alternative available for 'pytorch_model.bin' (as 'model.safetensors'). Loading weights using safetensors.
2026-01-01 07:25:27,990 | WARNING | Unexpected ViT checkpoint format: models\weights\vit_SWING.pth
2026-01-01 07:25:27,990 | WARNING | TCN checkpoint not found: models\weights\swing_h4_best.pt
TCN receptive field: 125 timesteps
TCN receptive field: 509 timesteps
2026-01-01 07:25:28,035 | WARNING | YOLO checkpoint not found: models\yolo\yolo_swing.pt
2026-01-01 07:25:28,972 | WARNING | Failed to load YOLO model: [Errno 2] No such file or directory: 'models\\weights\\yolo_best.pt'. Using fallback.
2026-01-01 07:26:49,706 | INFO | Created train dataset with 3273 samples
2026-01-01 07:26:49,706 | INFO | TRAIN class distribution | BEARISH=779 (29.76%), SIDEWAYS=1034 (39.50%), BULLISH=805 (30.75%)
2026-01-01 07:26:49,706 | INFO | VAL class distribution | BEARISH=142 (21.95%), SIDEWAYS=363 (56.11%), BULLISH=142 (21.95%)
2026-01-01 07:26:49,725 | INFO | Epoch 1/30
Training:   0%|                                                                                                                         | 0/82 [00:00<?, ?it/s] 
Traceback (most recent call last):
  File "C:\Users\pc\Documents\pyProject\pyForex-1\training\train_decision_fusion.py", line 826, in <module>
    main()
  File "C:\Users\pc\Documents\pyProject\pyForex-1\training\train_decision_fusion.py", line 814, in main
    best_val_acc = trainer.train(
                   ^^^^^^^^^^^^^^
  File "C:\Users\pc\Documents\pyProject\pyForex-1\training\train_decision_fusion.py", line 616, in train
    train_metrics = self.train_epoch(train_loader)
                    ^^^^^^^^^^^^^^^^^^^^^^^^^^^^^^
  File "C:\Users\pc\Documents\pyProject\pyForex-1\training\train_decision_fusion.py", line 504, in train_epoch
    output: DecisionOutput = self.model(
                             ^^^^^^^^^^^
  File "C:\Users\pc\Documents\pyProject\pyForex-1\.venv\Lib\site-packages\torch\nn\modules\module.py", line 1736, in _wrapped_call_impl
    return self._call_impl(*args, **kwargs)
           ^^^^^^^^^^^^^^^^^^^^^^^^^^^^^^^^
  File "C:\Users\pc\Documents\pyProject\pyForex-1\.venv\Lib\site-packages\torch\nn\modules\module.py", line 1747, in _call_impl
    return forward_call(*args, **kwargs)
           ^^^^^^^^^^^^^^^^^^^^^^^^^^^^^
  File "C:\Users\pc\Documents\pyProject\pyForex-1\models\decision_fusion.py", line 407, in forward
    yolo_proj, vit_proj, tcn_proj = self.alignment(yolo_features, vit_features, tcn_features)
                                    ^^^^^^^^^^^^^^^^^^^^^^^^^^^^^^^^^^^^^^^^^^^^^^^^^^^^^^^^^
  File "C:\Users\pc\Documents\pyProject\pyForex-1\.venv\Lib\site-packages\torch\nn\modules\module.py", line 1736, in _wrapped_call_impl
    return self._call_impl(*args, **kwargs)
           ^^^^^^^^^^^^^^^^^^^^^^^^^^^^^^^^
  File "C:\Users\pc\Documents\pyProject\pyForex-1\.venv\Lib\site-packages\torch\nn\modules\module.py", line 1747, in _call_impl
    return forward_call(*args, **kwargs)
           ^^^^^^^^^^^^^^^^^^^^^^^^^^^^^
  File "C:\Users\pc\Documents\pyProject\pyForex-1\models\decision_fusion.py", line 90, in forward
    yolo_proj = self.yolo_proj(yolo_feat).unsqueeze(1)
                ^^^^^^^^^^^^^^^^^^^^^^^^^
  File "C:\Users\pc\Documents\pyProject\pyForex-1\.venv\Lib\site-packages\torch\nn\modules\module.py", line 1736, in _wrapped_call_impl
    return self._call_impl(*args, **kwargs)
           ^^^^^^^^^^^^^^^^^^^^^^^^^^^^^^^^
  File "C:\Users\pc\Documents\pyProject\pyForex-1\.venv\Lib\site-packages\torch\nn\modules\module.py", line 1747, in _call_impl
    return forward_call(*args, **kwargs)
           ^^^^^^^^^^^^^^^^^^^^^^^^^^^^^
  File "C:\Users\pc\Documents\pyProject\pyForex-1\.venv\Lib\site-packages\torch\nn\modules\container.py", line 250, in forward
    input = module(input)
            ^^^^^^^^^^^^^
  File "C:\Users\pc\Documents\pyProject\pyForex-1\.venv\Lib\site-packages\torch\nn\modules\module.py", line 1736, in _wrapped_call_impl
    return self._call_impl(*args, **kwargs)
           ^^^^^^^^^^^^^^^^^^^^^^^^^^^^^^^^
  File "C:\Users\pc\Documents\pyProject\pyForex-1\.venv\Lib\site-packages\torch\nn\modules\module.py", line 1747, in _call_impl
    return forward_call(*args, **kwargs)
           ^^^^^^^^^^^^^^^^^^^^^^^^^^^^^
  File "C:\Users\pc\Documents\pyProject\pyForex-1\.venv\Lib\site-packages\torch\nn\modules\linear.py", line 125, in forward
    return F.linear(input, self.weight, self.bias)
           ^^^^^^^^^^^^^^^^^^^^^^^^^^^^^^^^^^^^^^^
RuntimeError: mat1 and mat2 shapes cannot be multiplied (32x25 and 20x256)
2026-01-01 07:26:58,034 | INFO | Training Decision Fusion on cuda
2026-01-01 07:26:58,041 | INFO | Created Decision Fusion model for SWING (D1)
2026-01-01 07:26:59,394 | INFO | Loading pretrained weights from Hugging Face hub (timm/vit_base_patch16_224.augreg2_in21k_ft_in1k)
2026-01-01 07:27:00,116 | INFO | [timm/vit_base_patch16_224.augreg2_in21k_ft_in1k] Safe alternative available for 'pytorch_model.bin' (as 'model.safetensors'). Loading weights using safetensors.
2026-01-01 07:27:00,466 | WARNING | Unexpected ViT checkpoint format: models\weights\vit_SWING.pth
2026-01-01 07:27:00,466 | WARNING | TCN checkpoint not found: models\weights\swing_d1_best.pt
TCN receptive field: 125 timesteps
TCN receptive field: 509 timesteps
2026-01-01 07:27:00,511 | WARNING | YOLO checkpoint not found: models\yolo\yolo_swing.pt
2026-01-01 07:27:01,441 | WARNING | Failed to load YOLO model: [Errno 2] No such file or directory: 'models\\weights\\yolo_best.pt'. Using fallback.
2026-01-01 07:27:18,715 | INFO | Created train dataset with 702 samples
2026-01-01 07:27:18,715 | INFO | TRAIN class distribution | BEARISH=193 (34.40%), SIDEWAYS=157 (27.99%), BULLISH=211 (37.61%)
2026-01-01 07:27:18,715 | INFO | VAL class distribution | BEARISH=36 (27.07%), SIDEWAYS=55 (41.35%), BULLISH=42 (31.58%)
2026-01-01 07:27:18,722 | INFO | Epoch 1/30
Training:   0%|                                                                                                                         | 0/18 [00:00<?, ?it/s] 
Traceback (most recent call last):
  File "C:\Users\pc\Documents\pyProject\pyForex-1\training\train_decision_fusion.py", line 826, in <module>
    main()
  File "C:\Users\pc\Documents\pyProject\pyForex-1\training\train_decision_fusion.py", line 814, in main
    best_val_acc = trainer.train(
                   ^^^^^^^^^^^^^^
  File "C:\Users\pc\Documents\pyProject\pyForex-1\training\train_decision_fusion.py", line 616, in train
    train_metrics = self.train_epoch(train_loader)
                    ^^^^^^^^^^^^^^^^^^^^^^^^^^^^^^
  File "C:\Users\pc\Documents\pyProject\pyForex-1\training\train_decision_fusion.py", line 504, in train_epoch
    output: DecisionOutput = self.model(
                             ^^^^^^^^^^^
  File "C:\Users\pc\Documents\pyProject\pyForex-1\.venv\Lib\site-packages\torch\nn\modules\module.py", line 1736, in _wrapped_call_impl
    return self._call_impl(*args, **kwargs)
           ^^^^^^^^^^^^^^^^^^^^^^^^^^^^^^^^
  File "C:\Users\pc\Documents\pyProject\pyForex-1\.venv\Lib\site-packages\torch\nn\modules\module.py", line 1747, in _call_impl
    return forward_call(*args, **kwargs)
           ^^^^^^^^^^^^^^^^^^^^^^^^^^^^^
  File "C:\Users\pc\Documents\pyProject\pyForex-1\models\decision_fusion.py", line 407, in forward
    yolo_proj, vit_proj, tcn_proj = self.alignment(yolo_features, vit_features, tcn_features)
                                    ^^^^^^^^^^^^^^^^^^^^^^^^^^^^^^^^^^^^^^^^^^^^^^^^^^^^^^^^^
  File "C:\Users\pc\Documents\pyProject\pyForex-1\.venv\Lib\site-packages\torch\nn\modules\module.py", line 1736, in _wrapped_call_impl
    return self._call_impl(*args, **kwargs)
           ^^^^^^^^^^^^^^^^^^^^^^^^^^^^^^^^
  File "C:\Users\pc\Documents\pyProject\pyForex-1\.venv\Lib\site-packages\torch\nn\modules\module.py", line 1747, in _call_impl
    return forward_call(*args, **kwargs)
           ^^^^^^^^^^^^^^^^^^^^^^^^^^^^^
  File "C:\Users\pc\Documents\pyProject\pyForex-1\models\decision_fusion.py", line 90, in forward
    yolo_proj = self.yolo_proj(yolo_feat).unsqueeze(1)
                ^^^^^^^^^^^^^^^^^^^^^^^^^
  File "C:\Users\pc\Documents\pyProject\pyForex-1\.venv\Lib\site-packages\torch\nn\modules\module.py", line 1736, in _wrapped_call_impl
    return self._call_impl(*args, **kwargs)
           ^^^^^^^^^^^^^^^^^^^^^^^^^^^^^^^^
  File "C:\Users\pc\Documents\pyProject\pyForex-1\.venv\Lib\site-packages\torch\nn\modules\module.py", line 1747, in _call_impl
    return forward_call(*args, **kwargs)
           ^^^^^^^^^^^^^^^^^^^^^^^^^^^^^
  File "C:\Users\pc\Documents\pyProject\pyForex-1\.venv\Lib\site-packages\torch\nn\modules\container.py", line 250, in forward
    input = module(input)
            ^^^^^^^^^^^^^
  File "C:\Users\pc\Documents\pyProject\pyForex-1\.venv\Lib\site-packages\torch\nn\modules\module.py", line 1736, in _wrapped_call_impl
    return self._call_impl(*args, **kwargs)
           ^^^^^^^^^^^^^^^^^^^^^^^^^^^^^^^^
  File "C:\Users\pc\Documents\pyProject\pyForex-1\.venv\Lib\site-packages\torch\nn\modules\module.py", line 1747, in _call_impl
    return forward_call(*args, **kwargs)
           ^^^^^^^^^^^^^^^^^^^^^^^^^^^^^
  File "C:\Users\pc\Documents\pyProject\pyForex-1\.venv\Lib\site-packages\torch\nn\modules\linear.py", line 125, in forward
    return F.linear(input, self.weight, self.bias)
           ^^^^^^^^^^^^^^^^^^^^^^^^^^^^^^^^^^^^^^^
RuntimeError: mat1 and mat2 shapes cannot be multiplied (32x25 and 20x256)