time,open,high,low,close,tick_volume,spread,real_volume
2025-02-13 16:00:00,1.03922,1.04013,1.03816,1.03996,3140,3,0
2025-02-13 17:00:00,1.03994,1.04383,1.03994,1.04332,4286,3,0
2025-02-13 18:00:00,1.04333,1.04451,1.04241,1.04276,2654,0,0
2025-02-13 19:00:00,1.04272,1.04388,1.0425,1.04254,1900,4,0
2025-02-13 20:00:00,1.04253,1.04316,1.03728,1.04093,3646,4,0
2025-02-13 21:00:00,1.04092,1.04426,1.04085,1.0437,2567,4,0
2025-02-13 22:00:00,1.0437,1.04657,1.04355,1.04616,1628,4,0
2025-02-13 23:00:00,1.0462,1.04669,1.04572,1.04627,846,4,0
2025-02-14 00:00:00,1.04589,1.04676,1.04588,1.04658,370,7,0
2025-02-14 01:00:00,1.04649,1.04673,1.04561,1.04615,886,0,0
2025-02-14 02:00:00,1.04615,1.04668,1.04578,1.04608,1354,4,0
2025-02-14 03:00:00,1.04608,1.04668,1.04582,1.04592,1616,4,0
2025-02-14 04:00:00,1.04591,1.0461,1.04551,1.04567,1256,4,0
2025-02-14 05:00:00,1.04566,1.04615,1.04537,1.04588,997,4,0
2025-02-14 06:00:00,1.04588,1.04638,1.04547,1.04548,897,4,0
2025-02-14 07:00:00,1.0455,1.04557,1.0447,1.04526,1114,4,0
2025-02-14 08:00:00,1.04526,1.04609,1.04517,1.04585,1486,4,0
2025-02-14 09:00:00,1.04584,1.0472,1.04583,1.04647,2310,4,0
2025-02-14 10:00:00,1.04649,1.04863,1.04635,1.04766,2771,4,0
2025-02-14 11:00:00,1.04766,1.04877,1.04757,1.04811,2215,4,0
2025-02-14 12:00:00,1.04812,1.04828,1.04646,1.0467,1813,4,0
2025-02-14 13:00:00,1.0467,1.04691,1.04629,1.04674,1741,4,0
2025-02-14 14:00:00,1.04672,1.04744,1.0457,1.04716,1944,4,0
2025-02-14 15:00:00,1.04716,1.04977,1.04712,1.04881,3109,3,0
2025-02-14 16:00:00,1.04888,1.0514000000000001,1.04872,1.05086,2926,4,0
2025-02-14 17:00:00,1.05086,1.05125,1.04909,1.0508,3059,4,0
2025-02-14 18:00:00,1.0507900000000001,1.05099,1.04969,1.04974,2163,4,0
2025-02-14 19:00:00,1.04975,1.05087,1.0493999999999999,1.05071,1579,3,0
2025-02-14 20:00:00,1.05071,1.0507900000000001,1.04995,1.05043,1298,4,0
2025-02-14 21:00:00,1.05044,1.05048,1.04948,1.04986,1167,4,0
2025-02-14 22:00:00,1.04984,1.04984,1.04911,1.04919,1045,4,0
2025-02-14 23:00:00,1.04923,1.04947,1.04875,1.04898,677,0,0
2025-02-17 00:00:00,1.04845,1.04899,1.04839,1.04875,282,4,0
2025-02-17 01:00:00,1.0487,1.04941,1.04843,1.04882,1128,2,0
2025-02-17 02:00:00,1.04882,1.04932,1.04854,1.04921,943,2,0
2025-02-17 03:00:00,1.04921,1.05063,1.04894,1.05052,1344,4,0
2025-02-17 04:00:00,1.05051,1.05052,1.0495700000000001,1.05011,1100,3,0
2025-02-17 05:00:00,1.05012,1.05035,1.04941,1.04945,1231,4,0
2025-02-17 06:00:00,1.04946,1.04972,1.04893,1.04954,900,3,0
2025-02-17 07:00:00,1.04954,1.04981,1.04846,1.04897,1531,4,0
2025-02-17 08:00:00,1.04897,1.04933,1.0488,1.04915,1367,4,0
2025-02-17 09:00:00,1.04917,1.04952,1.04803,1.04824,2145,4,0
2025-02-17 10:00:00,1.04826,1.04847,1.04709,1.04742,2344,4,0
2025-02-17 11:00:00,1.04742,1.04813,1.04712,1.04742,1798,4,0
2025-02-17 12:00:00,1.04741,1.04893,1.04731,1.04889,1525,3,0
2025-02-17 13:00:00,1.04889,1.04891,1.04777,1.04818,1421,4,0
2025-02-17 14:00:00,1.04818,1.04849,1.04685,1.0472,1602,4,0
2025-02-17 15:00:00,1.04721,1.04763,1.0467,1.04742,1395,4,0
2025-02-17 16:00:00,1.04742,1.04792,1.04713,1.04783,1321,4,0
2025-02-17 17:00:00,1.04783,1.04841,1.04741,1.04796,1465,4,0
2025-02-17 18:00:00,1.04796,1.0483,1.04767,1.04786,1137,4,0
2025-02-17 19:00:00,1.04786,1.04844,1.04779,1.04825,742,0,0
2025-02-17 20:00:00,1.04825,1.04826,1.04789,1.04821,469,0,0
2025-02-17 21:00:00,1.04821,1.04837,1.04795,1.04816,489,2,0
2025-02-17 22:00:00,1.04814,1.04836,1.048,1.04834,431,0,0
2025-02-17 23:00:00,1.04836,1.04851,1.04817,1.04828,413,0,0
2025-02-18 00:00:00,1.04762,1.04839,1.04739,1.04797,405,15,0
2025-02-18 01:00:00,1.04788,1.04856,1.04768,1.04848,520,2,0
2025-02-18 02:00:00,1.04848,1.04863,1.04727,1.0475,1119,4,0
2025-02-18 03:00:00,1.0475,1.04754,1.04626,1.04661,1574,4,0
2025-02-18 04:00:00,1.04661,1.04706,1.04654,1.04675,1271,4,0
2025-02-18 05:00:00,1.04675,1.04723,1.04619,1.04629,1483,3,0
2025-02-18 06:00:00,1.04626,1.04639,1.04554,1.0457,1150,4,0
2025-02-18 07:00:00,1.04571,1.0459,1.04522,1.0455,1334,4,0
2025-02-18 08:00:00,1.04547,1.04632,1.04546,1.04613,1280,3,0
2025-02-18 09:00:00,1.04605,1.0469,1.04586,1.04634,1852,4,0
2025-02-18 10:00:00,1.04633,1.04688,1.04546,1.04567,2127,4,0
2025-02-18 11:00:00,1.04567,1.0465,1.04554,1.04639,1771,4,0
2025-02-18 12:00:00,1.04648,1.04671,1.04589,1.04621,1687,4,0
2025-02-18 13:00:00,1.04627,1.04648,1.04612,1.04626,1216,4,0
2025-02-18 14:00:00,1.04627,1.04669,1.04528,1.04552,1698,3,0
2025-02-18 15:00:00,1.04552,1.04567,1.0441799999999999,1.04447,2149,4,0
2025-02-18 16:00:00,1.04446,1.04546,1.04414,1.04522,2233,3,0
2025-02-18 17:00:00,1.04522,1.04668,1.04515,1.04664,2501,4,0
2025-02-18 18:00:00,1.04661,1.04694,1.0454,1.04566,1928,4,0
2025-02-18 19:00:00,1.04565,1.04566,1.0439,1.04458,1499,3,0
2025-02-18 20:00:00,1.04458,1.04477,1.0435,1.04439,1388,4,0
2025-02-18 21:00:00,1.04438,1.04496,1.04405,1.04451,1136,4,0
2025-02-18 22:00:00,1.0445,1.04477,1.04411,1.04476,1070,4,0
2025-02-18 23:00:00,1.04473,1.04493,1.04439,1.04441,633,0,0
2025-02-19 00:00:00,1.04412,1.04509,1.04412,1.04506,539,4,0
2025-02-19 01:00:00,1.04506,1.04515,1.04449,1.0448,544,0,0
2025-02-19 02:00:00,1.0448,1.04492,1.04439,1.04455,952,2,0
2025-02-19 03:00:00,1.04459,1.04479,1.04411,1.04465,1413,4,0
2025-02-19 04:00:00,1.04463,1.0452,1.04446,1.04518,1276,4,0
2025-02-19 05:00:00,1.04517,1.0452,1.04476,1.04513,874,4,0
2025-02-19 06:00:00,1.04513,1.0453,1.04482,1.04523,697,3,0
2025-02-19 07:00:00,1.04522,1.04562,1.0449,1.04561,757,0,0
2025-02-19 08:00:00,1.04558,1.04612,1.04543,1.04548,1237,4,0
2025-02-19 09:00:00,1.04547,1.04594,1.04486,1.04511,1862,4,0
2025-02-19 10:00:00,1.04517,1.04558,1.04386,1.04405,2070,4,0
2025-02-19 11:00:00,1.04404,1.0443500000000001,1.04284,1.0429,1899,3,0
2025-02-19 12:00:00,1.04291,1.04295,1.04188,1.04237,1894,3,0
2025-02-19 13:00:00,1.0424,1.0433,1.042,1.04244,2349,4,0
2025-02-19 14:00:00,1.04245,1.04317,1.04217,1.04281,1841,4,0
2025-02-19 15:00:00,1.04282,1.04351,1.04251,1.04337,2222,0,0
2025-02-19 16:00:00,1.04337,1.04379,1.04273,1.04339,3132,0,0
2025-02-19 17:00:00,1.04341,1.04415,1.04215,1.0424,4130,0,0
2025-02-19 18:00:00,1.04242,1.04251,1.04044,1.04045,3430,0,0
2025-02-19 19:00:00,1.04044,1.0413000000000001,1.04006,1.04097,2086,2,0
2025-02-19 20:00:00,1.04097,1.04215,1.04083,1.04194,1848,2,0
2025-02-19 21:00:00,1.04194,1.04325,1.04179,1.04255,2628,2,0
2025-02-19 22:00:00,1.04253,1.04263,1.04209,1.0425200000000001,1628,2,0
2025-02-19 23:00:00,1.04243,1.04262,1.04208,1.04213,676,1,0
2025-02-20 00:00:00,1.04157,1.04256,1.04143,1.0424,432,13,0
2025-02-20 01:00:00,1.04249,1.0426,1.04197,1.04209,800,2,0
2025-02-20 02:00:00,1.04209,1.04299,1.04195,1.0429,1542,2,0
2025-02-20 03:00:00,1.04289,1.04328,1.04184,1.04213,2118,2,0
2025-02-20 04:00:00,1.04214,1.04376,1.04201,1.04356,2562,2,0
2025-02-20 05:00:00,1.04353,1.04361,1.04266,1.04312,1702,2,0
2025-02-20 06:00:00,1.0431300000000001,1.04315,1.04239,1.04303,1248,2,0
2025-02-20 07:00:00,1.04304,1.04343,1.04267,1.04273,1501,2,0
2025-02-20 08:00:00,1.04274,1.04344,1.04244,1.04249,1971,2,0
2025-02-20 09:00:00,1.04253,1.04335,1.04234,1.04317,2607,1,0
2025-02-20 10:00:00,1.04315,1.04421,1.04293,1.0433,3620,1,0
2025-02-20 11:00:00,1.0433,1.04385,1.04285,1.04366,2772,1,0
2025-02-20 12:00:00,1.04367,1.04442,1.0434,1.04424,2660,1,0
2025-02-20 13:00:00,1.04425,1.04465,1.04309,1.04382,2601,1,0
2025-02-20 14:00:00,1.04385,1.0444,1.04334,1.04356,3150,0,0
2025-02-20 15:00:00,1.04356,1.0455,1.04348,1.04483,3848,0,0
2025-02-20 16:00:00,1.04484,1.04604,1.0442,1.04463,4426,0,0
2025-02-20 17:00:00,1.04464,1.04754,1.0441799999999999,1.04739,4605,0,0
2025-02-20 18:00:00,1.04734,1.04783,1.04641,1.04748,3225,0,0
2025-02-20 19:00:00,1.04747,1.04947,1.0471,1.04891,2877,2,0
2025-02-20 20:00:00,1.04893,1.04985,1.04852,1.04977,2061,2,0
2025-02-20 21:00:00,1.04978,1.05033,1.04892,1.05014,2117,2,0
2025-02-20 22:00:00,1.05012,1.05032,1.04951,1.05026,1387,2,0
2025-02-20 23:00:00,1.0501800000000001,1.05029,1.04996,1.05,736,4,0
2025-02-21 00:00:00,1.04936,1.05007,1.04891,1.04969,814,15,0
2025-02-21 01:00:00,1.04978,1.05058,1.04977,1.0500099999999999,1021,2,0
2025-02-21 02:00:00,1.0500099999999999,1.05003,1.04892,1.04902,1345,2,0
2025-02-21 03:00:00,1.04901,1.04932,1.04842,1.04864,1843,2,0
2025-02-21 04:00:00,1.04865,1.05028,1.04863,1.05024,2116,2,0
2025-02-21 05:00:00,1.05025,1.05047,1.04993,1.05023,1572,2,0
2025-02-21 06:00:00,1.05024,1.05049,1.04973,1.04992,914,2,0
2025-02-21 07:00:00,1.04991,1.05008,1.04917,1.0493,1444,2,0
2025-02-21 08:00:00,1.04929,1.04942,1.04877,1.04888,1835,2,0
2025-02-21 09:00:00,1.0489,1.04998,1.0489,1.04923,2685,1,0
2025-02-21 10:00:00,1.04924,1.04944,1.04678,1.0477,4781,1,0
2025-02-21 11:00:00,1.04772,1.04813,1.04665,1.04689,3359,1,0
2025-02-21 12:00:00,1.0469,1.04722,1.04648,1.04649,2618,1,0
2025-02-21 13:00:00,1.04648,1.04742,1.04631,1.0469,2325,1,0
2025-02-21 14:00:00,1.04691,1.04713,1.04593,1.04617,2434,0,0
2025-02-21 15:00:00,1.04621,1.04781,1.04612,1.04751,2879,0,0
2025-02-21 16:00:00,1.0475,1.04924,1.04701,1.04811,4330,0,0
2025-02-21 17:00:00,1.04806,1.04862,1.04525,1.04542,4933,0,0
2025-02-21 18:00:00,1.04542,1.04577,1.04492,1.04548,2928,0,0
2025-02-21 19:00:00,1.04548,1.04643,1.04523,1.04628,2476,2,0
2025-02-21 20:00:00,1.04628,1.0468,1.04507,1.04596,3103,2,0
2025-02-21 21:00:00,1.04595,1.04666,1.04572,1.04622,2311,2,0
2025-02-21 22:00:00,1.04619,1.04644,1.0457,1.04608,1825,2,0
2025-02-21 23:00:00,1.04601,1.04614,1.04495,1.04571,973,0,0
2025-02-24 00:00:00,1.04684,1.04832,1.04568,1.04737,1512,13,0
2025-02-24 01:00:00,1.04743,1.04846,1.04711,1.0474,1711,2,0
2025-02-24 02:00:00,1.04741,1.05073,1.04718,1.05039,2819,2,0
2025-02-24 03:00:00,1.05039,1.05208,1.05026,1.05177,3662,2,0
2025-02-24 04:00:00,1.05177,1.05283,1.05154,1.05226,2983,2,0
2025-02-24 05:00:00,1.0523,1.05258,1.05162,1.05193,2055,2,0
2025-02-24 06:00:00,1.05192,1.05207,1.05112,1.05157,1503,2,0
2025-02-24 07:00:00,1.05156,1.05197,1.05099,1.05164,2110,2,0
2025-02-24 08:00:00,1.05162,1.05162,1.05011,1.05088,2076,2,0
2025-02-24 09:00:00,1.05086,1.05148,1.04866,1.04912,3961,1,0
2025-02-24 10:00:00,1.04912,1.04925,1.04696,1.04803,4378,1,0
2025-02-24 11:00:00,1.04802,1.04847,1.04688,1.04723,3314,1,0
2025-02-24 12:00:00,1.04722,1.04804,1.04669,1.04803,2841,1,0
2025-02-24 13:00:00,1.04804,1.04815,1.04637,1.04687,2436,1,0
2025-02-24 14:00:00,1.04686,1.04727,1.046,1.04687,2425,0,0
2025-02-24 15:00:00,1.04689,1.04757,1.04647,1.04672,3110,0,0
2025-02-24 16:00:00,1.04671,1.04698,1.04528,1.04607,3686,0,0
2025-02-24 17:00:00,1.04608,1.04707,1.046,1.04689,4028,0,0
2025-02-24 18:00:00,1.0469,1.04803,1.04656,1.04778,3141,0,0
2025-02-24 19:00:00,1.04777,1.04839,1.04678,1.04726,2992,2,0
2025-02-24 20:00:00,1.04725,1.04858,1.04706,1.04807,1994,2,0
2025-02-24 21:00:00,1.04806,1.04842,1.04726,1.04749,1963,2,0
2025-02-24 22:00:00,1.04751,1.04795,1.04645,1.04651,2680,2,0
2025-02-24 23:00:00,1.04644,1.0468,1.04611,1.04665,910,0,0
2025-02-25 00:00:00,1.04662,1.04693,1.04605,1.04682,569,18,0
2025-02-25 01:00:00,1.04691,1.04691,1.04602,1.04612,1093,2,0
2025-02-25 02:00:00,1.04615,1.04642,1.04595,1.04628,1144,2,0
2025-02-25 03:00:00,1.0463,1.04658,1.04605,1.04649,1575,2,0
2025-02-25 04:00:00,1.04648,1.04748,1.04648,1.04746,1782,2,0
2025-02-25 05:00:00,1.04747,1.0476,1.04711,1.04729,1332,2,0
2025-02-25 06:00:00,1.0473,1.04773,1.04723,1.04729,1126,2,0
2025-02-25 07:00:00,1.04728,1.04782,1.0472,1.04767,1513,2,0
2025-02-25 08:00:00,1.04766,1.04802,1.04724,1.04767,1666,2,0
2025-02-25 09:00:00,1.04767,1.04777,1.04633,1.04645,3510,1,0
2025-02-25 10:00:00,1.04643,1.04787,1.0456,1.04704,4581,1,0
2025-02-25 11:00:00,1.04705,1.04789,1.04683,1.04728,3085,1,0
2025-02-25 12:00:00,1.0473,1.04742,1.04652,1.04731,2629,1,0
2025-02-25 13:00:00,1.04725,1.04897,1.04713,1.04895,2931,1,0
2025-02-25 14:00:00,1.04895,1.0500099999999999,1.04886,1.04935,3474,0,0
2025-02-25 15:00:00,1.04936,1.05098,1.04935,1.05,3463,0,0
2025-02-25 16:00:00,1.05006,1.0505,1.04918,1.05024,3745,0,0
2025-02-25 17:00:00,1.05024,1.05193,1.04952,1.04987,5136,0,0
2025-02-25 18:00:00,1.04987,1.0506199999999999,1.04945,1.04979,3953,0,0
2025-02-25 19:00:00,1.04978,1.05021,1.04837,1.05019,3049,2,0
2025-02-25 20:00:00,1.0502,1.05179,1.0501800000000001,1.05085,2527,2,0
2025-02-25 21:00:00,1.05085,1.05127,1.05043,1.05102,2214,2,0
2025-02-25 22:00:00,1.05103,1.0519,1.0509,1.05161,2223,2,0
2025-02-25 23:00:00,1.05152,1.05169,1.05114,1.05115,998,0,0
2025-02-26 00:00:00,1.05095,1.0514000000000001,1.05088,1.05128,580,20,0
2025-02-26 01:00:00,1.05129,1.05229,1.0512299999999999,1.052,1534,2,0
2025-02-26 02:00:00,1.05202,1.05248,1.05191,1.05225,1587,2,0
2025-02-26 03:00:00,1.05224,1.05234,1.05137,1.05154,2221,2,0
2025-02-26 04:00:00,1.05154,1.05167,1.05041,1.0506199999999999,1887,2,0
2025-02-26 05:00:00,1.05063,1.05087,1.05012,1.05047,1501,2,0
2025-02-26 06:00:00,1.05045,1.05054,1.04965,1.04971,1119,2,0
2025-02-26 07:00:00,1.0497,1.04982,1.04903,1.04916,1574,2,0
2025-02-26 08:00:00,1.04912,1.04964,1.04871,1.04945,1953,2,0
2025-02-26 09:00:00,1.04947,1.05013,1.04923,1.04939,2907,1,0
2025-02-26 10:00:00,1.04936,1.05118,1.04916,1.05024,3659,1,0
2025-02-26 11:00:00,1.05025,1.05033,1.04947,1.04972,2704,1,0
2025-02-26 12:00:00,1.04973,1.05011,1.0491,1.04973,2894,1,0
2025-02-26 13:00:00,1.04972,1.05022,1.04865,1.04917,2589,1,0
2025-02-26 14:00:00,1.04913,1.04951,1.04749,1.04764,2834,0,0
2025-02-26 15:00:00,1.04768,1.04948,1.04767,1.04842,3802,0,0
2025-02-26 16:00:00,1.0484,1.04928,1.04821,1.04896,3966,0,0
2025-02-26 17:00:00,1.04895,1.05092,1.04791,1.0506,4944,0,0
2025-02-26 18:00:00,1.0506,1.05156,1.0502,1.05133,3853,0,0
2025-02-26 19:00:00,1.05135,1.05286,1.04833,1.04924,6023,2,0
2025-02-26 20:00:00,1.0492,1.05003,1.04848,1.04882,3883,2,0
2025-02-26 21:00:00,1.04881,1.04936,1.0482,1.04908,2912,2,0
2025-02-26 22:00:00,1.04907,1.04911,1.04806,1.04852,1872,2,0
2025-02-26 23:00:00,1.04849,1.04874,1.04775,1.04823,1167,4,0
2025-02-27 00:00:00,1.04767,1.04879,1.04767,1.04877,541,3,0
2025-02-27 01:00:00,1.04876,1.04926,1.04863,1.0488,734,2,0
2025-02-27 02:00:00,1.0488,1.0488,1.04769,1.04774,1386,2,0
2025-02-27 03:00:00,1.04776,1.04833,1.04727,1.04781,1734,2,0
2025-02-27 04:00:00,1.04781,1.04805,1.04703,1.04708,1747,2,0
2025-02-27 05:00:00,1.04709,1.04745,1.04646,1.04657,1270,2,0
2025-02-27 06:00:00,1.04655,1.04695,1.0459,1.04627,1595,2,0
2025-02-27 07:00:00,1.04628,1.04655,1.04616,1.04651,1425,2,0
2025-02-27 08:00:00,1.04647,1.04728,1.04638,1.04718,1904,2,0
2025-02-27 09:00:00,1.0472,1.04803,1.04683,1.0475,2612,1,0
2025-02-27 10:00:00,1.0475,1.04803,1.04703,1.04782,3619,1,0
2025-02-27 11:00:00,1.04782,1.04853,1.04749,1.0484,2827,1,0
2025-02-27 12:00:00,1.04843,1.04843,1.04737,1.04812,2619,1,0
2025-02-27 13:00:00,1.04815,1.04874,1.04757,1.04761,2615,1,0
2025-02-27 14:00:00,1.04757,1.04842,1.04731,1.04768,2976,0,0
2025-02-27 15:00:00,1.04761,1.04898,1.04195,1.04233,6443,0,0
2025-02-27 16:00:00,1.04232,1.04417,1.04138,1.04199,6069,0,0
2025-02-27 17:00:00,1.04201,1.04279,1.04094,1.0415,5055,0,0
2025-02-27 18:00:00,1.04156,1.04163,1.04033,1.04139,3661,0,0
2025-02-27 19:00:00,1.04139,1.04182,1.04001,1.04074,2914,2,0
2025-02-27 20:00:00,1.04078,1.0417399999999999,1.04075,1.04173,2277,2,0
2025-02-27 21:00:00,1.04173,1.04178,1.04033,1.04042,2343,2,0
2025-02-27 22:00:00,1.04042,1.04083,1.04013,1.04046,2049,2,0
2025-02-27 23:00:00,1.04044,1.04046,1.03957,1.03963,1178,0,0
2025-02-28 00:00:00,1.03927,1.03983,1.0388,1.03951,900,3,0
2025-02-28 01:00:00,1.03948,1.04004,1.03927,1.03935,958,2,0
2025-02-28 02:00:00,1.03937,1.04028,1.03937,1.04022,1495,2,0
2025-02-28 03:00:00,1.04022,1.04044,1.03843,1.03848,2468,2,0
2025-02-28 04:00:00,1.03846,1.03917,1.03803,1.03825,2193,2,0
2025-02-28 05:00:00,1.03827,1.03896,1.0381,1.03884,1774,2,0
2025-02-28 06:00:00,1.03885,1.0391,1.03859,1.03866,1339,2,0
2025-02-28 07:00:00,1.03867,1.03902,1.03841,1.0389,1306,2,0
2025-02-28 08:00:00,1.03887,1.03891,1.03824,1.03878,2029,2,0
2025-02-28 09:00:00,1.03877,1.04007,1.03858,1.03962,3345,1,0
2025-02-28 10:00:00,1.03963,1.04044,1.0395,1.04011,3277,1,0
2025-02-28 11:00:00,1.04015,1.0408,1.03942,1.03955,3208,1,0
2025-02-28 12:00:00,1.03955,1.04062,1.03923,1.03991,2346,1,0
2025-02-28 13:00:00,1.03991,1.04012,1.03933,1.03989,2004,1,0
2025-02-28 14:00:00,1.03986,1.04081,1.03978,1.04067,2568,0,0
2025-02-28 15:00:00,1.04067,1.04163,1.04053,1.04073,4042,0,0
2025-02-28 16:00:00,1.04072,1.04143,1.04009,1.04096,3844,0,0
2025-02-28 17:00:00,1.04096,1.042,1.03936,1.03997,4878,0,0
2025-02-28 18:00:00,1.04001,1.04114,1.03984,1.04018,4518,0,0
2025-02-28 19:00:00,1.04016,1.04098,1.03902,1.03963,3665,2,0
2025-02-28 20:00:00,1.03961,1.03981,1.03625,1.03634,5613,2,0
2025-02-28 21:00:00,1.03633,1.03734,1.03597,1.03674,3015,2,0
2025-02-28 22:00:00,1.03675,1.03769,1.03621,1.03746,2676,2,0
2025-02-28 23:00:00,1.03738,1.0376,1.03679,1.03743,1380,4,0
2025-03-03 00:00:00,1.04025,1.04038,1.03914,1.0403,702,10,0
2025-03-03 01:00:00,1.04039,1.04212,1.03998,1.04122,2322,2,0
2025-03-03 02:00:00,1.04119,1.042,1.04026,1.04092,2390,2,0
2025-03-03 03:00:00,1.04093,1.04232,1.04074,1.04198,2493,2,0
2025-03-03 04:00:00,1.04194,1.04231,1.04147,1.04196,1888,2,0
2025-03-03 05:00:00,1.04196,1.04198,1.04099,1.04171,2006,2,0
2025-03-03 06:00:00,1.04171,1.04205,1.04164,1.04179,1085,2,0
2025-03-03 07:00:00,1.04176,1.04195,1.04125,1.04145,1342,2,0
2025-03-03 08:00:00,1.04146,1.04165,1.04067,1.04078,2120,2,0
2025-03-03 09:00:00,1.04079,1.04103,1.04018,1.04057,3111,1,0
2025-03-03 10:00:00,1.04056,1.04068,1.03885,1.04008,3992,1,0
2025-03-03 11:00:00,1.04013,1.04291,1.04012,1.04271,3465,1,0
2025-03-03 12:00:00,1.04272,1.0445,1.04272,1.0441799999999999,4161,1,0
2025-03-03 13:00:00,1.0441799999999999,1.04581,1.04403,1.04524,3554,1,0
2025-03-03 14:00:00,1.04525,1.04761,1.04525,1.04702,4279,0,0
2025-03-03 15:00:00,1.04703,1.04766,1.04595,1.04719,3443,0,0
2025-03-03 16:00:00,1.04718,1.04907,1.04687,1.04828,4356,0,0
2025-03-03 17:00:00,1.048,1.05039,1.04768,1.04844,5816,0,0
2025-03-03 18:00:00,1.0484,1.05015,1.0484,1.04959,3695,0,0
2025-03-03 19:00:00,1.04956,1.04968,1.04866,1.04902,2322,2,0
2025-03-03 20:00:00,1.04903,1.05042,1.0482,1.04869,3013,2,0
2025-03-03 21:00:00,1.04868,1.04938,1.04722,1.04732,3362,2,0
2025-03-03 22:00:00,1.04729,1.04852,1.04665,1.04816,5024,2,0
2025-03-03 23:00:00,1.04814,1.04919,1.04795,1.04851,1527,4,0
2025-03-04 00:00:00,1.04854,1.04883,1.04814,1.04883,723,3,0
2025-03-04 01:00:00,1.04874,1.04924,1.04767,1.04852,1456,2,0
2025-03-04 02:00:00,1.04853,1.04886,1.04769,1.0488,2205,2,0
2025-03-04 03:00:00,1.04878,1.04961,1.04821,1.04881,3064,2,0
2025-03-04 04:00:00,1.04882,1.04901,1.04801,1.04808,2087,2,0
2025-03-04 05:00:00,1.04809,1.04837,1.04746,1.04774,1985,2,0
2025-03-04 06:00:00,1.04774,1.04805,1.04712,1.04784,1764,2,0
2025-03-04 07:00:00,1.04782,1.04861,1.04709,1.04832,2700,2,0
2025-03-04 08:00:00,1.04833,1.04898,1.04788,1.04863,2289,2,0
2025-03-04 09:00:00,1.04868,1.05007,1.04811,1.04929,4122,1,0
2025-03-04 10:00:00,1.04926,1.05241,1.04865,1.05187,5563,1,0
2025-03-04 11:00:00,1.05185,1.05274,1.05092,1.05118,4321,1,0
2025-03-04 12:00:00,1.0512299999999999,1.05197,1.05023,1.05115,3941,1,0
2025-03-04 13:00:00,1.05115,1.05446,1.05097,1.05441,3824,0,0
2025-03-04 14:00:00,1.05443,1.0557,1.05362,1.05531,4593,0,0
2025-03-04 15:00:00,1.05536,1.05599,1.05309,1.05389,4931,0,0
2025-03-04 16:00:00,1.05388,1.05487,1.05207,1.05217,5671,0,0
2025-03-04 17:00:00,1.05213,1.05281,1.04963,1.0526200000000001,5804,0,0
2025-03-04 18:00:00,1.05264,1.05398,1.05152,1.05338,4924,0,0
2025-03-04 19:00:00,1.05338,1.0544,1.05306,1.05415,4351,2,0
2025-03-04 20:00:00,1.05416,1.05912,1.05375,1.05903,5442,2,0
2025-03-04 21:00:00,1.05903,1.0602,1.05862,1.06006,3714,2,0
2025-03-04 22:00:00,1.06007,1.06239,1.06004,1.06089,4196,2,0
2025-03-04 23:00:00,1.06082,1.06269,1.06076,1.06246,2906,5,0
2025-03-05 00:00:00,1.06192,1.06249,1.06153,1.062,726,3,0
2025-03-05 01:00:00,1.06196,1.06372,1.06195,1.06235,1842,2,0
2025-03-05 02:00:00,1.0623,1.06271,1.06109,1.06208,2425,2,0
2025-03-05 03:00:00,1.06207,1.06273,1.06087,1.06123,3629,2,0
2025-03-05 04:00:00,1.06124,1.06161,1.06038,1.06043,2752,2,0
2025-03-05 05:00:00,1.0604,1.06204,1.0602,1.06179,2664,2,0
2025-03-05 06:00:00,1.06181,1.06258,1.06152,1.0619,1848,2,0
2025-03-05 07:00:00,1.06191,1.06325,1.06187,1.0631599999999999,1831,2,0
2025-03-05 08:00:00,1.06312,1.0639,1.06241,1.06321,2728,2,0
2025-03-05 09:00:00,1.06325,1.06766,1.06295,1.06739,5718,1,0
2025-03-05 10:00:00,1.06736,1.06998,1.06585,1.06982,6590,1,0
2025-03-05 11:00:00,1.06977,1.07222,1.06955,1.07115,5860,1,0
2025-03-05 12:00:00,1.07116,1.0715,1.06834,1.06972,4422,1,0
2025-03-05 13:00:00,1.06973,1.06987,1.06764,1.06789,3669,1,0
2025-03-05 14:00:00,1.06793,1.07141,1.06786,1.06954,4647,0,0
2025-03-05 15:00:00,1.06956,1.07226,1.06859,1.07159,6585,0,0
2025-03-05 16:00:00,1.07155,1.07772,1.07138,1.07694,7604,0,0
2025-03-05 17:00:00,1.07653,1.07708,1.0741,1.0765,7782,0,0
2025-03-05 18:00:00,1.07652,1.0787,1.07613,1.07674,6125,0,0
2025-03-05 19:00:00,1.07672,1.07879,1.07625,1.0785,4845,2,0
2025-03-05 20:00:00,1.07851,1.07891,1.07638,1.07737,4796,2,0
2025-03-05 21:00:00,1.07738,1.0790899999999999,1.07698,1.079,3039,2,0
2025-03-05 22:00:00,1.07898,1.07969,1.07877,1.07916,2113,2,0
2025-03-05 23:00:00,1.07912,1.07922,1.07846,1.0788,1302,4,0
2025-03-06 00:00:00,1.07878,1.07921,1.07857,1.07905,478,3,0
2025-03-06 01:00:00,1.0790899999999999,1.07953,1.07872,1.07944,1042,2,0
2025-03-06 02:00:00,1.07943,1.08026,1.07872,1.07946,2188,2,0
2025-03-06 03:00:00,1.07946,1.08201,1.07894,1.08153,3021,2,0
2025-03-06 04:00:00,1.08155,1.08189,1.0798,1.08052,2850,2,0
2025-03-06 05:00:00,1.08053,1.08053,1.07883,1.07897,2209,2,0
2025-03-06 06:00:00,1.07898,1.08039,1.07839,1.08033,1878,2,0
2025-03-06 07:00:00,1.08033,1.08118,1.08,1.08101,2192,2,0
2025-03-06 08:00:00,1.08107,1.082,1.0799,1.08025,3041,2,0
2025-03-06 09:00:00,1.08025,1.08223,1.07918,1.07994,5744,1,0
2025-03-06 10:00:00,1.07991,1.0817,1.07928,1.08014,6707,1,0
2025-03-06 11:00:00,1.0801,1.08066,1.07803,1.07997,5695,1,0
2025-03-06 12:00:00,1.07997,1.08034,1.07827,1.07921,4246,1,0
2025-03-06 13:00:00,1.0792,1.08012,1.07833,1.07991,3668,1,0
2025-03-06 14:00:00,1.07992,1.08071,1.0788,1.08,3731,0,0
2025-03-06 15:00:00,1.07999,1.08455,1.0791,1.08263,8047,0,0
2025-03-06 16:00:00,1.08264,1.08411,1.08113,1.08373,8774,0,0
2025-03-06 17:00:00,1.08369,1.08541,1.08114,1.08168,6947,0,0
2025-03-06 18:00:00,1.08172,1.08383,1.08153,1.08173,5958,0,0
2025-03-06 19:00:00,1.08169,1.08223,1.07913,1.07968,4520,2,0
2025-03-06 20:00:00,1.07968,1.08019,1.0765500000000001,1.07839,4274,2,0
2025-03-06 21:00:00,1.07839,1.08116,1.07826,1.08018,3485,2,0
2025-03-06 22:00:00,1.08016,1.08034,1.07853,1.07861,2698,2,0
2025-03-06 23:00:00,1.07862,1.07897,1.07742,1.07802,1612,4,0
2025-03-07 00:00:00,1.07795,1.0792,1.07758,1.07905,1277,19,0
2025-03-07 01:00:00,1.07894,1.07961,1.07845,1.07875,1065,2,0
2025-03-07 02:00:00,1.07874,1.07955,1.07868,1.07873,1772,2,0
2025-03-07 03:00:00,1.07875,1.07929,1.07811,1.07902,2167,2,0
2025-03-07 04:00:00,1.07903,1.07995,1.07846,1.07993,2039,2,0
2025-03-07 05:00:00,1.07994,1.08144,1.07963,1.08056,1895,2,0
2025-03-07 06:00:00,1.08054,1.08132,1.08027,1.08129,1298,2,0
2025-03-07 07:00:00,1.08132,1.08176,1.08075,1.08131,1679,2,0
2025-03-07 08:00:00,1.08131,1.08251,1.08079,1.08233,2508,2,0
2025-03-07 09:00:00,1.0823,1.08409,1.08199,1.08296,3822,1,0
2025-03-07 10:00:00,1.08297,1.08551,1.08262,1.08508,4731,1,0
2025-03-07 11:00:00,1.08505,1.08716,1.08444,1.08613,4268,1,0
2025-03-07 12:00:00,1.08613,1.08673,1.08573,1.08605,3535,1,0
2025-03-07 13:00:00,1.08601,1.08601,1.08447,1.08488,3585,1,0
2025-03-07 14:00:00,1.08485,1.08575,1.08411,1.08546,3798,0,0
2025-03-07 15:00:00,1.08548,1.08887,1.08432,1.08445,7957,0,0
2025-03-07 16:00:00,1.08449,1.08817,1.08443,1.08539,7062,0,0
2025-03-07 17:00:00,1.08537,1.08868,1.08355,1.087,6861,0,0
2025-03-07 18:00:00,1.08701,1.0873,1.08379,1.08588,4693,0,0
2025-03-07 19:00:00,1.08589,1.08644,1.08319,1.08434,5147,2,0
2025-03-07 20:00:00,1.08432,1.08442,1.08256,1.08398,3321,2,0
2025-03-07 21:00:00,1.08397,1.0844,1.08333,1.08425,2467,2,0
2025-03-07 22:00:00,1.08424,1.0849199999999999,1.08399,1.08462,1966,2,0
2025-03-07 23:00:00,1.08461,1.08506,1.0832,1.08325,1094,4,0
2025-03-10 00:00:00,1.08373,1.08589,1.08367,1.08486,1996,0,0
2025-03-10 01:00:00,1.08494,1.08654,1.0848200000000001,1.08599,1931,2,0
2025-03-10 02:00:00,1.086,1.08669,1.0853,1.0864,2160,2,0
2025-03-10 03:00:00,1.08639,1.08709,1.08526,1.08531,2551,2,0
2025-03-10 04:00:00,1.0853,1.08559,1.08356,1.08372,2036,2,0
2025-03-10 05:00:00,1.0836999999999999,1.08386,1.083,1.08317,1806,2,0
2025-03-10 06:00:00,1.08316,1.08378,1.08301,1.08305,1321,2,0
2025-03-10 07:00:00,1.08304,1.08358,1.08277,1.08352,1790,2,0
2025-03-10 08:00:00,1.08352,1.08449,1.08343,1.08374,2548,2,0
2025-03-10 09:00:00,1.08374,1.08438,1.0811,1.08221,4148,1,0
2025-03-10 10:00:00,1.08224,1.08243,1.0805,1.08102,5184,1,0
2025-03-10 11:00:00,1.08102,1.08568,1.08085,1.08514,5048,1,0
2025-03-10 12:00:00,1.08513,1.08745,1.08504,1.08608,4638,1,0
2025-03-10 13:00:00,1.08608,1.08642,1.08124,1.08503,6093,1,0
2025-03-10 14:00:00,1.08506,1.08602,1.08419,1.08442,4135,0,0
2025-03-10 15:00:00,1.08443,1.08509,1.08333,1.08352,3991,0,0
2025-03-10 16:00:00,1.08353,1.08468,1.08313,1.08453,4528,0,0
2025-03-10 17:00:00,1.08454,1.0848200000000001,1.08209,1.08369,4469,0,0
2025-03-10 18:00:00,1.08369,1.0842,1.0828,1.08305,3368,0,0
2025-03-10 19:00:00,1.08303,1.08458,1.08255,1.08296,2934,2,0
2025-03-10 20:00:00,1.08295,1.08349,1.08179,1.083,2991,2,0
2025-03-10 21:00:00,1.08299,1.0832600000000001,1.08174,1.08314,2453,2,0
2025-03-10 22:00:00,1.08308,1.08363,1.0825,1.08339,1385,4,0
2025-03-10 23:00:00,1.08333,1.0836,1.08249,1.08344,405,21,0
2025-03-11 00:00:00,1.08342,1.0841,1.0832600000000001,1.08338,881,4,0
2025-03-11 01:00:00,1.08345,1.08436,1.08345,1.08392,1277,0,0
2025-03-11 02:00:00,1.08391,1.08536,1.0839,1.08511,2071,2,0
2025-03-11 03:00:00,1.08512,1.08584,1.08435,1.08579,2563,2,0
2025-03-11 04:00:00,1.08578,1.08605,1.08499,1.08557,2282,2,0
2025-03-11 05:00:00,1.08558,1.08599,1.08487,1.08541,1823,2,0
2025-03-11 06:00:00,1.08541,1.08617,1.08502,1.08544,1416,2,0
2025-03-11 07:00:00,1.08545,1.08557,1.08355,1.08384,2101,2,0
2025-03-11 08:00:00,1.08385,1.08757,1.08365,1.08566,3892,2,0
2025-03-11 09:00:00,1.08563,1.0901399999999999,1.08551,1.08905,5459,1,0
2025-03-11 10:00:00,1.08901,1.09194,1.08852,1.0917,5551,1,0
2025-03-11 11:00:00,1.09169,1.09208,1.08959,1.09086,4359,1,0
2025-03-11 12:00:00,1.09086,1.09086,1.08823,1.08907,3778,1,0
2025-03-11 13:00:00,1.08907,1.09049,1.08811,1.09049,3437,1,0
2025-03-11 14:00:00,1.09048,1.09204,1.09021,1.09179,4012,0,0
2025-03-11 15:00:00,1.0918,1.09307,1.09113,1.09206,4442,0,0
2025-03-11 16:00:00,1.09201,1.09207,1.08952,1.09194,6472,0,0
2025-03-11 17:00:00,1.09194,1.09288,1.09122,1.09275,4614,0,0
2025-03-11 18:00:00,1.09274,1.09294,1.09178,1.09253,3071,0,0
2025-03-11 19:00:00,1.09252,1.09349,1.09237,1.09337,2838,2,0
2025-03-11 20:00:00,1.09339,1.09472,1.09252,1.09307,4458,2,0
2025-03-11 21:00:00,1.0930900000000001,1.09341,1.09195,1.09199,3217,2,0
2025-03-11 22:00:00,1.09193,1.09203,1.09093,1.09171,1387,4,0
2025-03-11 23:00:00,1.09169,1.09186,1.0907,1.09101,737,19,0
2025-03-12 00:00:00,1.0912,1.09181,1.09118,1.09145,850,0,0
2025-03-12 01:00:00,1.0915300000000001,1.09177,1.09128,1.09144,923,2,0
2025-03-12 02:00:00,1.0914,1.09157,1.09054,1.0909,1760,2,0
2025-03-12 03:00:00,1.0909200000000001,1.09154,1.09058,1.09066,2155,2,0
2025-03-12 04:00:00,1.09065,1.09116,1.09034,1.09039,1702,2,0
2025-03-12 05:00:00,1.09038,1.0905,1.0896,1.08969,1262,0,0
2025-03-12 06:00:00,1.08971,1.09028,1.08957,1.08989,1356,2,0
2025-03-12 07:00:00,1.08991,1.09044,1.0895,1.09033,1706,2,0
2025-03-12 08:00:00,1.09035,1.09088,1.08919,1.0892,2278,2,0
2025-03-12 09:00:00,1.08921,1.09033,1.08873,1.0901399999999999,3814,1,0
2025-03-12 10:00:00,1.09012,1.0922,1.08976,1.09211,5633,1,0
2025-03-12 11:00:00,1.09215,1.09266,1.09132,1.09147,4565,1,0
2025-03-12 12:00:00,1.09141,1.09212,1.09044,1.09059,2979,1,0
2025-03-12 13:00:00,1.0906,1.0913,1.08993,1.09004,3408,1,0
2025-03-12 14:00:00,1.09007,1.0931899999999999,1.08761,1.08784,7747,0,0
2025-03-12 15:00:00,1.08783,1.08964,1.08757,1.0882,6444,0,0
2025-03-12 16:00:00,1.08818,1.09139,1.0881,1.09128,4928,0,0
2025-03-12 17:00:00,1.09126,1.09245,1.09098,1.09245,4220,0,0
2025-03-12 18:00:00,1.09245,1.0928,1.09058,1.09058,3508,0,0
2025-03-12 19:00:00,1.09058,1.09142,1.09032,1.09069,2664,2,0
2025-03-12 20:00:00,1.09069,1.09096,1.08798,1.08842,2453,2,0
2025-03-12 21:00:00,1.08847,1.08976,1.08829,1.08905,2421,2,0
2025-03-12 22:00:00,1.08896,1.0893,1.0885,1.08869,1150,4,0
2025-03-12 23:00:00,1.08835,1.0889199999999999,1.08835,1.08841,436,18,0
2025-03-13 00:00:00,1.08874,1.08897,1.08866,1.08886,537,0,0
2025-03-13 01:00:00,1.08894,1.089,1.08832,1.08856,657,0,0
2025-03-13 02:00:00,1.08858,1.08915,1.08824,1.08912,1124,2,0
2025-03-13 03:00:00,1.08912,1.08933,1.08862,1.0889199999999999,1591,2,0
2025-03-13 04:00:00,1.08891,1.08972,1.08887,1.08951,1383,2,0
2025-03-13 05:00:00,1.08952,1.08955,1.08847,1.08851,1151,2,0
2025-03-13 06:00:00,1.08851,1.08934,1.08815,1.08932,1133,2,0
2025-03-13 07:00:00,1.08932,1.08935,1.08791,1.08853,1773,2,0
2025-03-13 08:00:00,1.08854,1.08856,1.08695,1.08743,2700,2,0
2025-03-13 09:00:00,1.08745,1.0885,1.08596,1.08652,3991,1,0
2025-03-13 10:00:00,1.08652,1.08842,1.08591,1.0873599999999999,4910,1,0
2025-03-13 11:00:00,1.08734,1.08856,1.08688,1.08795,3883,1,0
2025-03-13 12:00:00,1.08797,1.08829,1.08622,1.08703,3515,1,0
2025-03-13 13:00:00,1.08702,1.08753,1.08447,1.08565,4439,1,0
2025-03-13 14:00:00,1.08563,1.08779,1.08259,1.08348,6816,0,0
2025-03-13 15:00:00,1.0835,1.08531,1.08224,1.08476,4905,0,0
2025-03-13 16:00:00,1.08476,1.08699,1.08465,1.08653,5040,0,0
2025-03-13 17:00:00,1.0865,1.0872,1.08542,1.08582,5375,0,0
2025-03-13 18:00:00,1.08581,1.08782,1.0855,1.08725,4108,0,0
2025-03-13 19:00:00,1.08724,1.08737,1.08542,1.08544,2995,2,0
2025-03-13 20:00:00,1.0854300000000001,1.08579,1.08517,1.08532,2391,2,0
2025-03-13 21:00:00,1.08533,1.0857,1.08475,1.08485,1952,2,0
2025-03-13 22:00:00,1.08478,1.0855299999999999,1.08454,1.08512,1049,4,0
2025-03-13 23:00:00,1.08511,1.0855,1.0844,1.08511,384,18,0
2025-03-14 00:00:00,1.0851,1.08554,1.08503,1.0852,560,0,0
2025-03-14 01:00:00,1.08527,1.08552,1.085,1.08545,941,0,0
2025-03-14 02:00:00,1.08546,1.08587,1.0848,1.08488,1625,2,0
2025-03-14 03:00:00,1.08489,1.08493,1.08404,1.08409,1838,2,0
2025-03-14 04:00:00,1.0841,1.08429,1.08341,1.084,1422,2,0
2025-03-14 05:00:00,1.08401,1.0846,1.08376,1.08457,1601,2,0
2025-03-14 06:00:00,1.08456,1.08463,1.08375,1.08411,1306,2,0
2025-03-14 07:00:00,1.0841,1.08515,1.08407,1.08508,1792,2,0
2025-03-14 08:00:00,1.08507,1.08507,1.08349,1.08382,2178,2,0
2025-03-14 09:00:00,1.08378,1.08474,1.08305,1.08391,3815,1,0
2025-03-14 10:00:00,1.0839,1.08569,1.08353,1.08541,3914,1,0
2025-03-14 11:00:00,1.0854,1.08621,1.08472,1.08523,3440,1,0
2025-03-14 12:00:00,1.08519,1.09124,1.08513,1.08948,6134,1,0
2025-03-14 13:00:00,1.08952,1.09093,1.08874,1.08969,5638,1,0
2025-03-14 14:00:00,1.08969,1.09114,1.08899,1.08945,4393,0,0
2025-03-14 15:00:00,1.08947,1.08982,1.087,1.08744,4359,0,0
2025-03-14 16:00:00,1.08739,1.08865,1.08655,1.0878,4845,0,0
2025-03-14 17:00:00,1.08781,1.08869,1.08667,1.08716,4206,0,0
2025-03-14 18:00:00,1.08717,1.08901,1.08706,1.0883,2998,0,0
2025-03-14 19:00:00,1.08829,1.0888,1.08789,1.08822,2112,2,0
2025-03-14 20:00:00,1.08822,1.08863,1.08732,1.08803,2009,2,0
2025-03-14 21:00:00,1.08799,1.08846,1.08782,1.0883099999999999,1638,2,0
2025-03-14 22:00:00,1.08824,1.08853,1.08746,1.08751,832,4,0
2025-03-17 00:00:00,1.0878,1.08843,1.08738,1.08806,1186,0,0
2025-03-17 01:00:00,1.08814,1.08851,1.08794,1.08798,906,2,0
2025-03-17 02:00:00,1.08797,1.08828,1.08754,1.08793,1194,2,0
2025-03-17 03:00:00,1.08794,1.08903,1.08741,1.08829,1748,2,0
2025-03-17 04:00:00,1.08829,1.08859,1.08795,1.0881,1197,2,0
2025-03-17 05:00:00,1.08809,1.08864,1.08767,1.08832,1041,2,0
2025-03-17 06:00:00,1.08835,1.08939,1.08776,1.08822,1393,2,0
2025-03-17 07:00:00,1.08823,1.08824,1.08735,1.08777,1219,2,0
2025-03-17 08:00:00,1.08778,1.08843,1.08732,1.08778,1480,2,0
2025-03-17 09:00:00,1.08774,1.08844,1.08684,1.08764,2949,1,0
2025-03-17 10:00:00,1.08765,1.08871,1.08703,1.08839,3655,1,0
2025-03-17 11:00:00,1.0884,1.09006,1.08769,1.09,3231,1,0
2025-03-17 12:00:00,1.09001,1.09101,1.08964,1.0907499999999999,2657,1,0
2025-03-17 13:00:00,1.09076,1.0912,1.0896,1.09023,2267,1,0
2025-03-17 14:00:00,1.09023,1.09094,1.08874,1.09016,4471,0,0
2025-03-17 15:00:00,1.09016,1.09064,1.0897000000000001,1.09046,3808,0,0
2025-03-17 16:00:00,1.09047,1.09188,1.0902,1.09158,3734,0,0
2025-03-17 17:00:00,1.09157,1.09299,1.09157,1.09218,3084,0,0
2025-03-17 18:00:00,1.09217,1.09264,1.09143,1.09211,2436,0,0
2025-03-17 19:00:00,1.09211,1.09238,1.09115,1.09142,1961,2,0
2025-03-17 20:00:00,1.0914,1.09264,1.09124,1.09252,1806,2,0
2025-03-17 21:00:00,1.09252,1.09255,1.09184,1.09203,1314,2,0
2025-03-17 22:00:00,1.09196,1.09271,1.09194,1.09209,1081,0,0
2025-03-17 23:00:00,1.09178,1.09225,1.09164,1.09215,459,19,0
2025-03-18 00:00:00,1.09214,1.09227,1.09182,1.09202,525,0,0
2025-03-18 01:00:00,1.0921,1.09219,1.09181,1.09182,641,2,0
2025-03-18 02:00:00,1.09183,1.09212,1.09148,1.09161,1205,2,0
2025-03-18 03:00:00,1.09158,1.09192,1.09121,1.09135,1380,2,0
2025-03-18 04:00:00,1.09135,1.09162,1.09079,1.09087,1346,2,0
2025-03-18 05:00:00,1.09087,1.09111,1.09061,1.09085,930,0,0
2025-03-18 06:00:00,1.09085,1.09116,1.0908,1.0911,707,2,0
2025-03-18 07:00:00,1.09111,1.09134,1.09071,1.09078,1017,2,0
2025-03-18 08:00:00,1.09081,1.09212,1.09035,1.09206,1838,2,0
2025-03-18 09:00:00,1.09204,1.09367,1.0916,1.09353,2816,1,0
2025-03-18 10:00:00,1.09354,1.09546,1.09328,1.09514,3804,1,0
2025-03-18 11:00:00,1.09517,1.09534,1.09394,1.09504,2840,1,0
2025-03-18 12:00:00,1.09503,1.09524,1.09315,1.09344,3200,1,0
2025-03-18 13:00:00,1.09344,1.09373,1.09141,1.09165,2942,1,0
2025-03-18 14:00:00,1.09165,1.09239,1.08924,1.09117,3793,0,0
2025-03-18 15:00:00,1.09117,1.09209,1.09015,1.09125,3830,0,0
2025-03-18 16:00:00,1.09125,1.0919699999999999,1.09071,1.09166,3777,0,0
2025-03-18 17:00:00,1.09171,1.09343,1.08966,1.09268,4723,0,0
2025-03-18 18:00:00,1.09267,1.094,1.09234,1.09386,2911,0,0
2025-03-18 19:00:00,1.09385,1.09518,1.09384,1.09496,2792,2,0
2025-03-18 20:00:00,1.09497,1.09513,1.09405,1.09442,1685,2,0
2025-03-18 21:00:00,1.09439,1.09497,1.09413,1.09462,1461,2,0
2025-03-18 22:00:00,1.09452,1.09486,1.09412,1.09429,745,0,0
2025-03-18 23:00:00,1.09437,1.09457,1.09401,1.09434,600,19,0
2025-03-19 00:00:00,1.09437,1.09457,1.09395,1.09408,622,0,0
2025-03-19 01:00:00,1.09418,1.09435,1.09379,1.09387,651,0,0
2025-03-19 02:00:00,1.09388,1.09389,1.09317,1.09344,1173,2,0
2025-03-19 03:00:00,1.09346,1.09375,1.09333,1.09369,1040,2,0
2025-03-19 04:00:00,1.09369,1.0945,1.09354,1.09407,1026,2,0
2025-03-19 05:00:00,1.09408,1.09437,1.0933,1.09379,1004,2,0
2025-03-19 06:00:00,1.09379,1.0937999999999999,1.09279,1.09297,889,2,0
2025-03-19 07:00:00,1.09297,1.09362,1.09296,1.09314,1087,2,0
2025-03-19 08:00:00,1.09311,1.09325,1.09205,1.09205,1813,2,0
2025-03-19 09:00:00,1.09205,1.09232,1.08733,1.08929,4968,1,0
2025-03-19 10:00:00,1.08928,1.09106,1.08923,1.09071,3969,1,0
2025-03-19 11:00:00,1.09067,1.09103,1.08955,1.09022,3028,1,0
2025-03-19 12:00:00,1.09023,1.09044,1.08913,1.08997,2544,1,0
2025-03-19 13:00:00,1.08997,1.09134,1.08937,1.09081,2604,1,0
2025-03-19 14:00:00,1.09082,1.09178,1.08991,1.0901,3500,0,0
2025-03-19 15:00:00,1.0901399999999999,1.09039,1.08926,1.08944,3290,0,0
2025-03-19 16:00:00,1.08941,1.09006,1.0882,1.08838,3147,0,0
2025-03-19 17:00:00,1.08841,1.08881,1.08754,1.0877,2850,0,0
2025-03-19 18:00:00,1.08771,1.08863,1.08759,1.08853,2398,0,0
2025-03-19 19:00:00,1.08852,1.08854,1.08601,1.08687,2681,2,0
2025-03-19 20:00:00,1.08694,1.09133,1.08641,1.09074,7080,2,0
2025-03-19 21:00:00,1.09073,1.09128,1.08849,1.08991,4168,2,0
2025-03-19 22:00:00,1.08984,1.09051,1.08949,1.09017,1059,4,0
2025-03-19 23:00:00,1.09013,1.09046,1.08975,1.0903,355,19,0
2025-03-20 00:00:00,1.09041,1.09126,1.09029,1.0907499999999999,854,4,0
2025-03-20 01:00:00,1.09083,1.09116,1.0905,1.09114,702,2,0
2025-03-20 02:00:00,1.09115,1.09164,1.09037,1.09122,1751,2,0
2025-03-20 03:00:00,1.09123,1.09131,1.09035,1.09055,1713,2,0
2025-03-20 04:00:00,1.09056,1.09174,1.09051,1.09088,1794,2,0
2025-03-20 05:00:00,1.09088,1.09138,1.0907,1.09094,1236,2,0
2025-03-20 06:00:00,1.09094,1.09104,1.09001,1.09033,1072,2,0
2025-03-20 07:00:00,1.09034,1.09035,1.08908,1.08952,1147,2,0
2025-03-20 08:00:00,1.08952,1.08988,1.08895,1.08935,1789,2,0
2025-03-20 09:00:00,1.08931,1.08944,1.08649,1.08789,3172,1,0
2025-03-20 10:00:00,1.0879,1.08859,1.08629,1.08656,3766,1,0
2025-03-20 11:00:00,1.08655,1.08687,1.08385,1.0852,4340,1,0
2025-03-20 12:00:00,1.08523,1.08547,1.08334,1.08461,4049,1,0
2025-03-20 13:00:00,1.08464,1.08518,1.08391,1.0849199999999999,2715,1,0
2025-03-20 14:00:00,1.08493,1.0856,1.0830899999999999,1.08337,3748,0,0
2025-03-20 15:00:00,1.0834,1.08394,1.08148,1.08254,4050,0,0
2025-03-20 16:00:00,1.08249,1.0838700000000001,1.08226,1.08293,3665,0,0
2025-03-20 17:00:00,1.08292,1.08494,1.08233,1.08474,3378,0,0
2025-03-20 18:00:00,1.08474,1.08524,1.08422,1.08485,2499,0,0
2025-03-20 19:00:00,1.08485,1.08519,1.08389,1.08443,1782,2,0
2025-03-20 20:00:00,1.08441,1.08497,1.08419,1.0848200000000001,1454,2,0
2025-03-20 21:00:00,1.08481,1.08545,1.0847,1.08533,1255,2,0
2025-03-20 22:00:00,1.08525,1.08585,1.08456,1.08456,676,4,0
2025-03-20 23:00:00,1.08483,1.08547,1.08359,1.08534,412,17,0
2025-03-21 00:00:00,1.0853,1.08581,1.08523,1.08567,836,4,0
2025-03-21 01:00:00,1.08574,1.08577,1.08531,1.08531,538,2,0
2025-03-21 02:00:00,1.08531,1.08588,1.08509,1.08529,1153,2,0
2025-03-21 03:00:00,1.08529,1.08556,1.08484,1.08521,1554,2,0
2025-03-21 04:00:00,1.0852,1.08549,1.08421,1.0844,1533,2,0
2025-03-21 05:00:00,1.08439,1.08466,1.08332,1.08349,1161,2,0
2025-03-21 06:00:00,1.08348,1.08366,1.08275,1.08304,1035,2,0
2025-03-21 07:00:00,1.08304,1.08304,1.08198,1.08286,1659,2,0
2025-03-21 08:00:00,1.08287,1.08375,1.08242,1.08342,1986,2,0
2025-03-21 09:00:00,1.08338,1.08414,1.08266,1.0838700000000001,2743,1,0
2025-03-21 10:00:00,1.0838700000000001,1.08457,1.08239,1.08362,3507,1,0
2025-03-21 11:00:00,1.0836,1.08391,1.08247,1.08258,2370,1,0
2025-03-21 12:00:00,1.08261,1.08388,1.08258,1.08371,2506,1,0
2025-03-21 13:00:00,1.08367,1.08514,1.08349,1.08503,2653,1,0
2025-03-21 14:00:00,1.08506,1.08617,1.08297,1.08324,3843,0,0
2025-03-21 15:00:00,1.08323,1.0836,1.08252,1.08318,3661,0,0
2025-03-21 16:00:00,1.08319,1.08358,1.08188,1.08236,3278,0,0
2025-03-21 17:00:00,1.08237,1.08301,1.07964,1.0806499999999999,3414,0,0
2025-03-21 18:00:00,1.0806499999999999,1.08249,1.08044,1.08183,3596,0,0
2025-03-21 19:00:00,1.08182,1.08256,1.08051,1.08225,2362,2,0
2025-03-21 20:00:00,1.08224,1.08269,1.08145,1.08207,1690,2,0
2025-03-21 21:00:00,1.08209,1.08245,1.08152,1.08179,1318,2,0
2025-03-21 22:00:00,1.08171,1.08171,1.08108,1.08129,874,0,0
2025-03-24 00:00:00,1.08184,1.08296,1.08159,1.08197,1099,2,0
2025-03-24 01:00:00,1.082,1.08371,1.0818699999999999,1.08357,1260,2,0
2025-03-24 02:00:00,1.08358,1.084,1.08328,1.08372,1577,2,0
2025-03-24 03:00:00,1.0836999999999999,1.08376,1.08225,1.08262,1934,2,0
2025-03-24 04:00:00,1.08262,1.08321,1.08242,1.08251,1623,2,0
2025-03-24 05:00:00,1.08249,1.08294,1.08199,1.08201,1319,2,0
2025-03-24 06:00:00,1.08205,1.08244,1.08168,1.08229,1191,2,0
2025-03-24 07:00:00,1.08228,1.08308,1.08182,1.08289,1629,0,0
2025-03-24 08:00:00,1.08286,1.08448,1.08278,1.08397,2242,2,0
2025-03-24 09:00:00,1.08396,1.08501,1.08331,1.08382,3176,1,0
2025-03-24 10:00:00,1.08384,1.08584,1.08372,1.08429,4526,1,0
2025-03-24 11:00:00,1.08433,1.08452,1.08286,1.08394,3587,1,0
2025-03-24 12:00:00,1.08398,1.0854300000000001,1.08365,1.08476,2440,1,0
2025-03-24 13:00:00,1.08476,1.0849,1.08318,1.08321,2161,8,0
2025-03-24 14:00:00,1.0832,1.0834,1.08211,1.08292,3357,8,0
2025-03-24 15:00:00,1.08292,1.08302,1.07922,1.07931,4480,8,0
2025-03-24 16:00:00,1.07924,1.08198,1.079,1.07989,4803,8,0
2025-03-24 17:00:00,1.0799,1.08047,1.07902,1.07934,4016,8,0
2025-03-24 18:00:00,1.07934,1.08068,1.07811,1.07915,3423,8,0
2025-03-24 19:00:00,1.07914,1.07959,1.07842,1.07871,2701,8,0
2025-03-24 20:00:00,1.07871,1.08125,1.07836,1.08046,2835,8,0
2025-03-24 21:00:00,1.08049,1.08066,1.07968,1.08013,1347,8,0
2025-03-24 22:00:00,1.08015,1.08056,1.0798,1.08003,917,8,0
2025-03-24 23:00:00,1.07992,1.08002,1.07949,1.07992,591,8,0
2025-03-25 00:00:00,1.08008,1.08029,1.07944,1.08019,715,8,0
2025-03-25 01:00:00,1.08019,1.08032,1.07998,1.08019,885,9,0
2025-03-25 02:00:00,1.08019,1.08023,1.07956,1.07998,1639,8,0
2025-03-25 03:00:00,1.07996,1.08077,1.07995,1.08018,2131,8,0
2025-03-25 04:00:00,1.08018,1.08045,1.07937,1.07961,1769,8,0
2025-03-25 05:00:00,1.07961,1.0803,1.07955,1.08024,1453,8,0
2025-03-25 06:00:00,1.08026,1.08084,1.0802100000000001,1.08028,1389,8,0
2025-03-25 07:00:00,1.08028,1.08066,1.08007,1.08025,1361,8,0
2025-03-25 08:00:00,1.08025,1.0804,1.07924,1.07943,1959,8,0
2025-03-25 09:00:00,1.07941,1.08015,1.07846,1.07869,3185,8,0
2025-03-25 10:00:00,1.07871,1.07918,1.07765,1.07898,3770,8,0
2025-03-25 11:00:00,1.07898,1.08034,1.0787,1.08001,3478,8,0
2025-03-25 12:00:00,1.08,1.0824,1.07995,1.08197,3580,8,0
2025-03-25 13:00:00,1.08197,1.08271,1.08104,1.08175,3117,8,0
2025-03-25 14:00:00,1.08176,1.08295,1.08152,1.08247,3356,8,0
2025-03-25 15:00:00,1.08247,1.08272,1.08135,1.08156,3779,8,0
2025-03-25 16:00:00,1.08156,1.08213,1.08014,1.08121,4603,8,0
2025-03-25 17:00:00,1.08121,1.08192,1.07967,1.08027,3979,8,0
2025-03-25 18:00:00,1.08026,1.08127,1.08014,1.0806,3206,8,0
2025-03-25 19:00:00,1.08066,1.08163,1.08056,1.08094,2236,8,0
2025-03-25 20:00:00,1.0809,1.0809,1.07965,1.07979,2321,8,0
2025-03-25 21:00:00,1.07982,1.08013,1.07903,1.0795,2332,8,0
2025-03-25 22:00:00,1.07949,1.07953,1.07883,1.07892,891,8,0
2025-03-25 23:00:00,1.07876,1.07919,1.07876,1.07918,449,19,0
2025-03-26 00:00:00,1.07914,1.07928,1.07873,1.07883,886,8,0
2025-03-26 01:00:00,1.07883,1.07886,1.07847,1.07884,910,8,0
2025-03-26 02:00:00,1.07884,1.07918,1.07831,1.07839,1670,9,0
2025-03-26 03:00:00,1.07839,1.07949,1.0777700000000001,1.07931,2384,8,0
2025-03-26 04:00:00,1.07932,1.07967,1.07898,1.07948,1413,9,0
2025-03-26 05:00:00,1.07948,1.07957,1.07833,1.07855,1434,9,0
2025-03-26 06:00:00,1.07855,1.07873,1.07804,1.07837,1113,8,0
2025-03-26 07:00:00,1.07836,1.07865,1.07774,1.07846,1569,8,0
2025-03-26 08:00:00,1.07846,1.07878,1.07817,1.07863,1674,8,0
2025-03-26 09:00:00,1.07855,1.0790899999999999,1.07808,1.07855,3526,8,0
2025-03-26 10:00:00,1.07856,1.07993,1.0784799999999999,1.07988,4113,8,0
2025-03-26 11:00:00,1.07984,1.08022,1.07925,1.07954,3026,8,0
2025-03-26 12:00:00,1.07953,1.08011,1.07861,1.07912,2727,8,0
2025-03-26 13:00:00,1.07913,1.07972,1.07882,1.07918,2469,8,0
2025-03-26 14:00:00,1.07918,1.07931,1.07814,1.07837,3921,8,0
2025-03-26 15:00:00,1.07839,1.07901,1.0767,1.07743,4359,8,0
2025-03-26 16:00:00,1.07743,1.07949,1.0772599999999999,1.07903,4527,8,0
2025-03-26 17:00:00,1.07902,1.07939,1.07671,1.07803,3580,8,0
2025-03-26 18:00:00,1.07805,1.07912,1.07764,1.07867,3351,8,0
2025-03-26 19:00:00,1.07872,1.07889,1.07514,1.07562,4139,8,0
2025-03-26 20:00:00,1.07561,1.07608,1.07527,1.07548,2666,8,0
2025-03-26 21:00:00,1.07547,1.07553,1.07435,1.07507,2135,1,0
2025-03-26 22:00:00,1.07509,1.07562,1.0749900000000001,1.07529,975,0,0
2025-03-26 23:00:00,1.0748199999999999,1.07546,1.07343,1.0737,1013,8,0
2025-03-27 00:00:00,1.07367,1.07443,1.07327,1.07369,1826,8,0
2025-03-27 01:00:00,1.07366,1.0744,1.07351,1.07407,1474,8,0
2025-03-27 02:00:00,1.07407,1.07571,1.07406,1.0755,2013,8,0
2025-03-27 03:00:00,1.0755,1.07684,1.07546,1.07648,2444,8,0
2025-03-27 04:00:00,1.07648,1.07796,1.07646,1.07755,1736,8,0
2025-03-27 05:00:00,1.07754,1.07792,1.07725,1.0777700000000001,1070,8,0
2025-03-27 06:00:00,1.07776,1.07864,1.07766,1.07798,1075,8,0
2025-03-27 07:00:00,1.07795,1.07808,1.07633,1.07687,1272,8,0
2025-03-27 08:00:00,1.07684,1.0782,1.07676,1.0772599999999999,2024,8,0
2025-03-27 09:00:00,1.07724,1.0774,1.07537,1.07642,4459,8,0
2025-03-27 10:00:00,1.07646,1.07762,1.07553,1.07754,5128,8,0
2025-03-27 11:00:00,1.07751,1.07785,1.07607,1.07703,3563,8,0
2025-03-27 12:00:00,1.07703,1.07812,1.07662,1.07812,3140,8,0
2025-03-27 13:00:00,1.07812,1.07991,1.07782,1.07864,3249,8,0
2025-03-27 14:00:00,1.07865,1.07977,1.07827,1.07865,3534,8,0
2025-03-27 15:00:00,1.07867,1.07968,1.07759,1.07794,4397,8,0
2025-03-27 16:00:00,1.07796,1.07943,1.07768,1.07887,4403,8,0
2025-03-27 17:00:00,1.07889,1.08207,1.0785,1.07992,4865,8,0
2025-03-27 18:00:00,1.07991,1.07994,1.07912,1.07982,3735,8,0
2025-03-27 19:00:00,1.07986,1.08083,1.07889,1.07893,2844,8,0
2025-03-27 20:00:00,1.07893,1.07979,1.07886,1.07904,2297,8,0
2025-03-27 21:00:00,1.07904,1.07991,1.07877,1.07944,1883,8,0
2025-03-27 22:00:00,1.07945,1.08018,1.07935,1.07999,805,8,0
2025-03-27 23:00:00,1.07956,1.0801,1.07935,1.07975,479,2,0
2025-03-28 00:00:00,1.07975,1.07982,1.07949,1.07958,856,10,0
2025-03-28 01:00:00,1.07958,1.08008,1.07954,1.08003,912,9,0
2025-03-28 02:00:00,1.08003,1.08003,1.07878,1.07944,1606,8,0
2025-03-28 03:00:00,1.07943,1.07983,1.0791,1.07931,1885,8,0
2025-03-28 04:00:00,1.07932,1.07963,1.07897,1.07941,1717,9,0
2025-03-28 05:00:00,1.07941,1.07964,1.07904,1.07914,1314,8,0
2025-03-28 06:00:00,1.07913,1.07926,1.07841,1.0788,1083,8,0
2025-03-28 07:00:00,1.0788,1.07927,1.07859,1.07904,1492,8,0
2025-03-28 08:00:00,1.07902,1.07917,1.07822,1.07844,1636,8,0
2025-03-28 09:00:00,1.07846,1.07994,1.07811,1.07869,3346,8,0
2025-03-28 10:00:00,1.07862,1.07961,1.07749,1.07778,3809,8,0
2025-03-28 11:00:00,1.07779,1.078,1.07683,1.0773,3245,8,0
2025-03-28 12:00:00,1.07732,1.07782,1.07675,1.07682,2507,8,0
2025-03-28 13:00:00,1.07682,1.07744,1.07642,1.07714,2302,8,0
2025-03-28 14:00:00,1.07713,1.07914,1.07642,1.07885,3936,8,0
2025-03-28 15:00:00,1.07882,1.08162,1.07844,1.08092,5145,8,0
2025-03-28 16:00:00,1.08096,1.0830899999999999,1.08089,1.08226,5136,8,0
2025-03-28 17:00:00,1.08225,1.08442,1.08188,1.08245,4544,8,0
2025-03-28 18:00:00,1.08246,1.0832600000000001,1.08195,1.08212,3480,8,0
2025-03-28 19:00:00,1.08211,1.08282,1.08115,1.08191,2855,8,0
2025-03-28 20:00:00,1.08191,1.08275,1.08132,1.08241,2559,8,0
2025-03-28 21:00:00,1.08241,1.08281,1.08227,1.08251,2472,8,0
2025-03-28 22:00:00,1.08251,1.08356,1.08247,1.08276,1049,8,0
2025-03-31 00:00:00,1.08203,1.0827,1.08114,1.08137,500,9,0
2025-03-31 01:00:00,1.08159,1.08218,1.08049,1.08203,1669,8,0
2025-03-31 02:00:00,1.08203,1.08288,1.08105,1.08231,2343,8,0
2025-03-31 03:00:00,1.08231,1.0841,1.08226,1.0841,2857,8,0
2025-03-31 04:00:00,1.0841,1.0845,1.08306,1.08321,2784,8,0
2025-03-31 05:00:00,1.08321,1.08452,1.08285,1.08401,2253,8,0
2025-03-31 06:00:00,1.084,1.0841,1.08321,1.0832600000000001,1629,8,0
2025-03-31 07:00:00,1.0832600000000001,1.08355,1.08307,1.08337,1620,8,0
2025-03-31 08:00:00,1.08337,1.08423,1.08308,1.08339,2196,8,0
2025-03-31 09:00:00,1.08339,1.08444,1.08244,1.08368,4307,8,0
2025-03-31 10:00:00,1.08368,1.08489,1.08203,1.08312,5497,8,0
2025-03-31 11:00:00,1.08312,1.08337,1.08111,1.08269,4233,8,0
2025-03-31 12:00:00,1.08269,1.083,1.08142,1.08158,3239,8,0
2025-03-31 13:00:00,1.08155,1.0820400000000001,1.08049,1.08179,3134,8,0
2025-03-31 14:00:00,1.0818,1.08288,1.08148,1.08193,3344,8,0
2025-03-31 15:00:00,1.08192,1.08205,1.08006,1.08032,3603,8,0
2025-03-31 16:00:00,1.08032,1.08207,1.08022,1.08076,4100,8,0
2025-03-31 17:00:00,1.08074,1.08078,1.07836,1.08015,4322,8,0
2025-03-31 18:00:00,1.08012,1.08161,1.07902,1.07936,4696,8,0
2025-03-31 19:00:00,1.07938,1.08155,1.07846,1.08112,3475,8,0
2025-03-31 20:00:00,1.08112,1.08172,1.08075,1.08142,2364,8,0
2025-03-31 21:00:00,1.08142,1.08174,1.0806499999999999,1.08144,2397,8,0
2025-03-31 22:00:00,1.08144,1.08192,1.08114,1.08135,2392,8,0
2025-03-31 23:00:00,1.08136,1.08183,1.0809,1.08139,1050,9,0
2025-04-01 00:00:00,1.0813,1.08189,1.08127,1.0818699999999999,584,5,0
2025-04-01 01:00:00,1.08184,1.08199,1.08152,1.08179,734,8,0
2025-04-01 02:00:00,1.08179,1.08192,1.08136,1.08171,1030,8,0
2025-04-01 03:00:00,1.08171,1.08261,1.0817,1.0824799999999999,2065,8,0
2025-04-01 04:00:00,1.08247,1.08262,1.08165,1.08201,2177,8,0
2025-04-01 05:00:00,1.082,1.08277,1.08195,1.08237,1991,8,0
2025-04-01 06:00:00,1.08236,1.08273,1.0820400000000001,1.08263,1656,8,0
2025-04-01 07:00:00,1.08263,1.08295,1.08246,1.08247,1416,8,0
2025-04-01 08:00:00,1.0824799999999999,1.0824799999999999,1.08061,1.08066,2099,8,0
2025-04-01 09:00:00,1.08066,1.08101,1.07984,1.08079,3511,8,0
2025-04-01 10:00:00,1.08077,1.0812,1.07987,1.08013,4265,8,0
2025-04-01 11:00:00,1.0801,1.08174,1.08,1.08168,3097,8,0
2025-04-01 12:00:00,1.08168,1.08288,1.0814300000000001,1.0817,3072,8,0
2025-04-01 13:00:00,1.08169,1.08181,1.07897,1.07977,4102,8,0
2025-04-01 14:00:00,1.07976,1.0798,1.07779,1.07805,4088,8,0
2025-04-01 15:00:00,1.07806,1.07947,1.07806,1.07866,3488,8,0
2025-04-01 16:00:00,1.07867,1.0795,1.07788,1.07866,3776,8,0
2025-04-01 17:00:00,1.07835,1.08121,1.07833,1.0807,5458,8,0
2025-04-01 18:00:00,1.0807,1.08118,1.07982,1.07989,4694,8,0
2025-04-01 19:00:00,1.07989,1.08026,1.07921,1.07991,3468,8,0
2025-04-01 20:00:00,1.07992,1.08041,1.07907,1.07925,2217,8,0
2025-04-01 21:00:00,1.07925,1.07942,1.07847,1.07866,2323,8,0
2025-04-01 22:00:00,1.07866,1.07903,1.07849,1.07892,1960,8,0
2025-04-01 23:00:00,1.07892,1.08018,1.07869,1.07916,1073,8,0
2025-04-02 00:00:00,1.07863,1.07937,1.07858,1.07936,520,15,0
2025-04-02 01:00:00,1.07932,1.08077,1.07917,1.07987,1060,8,0
2025-04-02 02:00:00,1.07993,1.07993,1.07938,1.07938,913,8,0
2025-04-02 03:00:00,1.07938,1.07946,1.07884,1.0789900000000001,2029,8,0
2025-04-02 04:00:00,1.0789900000000001,1.07944,1.07866,1.07943,1955,8,0
2025-04-02 05:00:00,1.07942,1.08013,1.07937,1.07939,1765,8,0
2025-04-02 06:00:00,1.07939,1.07995,1.07931,1.07953,1324,9,0
2025-04-02 07:00:00,1.07952,1.0796999999999999,1.0792,1.07922,1040,8,0
2025-04-02 08:00:00,1.07921,1.07921,1.07856,1.0789,1673,8,0
2025-04-02 09:00:00,1.0789,1.07958,1.07869,1.07923,2821,8,0
2025-04-02 10:00:00,1.07921,1.07942,1.07796,1.07912,3496,8,0
2025-04-02 11:00:00,1.07912,1.08013,1.079,1.07971,3127,8,0
2025-04-02 12:00:00,1.07971,1.08077,1.07954,1.08056,2818,8,0
2025-04-02 13:00:00,1.08056,1.08063,1.07854,1.07942,3207,8,0
2025-04-02 14:00:00,1.07942,1.08058,1.07906,1.0802,2946,8,0
2025-04-02 15:00:00,1.0802,1.0819,1.07959,1.0818699999999999,3317,8,0
2025-04-02 16:00:00,1.08185,1.08288,1.08144,1.08261,3830,8,0
2025-04-02 17:00:00,1.08261,1.08611,1.08185,1.08579,4632,8,0
2025-04-02 18:00:00,1.08581,1.08724,1.08507,1.0867,4458,8,0
2025-04-02 19:00:00,1.08669,1.08672,1.08464,1.08517,3604,8,0
2025-04-02 20:00:00,1.08517,1.08591,1.08495,1.08512,2620,8,0
2025-04-02 21:00:00,1.08512,1.08587,1.08475,1.08536,2455,8,0
2025-04-02 22:00:00,1.08535,1.08556,1.08465,1.08494,2139,8,0
2025-04-02 23:00:00,1.08491,1.09242,1.08102,1.08474,7195,8,0
2025-04-03 00:00:00,1.08436,1.08589,1.08099,1.08257,1352,8,0
2025-04-03 01:00:00,1.08257,1.08388,1.08044,1.08383,4256,8,0
2025-04-03 02:00:00,1.08383,1.09103,1.08371,1.09038,5494,8,0
2025-04-03 03:00:00,1.09034,1.09068,1.08792,1.08903,5972,8,0
2025-04-03 04:00:00,1.08904,1.09226,1.08863,1.09127,4583,8,0
2025-04-03 05:00:00,1.09127,1.0924,1.09087,1.09118,3959,8,0
2025-04-03 06:00:00,1.09118,1.09206,1.09072,1.09144,3387,8,0
2025-04-03 07:00:00,1.09145,1.0916,1.09053,1.09063,2795,8,0
2025-04-03 08:00:00,1.09064,1.09515,1.09061,1.09439,3929,8,0
2025-04-03 09:00:00,1.09439,1.09897,1.09344,1.0989,6665,8,0
2025-04-03 10:00:00,1.09892,1.09895,1.09424,1.09703,6399,8,0
2025-04-03 11:00:00,1.09703,1.10203,1.09702,1.10088,5000,8,0
2025-04-03 12:00:00,1.10088,1.10468,1.10033,1.10302,5099,8,0
2025-04-03 13:00:00,1.10302,1.11456,1.10276,1.10505,7297,8,0
2025-04-03 14:00:00,1.10513,1.11006,1.10385,1.10871,6216,8,0
2025-04-03 15:00:00,1.10874,1.11088,1.10725,1.10814,6691,8,0
2025-04-03 16:00:00,1.10813,1.11344,1.107,1.10789,7437,8,0
2025-04-03 17:00:00,1.10789,1.11274,1.10789,1.11182,7140,0,0
2025-04-03 18:00:00,1.11183,1.1118999999999999,1.10407,1.1050200000000001,6698,0,0
2025-04-03 19:00:00,1.10504,1.10543,1.10323,1.10386,5850,8,0
2025-04-03 20:00:00,1.10382,1.10391,1.10175,1.10254,4397,8,0
2025-04-03 21:00:00,1.10254,1.10401,1.10189,1.1037,3741,8,0
2025-04-03 22:00:00,1.1037,1.1037,1.10155,1.10269,3098,8,0
2025-04-03 23:00:00,1.10266,1.10521,1.10216,1.10507,1640,8,0
2025-04-04 00:00:00,1.10499,1.10508,1.10448,1.10503,725,8,0
2025-04-04 01:00:00,1.10506,1.1071,1.1049,1.10638,2041,8,0
2025-04-04 02:00:00,1.10637,1.10644,1.10417,1.10447,3016,8,0
2025-04-04 03:00:00,1.10446,1.10636,1.10362,1.106,4183,8,0
2025-04-04 04:00:00,1.106,1.10727,1.10568,1.10671,4211,8,0
2025-04-04 05:00:00,1.10673,1.10789,1.10603,1.10628,3857,8,0
2025-04-04 06:00:00,1.10628,1.10982,1.10571,1.10931,4087,8,0
2025-04-04 07:00:00,1.1093,1.10978,1.10817,1.10868,3813,8,0
2025-04-04 08:00:00,1.10869,1.11072,1.10781,1.10838,4263,8,0
2025-04-04 09:00:00,1.10837,1.10854,1.10495,1.1050200000000001,5645,8,0
2025-04-04 10:00:00,1.1050200000000001,1.10665,1.09993,1.10038,6623,1,0
2025-04-04 11:00:00,1.1004,1.10091,1.09748,1.09958,6581,8,0
2025-04-04 12:00:00,1.09961,1.09967,1.0971,1.0984099999999999,5733,8,0
2025-04-04 13:00:00,1.09838,1.10493,1.09641,1.10302,8505,8,0
2025-04-04 14:00:00,1.10296,1.10794,1.10216,1.10596,8978,8,0
2025-04-04 15:00:00,1.1060699999999999,1.10891,1.10073,1.10192,9319,8,0
2025-04-04 16:00:00,1.10194,1.10476,1.10048,1.10059,9115,8,0
2025-04-04 17:00:00,1.10059,1.10143,1.09596,1.09856,9267,8,0
2025-04-04 18:00:00,1.09856,1.10164,1.09665,1.10132,9402,8,0
2025-04-04 19:00:00,1.10132,1.10192,1.09612,1.09708,7683,8,0
2025-04-04 20:00:00,1.09708,1.09765,1.09241,1.09467,7577,8,0
2025-04-04 21:00:00,1.09467,1.09666,1.09388,1.0944099999999999,6266,8,0
2025-04-04 22:00:00,1.09438,1.09642,1.09271,1.09424,5733,8,0
2025-04-04 23:00:00,1.09424,1.09661,1.09321,1.09623,2931,8,0
2025-04-07 00:00:00,1.0889,1.09207,1.08778,1.09135,987,8,0
2025-04-07 01:00:00,1.09123,1.0994,1.09123,1.0982,6416,8,0
2025-04-07 02:00:00,1.09824,1.10011,1.09808,1.09828,7308,8,0
2025-04-07 03:00:00,1.09829,1.09834,1.09455,1.09663,7285,8,0
2025-04-07 04:00:00,1.09664,1.09798,1.09541,1.0967500000000001,6830,8,0
2025-04-07 05:00:00,1.0967500000000001,1.09676,1.09195,1.09346,5121,8,0
2025-04-07 06:00:00,1.09346,1.0954,1.09293,1.095,3509,8,0
2025-04-07 07:00:00,1.095,1.0987,1.09477,1.09844,3710,8,0
2025-04-07 08:00:00,1.09845,1.10201,1.09775,1.10181,5923,8,0
2025-04-07 09:00:00,1.10176,1.10227,1.09934,1.10021,8354,8,0
2025-04-07 10:00:00,1.10026,1.10495,1.09975,1.1,9141,8,0
2025-04-07 11:00:00,1.10011,1.10213,1.09674,1.09916,7712,8,0
2025-04-07 12:00:00,1.09916,1.09959,1.09495,1.09619,6934,8,0
2025-04-07 13:00:00,1.09621,1.09901,1.09572,1.09583,6949,8,0
2025-04-07 14:00:00,1.09585,1.09691,1.09346,1.09691,7145,8,0
2025-04-07 15:00:00,1.0969,1.0991,1.09386,1.09731,8337,8,0
2025-04-07 16:00:00,1.0973600000000001,1.09766,1.09368,1.09411,8440,8,0
2025-04-07 17:00:00,1.0941,1.09822,1.09166,1.09215,10143,8,0
2025-04-07 18:00:00,1.09216,1.09359,1.09009,1.09109,8776,8,0
2025-04-07 19:00:00,1.0911,1.09322,1.09036,1.09315,6474,8,0
2025-04-07 20:00:00,1.09318,1.09496,1.09288,1.09384,6155,8,0
2025-04-07 21:00:00,1.09385,1.09518,1.09232,1.0933,5691,8,0
2025-04-07 22:00:00,1.09329,1.09476,1.09134,1.0915300000000001,5906,8,0
2025-04-07 23:00:00,1.09155,1.09192,1.0901,1.0907499999999999,2798,1,0
2025-04-08 00:00:00,1.09012,1.09122,1.09009,1.09117,430,26,0
2025-04-08 01:00:00,1.09117,1.09199,1.09077,1.09165,1526,8,0
2025-04-08 02:00:00,1.09165,1.09184,1.09072,1.09142,3423,8,0
2025-04-08 03:00:00,1.09143,1.09496,1.09142,1.09395,4590,8,0
2025-04-08 04:00:00,1.09394,1.09611,1.09376,1.09591,5998,8,0
2025-04-08 05:00:00,1.09591,1.09798,1.0959,1.09707,4484,8,0
2025-04-08 06:00:00,1.09707,1.09715,1.09602,1.09627,4067,8,0
2025-04-08 07:00:00,1.09626,1.0979,1.09615,1.09755,3821,8,0
2025-04-08 08:00:00,1.09753,1.09753,1.09535,1.09677,5092,8,0
2025-04-08 09:00:00,1.09674,1.09913,1.09612,1.09763,6613,8,0
2025-04-08 10:00:00,1.09766,1.09801,1.09209,1.0923,8154,8,0
2025-04-08 11:00:00,1.0923,1.09482,1.09224,1.0936,6867,8,0
2025-04-08 12:00:00,1.09359,1.09369,1.09106,1.09192,6867,8,0
2025-04-08 13:00:00,1.09191,1.09388,1.09131,1.0927,5629,8,0
2025-04-08 14:00:00,1.09267,1.09442,1.09242,1.09336,6390,8,0
2025-04-08 15:00:00,1.09338,1.0968,1.09338,1.09479,6454,8,0
2025-04-08 16:00:00,1.09479,1.0955300000000001,1.09266,1.09346,7587,8,0
2025-04-08 17:00:00,1.09352,1.09353,1.08884,1.09097,7861,8,0
2025-04-08 18:00:00,1.09097,1.09189,1.08954,1.0911,6480,8,0
2025-04-08 19:00:00,1.09112,1.0931899999999999,1.08982,1.09291,6596,8,0
2025-04-08 20:00:00,1.0929,1.09482,1.09256,1.09333,7321,8,0
2025-04-08 21:00:00,1.09332,1.09687,1.09293,1.09517,6171,8,0
2025-04-08 22:00:00,1.09514,1.09774,1.09504,1.09534,6264,8,0
2025-04-08 23:00:00,1.09535,1.09624,1.09385,1.09532,2433,8,0
2025-04-09 00:00:00,1.09574,1.09574,1.09451,1.09554,774,23,0
2025-04-09 01:00:00,1.09551,1.09773,1.09551,1.09676,2368,8,0
2025-04-09 02:00:00,1.09677,1.09846,1.09659,1.0977,3934,8,0
2025-04-09 03:00:00,1.09769,1.10161,1.09707,1.10142,6727,8,0
2025-04-09 04:00:00,1.10142,1.10393,1.10135,1.1019700000000001,7046,8,0
2025-04-09 05:00:00,1.10195,1.10281,1.10091,1.10193,5400,8,0
2025-04-09 06:00:00,1.10194,1.10352,1.10123,1.10191,5601,8,0
2025-04-09 07:00:00,1.10191,1.1068500000000001,1.10185,1.10682,6984,8,0
2025-04-09 08:00:00,1.10678,1.10678,1.10286,1.10612,6797,8,0
2025-04-09 09:00:00,1.10613,1.10892,1.10423,1.10733,9195,8,0
2025-04-09 10:00:00,1.10722,1.1078999999999999,1.10088,1.10148,9775,8,0
2025-04-09 11:00:00,1.10148,1.10346,1.09974,1.10269,8349,8,0
2025-04-09 12:00:00,1.10269,1.10497,1.10088,1.10437,6966,8,0
2025-04-09 13:00:00,1.10436,1.10573,1.10249,1.10325,6510,8,0
2025-04-09 14:00:00,1.10327,1.10564,1.10211,1.10349,8895,8,0
2025-04-09 15:00:00,1.10349,1.10944,1.10341,1.10751,8417,8,0
2025-04-09 16:00:00,1.10756,1.10813,1.10325,1.10445,8456,8,0
2025-04-09 17:00:00,1.10445,1.10508,1.10255,1.10401,7133,8,0
2025-04-09 18:00:00,1.104,1.10687,1.10361,1.10379,6178,8,0
2025-04-09 19:00:00,1.10385,1.10418,1.1013,1.10196,5221,8,0
2025-04-09 20:00:00,1.10199,1.10626,1.09453,1.0975,10074,8,0
2025-04-09 21:00:00,1.09771,1.09826,1.0913,1.09636,9134,8,0
2025-04-09 22:00:00,1.09634,1.09762,1.09322,1.09335,7385,8,0
2025-04-09 23:00:00,1.09346,1.09616,1.09281,1.09453,4281,8,0
2025-04-10 00:00:00,1.09449,1.09516,1.0944,1.09508,475,26,0
2025-04-10 01:00:00,1.09508,1.09622,1.09495,1.09598,3493,8,0
2025-04-10 02:00:00,1.09599,1.09606,1.09425,1.09503,4560,8,0
2025-04-10 03:00:00,1.09503,1.0986,1.095,1.0985800000000001,6326,8,0
2025-04-10 04:00:00,1.09857,1.09873,1.09689,1.09713,5356,8,0
2025-04-10 05:00:00,1.09712,1.09785,1.09608,1.09712,4184,8,0
2025-04-10 06:00:00,1.09712,1.09887,1.09698,1.09813,4308,8,0
2025-04-10 07:00:00,1.09812,1.09844,1.09771,1.09821,3507,8,0
2025-04-10 08:00:00,1.09822,1.0995,1.09772,1.0985,3700,8,0
2025-04-10 09:00:00,1.09846,1.09883,1.09624,1.09826,6578,8,0
2025-04-10 10:00:00,1.09829,1.10303,1.09669,1.10259,7770,8,0
2025-04-10 11:00:00,1.10259,1.10474,1.10157,1.10369,7337,8,0
2025-04-10 12:00:00,1.1037,1.10592,1.1033,1.10584,6244,8,0
2025-04-10 13:00:00,1.1059,1.10806,1.10545,1.1078999999999999,6743,8,0
2025-04-10 14:00:00,1.10792,1.10879,1.10666,1.10697,6439,8,0
2025-04-10 15:00:00,1.10694,1.11313,1.10675,1.10968,8032,8,0
2025-04-10 16:00:00,1.10974,1.11339,1.10904,1.11264,7497,8,0
2025-04-10 17:00:00,1.11265,1.11858,1.1124,1.1185100000000001,7915,8,0
2025-04-10 18:00:00,1.11841,1.12284,1.11531,1.11901,8782,8,0
2025-04-10 19:00:00,1.11899,1.12097,1.1177,1.11965,7808,8,0
2025-04-10 20:00:00,1.11965,1.12104,1.11741,1.12094,6622,8,0
2025-04-10 21:00:00,1.12094,1.12409,1.12008,1.12148,6306,8,0
2025-04-10 22:00:00,1.12146,1.1219,1.11583,1.12069,6310,8,0
2025-04-10 23:00:00,1.12045,1.12045,1.11807,1.11941,2882,8,0
2025-04-11 00:00:00,1.11978,1.12001,1.11808,1.1188,844,35,0
2025-04-11 01:00:00,1.11854,1.12348,1.11806,1.12342,3646,8,0
2025-04-11 02:00:00,1.12344,1.12619,1.12128,1.12574,5277,8,0
2025-04-11 03:00:00,1.1257,1.13837,1.12508,1.13096,8340,8,0
2025-04-11 04:00:00,1.13096,1.13224,1.12758,1.13052,7509,8,0
2025-04-11 05:00:00,1.13056,1.13224,1.12947,1.13019,6042,8,0
2025-04-11 06:00:00,1.13019,1.1353900000000001,1.13018,1.13403,4822,8,0
2025-04-11 07:00:00,1.13404,1.13404,1.13097,1.1322,3871,8,0
2025-04-11 08:00:00,1.13216,1.1323,1.12705,1.12843,4583,8,0
2025-04-11 09:00:00,1.1284,1.12884,1.12464,1.1287099999999999,7396,8,0
2025-04-11 10:00:00,1.12866,1.13683,1.1283400000000001,1.13639,8702,8,0
2025-04-11 11:00:00,1.13636,1.14736,1.13487,1.14269,9626,8,0
2025-04-11 12:00:00,1.14269,1.14269,1.13845,1.13853,7515,8,0
2025-04-11 13:00:00,1.13852,1.13852,1.13197,1.13365,7233,8,0
2025-04-11 14:00:00,1.1336,1.1371,1.13231,1.13283,6350,8,0
2025-04-11 15:00:00,1.13272,1.13984,1.13241,1.13949,8158,8,0
2025-04-11 16:00:00,1.13949,1.14118,1.13246,1.13584,9377,8,0
2025-04-11 17:00:00,1.13583,1.13814,1.13267,1.13398,9439,8,0
2025-04-11 18:00:00,1.13395,1.13495,1.13123,1.13247,7658,8,0
2025-04-11 19:00:00,1.13242,1.13264,1.1276,1.1305399999999999,6622,8,0
2025-04-11 20:00:00,1.13053,1.13265,1.12822,1.1285,5863,8,0
2025-04-11 21:00:00,1.1285,1.13205,1.1284,1.13119,5419,8,0
2025-04-11 22:00:00,1.1312,1.13432,1.13086,1.13411,4192,8,0
2025-04-11 23:00:00,1.13412,1.13604,1.13364,1.1359,2561,8,0
2025-04-14 00:00:00,1.13103,1.13252,1.13096,1.13171,462,8,0
2025-04-14 01:00:00,1.13169,1.13545,1.13168,1.13337,4650,8,0
2025-04-14 02:00:00,1.13338,1.13486,1.13235,1.1341700000000001,3981,8,0
2025-04-14 03:00:00,1.1341700000000001,1.13701,1.13403,1.1365,5366,8,0
2025-04-14 04:00:00,1.13652,1.14083,1.1364,1.1385,5187,8,0
2025-04-14 05:00:00,1.1385,1.14008,1.13705,1.13715,3991,8,0
2025-04-14 06:00:00,1.13715,1.13832,1.13573,1.13709,3551,8,0
2025-04-14 07:00:00,1.13709,1.13845,1.1365,1.1367099999999999,2570,8,0
2025-04-14 08:00:00,1.1367099999999999,1.13874,1.13526,1.13848,3225,8,0
2025-04-14 09:00:00,1.13851,1.14234,1.1376,1.1415899999999999,6649,8,0
2025-04-14 10:00:00,1.14164,1.14242,1.13833,1.13893,6773,8,0
2025-04-14 11:00:00,1.13895,1.14093,1.13787,1.13872,6276,8,0
2025-04-14 12:00:00,1.13871,1.14074,1.13862,1.13864,5754,8,0
2025-04-14 13:00:00,1.13864,1.13917,1.13711,1.13869,4879,8,0
2025-04-14 14:00:00,1.13871,1.14054,1.1372,1.13834,4391,8,0
2025-04-14 15:00:00,1.13834,1.13879,1.13342,1.13384,6091,8,0
2025-04-14 16:00:00,1.13386,1.1341,1.12953,1.13267,7536,8,0
2025-04-14 17:00:00,1.13267,1.13675,1.13193,1.1367,5794,8,0
2025-04-14 18:00:00,1.1367,1.13813,1.13524,1.13567,6046,8,0
2025-04-14 19:00:00,1.13568,1.13697,1.13297,1.13302,5402,8,0
2025-04-14 20:00:00,1.13302,1.13472,1.13281,1.13378,4255,8,0
2025-04-14 21:00:00,1.13379,1.1356600000000001,1.13373,1.1353900000000001,3622,8,0
2025-04-14 22:00:00,1.1353900000000001,1.13692,1.13495,1.13544,2305,8,0
2025-04-14 23:00:00,1.13544,1.13577,1.13427,1.13484,1824,8,0
2025-04-15 00:00:00,1.13493,1.1354,1.13344,1.13517,503,20,0
2025-04-15 01:00:00,1.1351499999999999,1.13609,1.13449,1.13533,1370,8,0
2025-04-15 02:00:00,1.13533,1.1353900000000001,1.13329,1.13357,2587,8,0
2025-04-15 03:00:00,1.13358,1.13386,1.13169,1.13283,3657,8,0
2025-04-15 04:00:00,1.13282,1.13345,1.13154,1.1323699999999999,3123,8,0
2025-04-15 05:00:00,1.13239,1.13519,1.13238,1.13491,2958,8,0
2025-04-15 06:00:00,1.13489,1.13525,1.13429,1.13471,2562,8,0
2025-04-15 07:00:00,1.13471,1.1362700000000001,1.1344400000000001,1.13564,2705,8,0
2025-04-15 08:00:00,1.13563,1.13674,1.13486,1.13499,3133,8,0
2025-04-15 09:00:00,1.13503,1.13639,1.13277,1.13317,4988,8,0
2025-04-15 10:00:00,1.13317,1.13594,1.13203,1.13567,5544,8,0
2025-04-15 11:00:00,1.13567,1.13784,1.13432,1.13462,5481,8,0
2025-04-15 12:00:00,1.13458,1.13555,1.13328,1.13381,4766,8,0
2025-04-15 13:00:00,1.13382,1.13487,1.13318,1.13439,4067,8,0
2025-04-15 14:00:00,1.13435,1.13438,1.13136,1.1326,5008,8,0
2025-04-15 15:00:00,1.13262,1.1341,1.13083,1.13123,6188,8,0
2025-04-15 16:00:00,1.13118,1.1328,1.13047,1.13171,6598,8,0
2025-04-15 17:00:00,1.13169,1.13289,1.1285,1.13284,7629,8,0
2025-04-15 18:00:00,1.13283,1.13285,1.12818,1.12882,5871,8,0
2025-04-15 19:00:00,1.12882,1.12915,1.12635,1.1273900000000001,4414,8,0
2025-04-15 20:00:00,1.1273900000000001,1.12822,1.12665,1.12719,3549,8,0
2025-04-15 21:00:00,1.12721,1.12762,1.1266,1.1273,2953,8,0
2025-04-15 22:00:00,1.1273,1.1287,1.12709,1.1282,2261,8,0
2025-04-15 23:00:00,1.12824,1.12892,1.12789,1.1280000000000001,1202,8,0
2025-04-16 00:00:00,1.12795,1.1284399999999999,1.12768,1.12799,615,20,0
2025-04-16 01:00:00,1.12799,1.12989,1.12799,1.12952,1541,8,0
2025-04-16 02:00:00,1.12955,1.12981,1.12829,1.12931,3032,8,0
2025-04-16 03:00:00,1.12931,1.13212,1.12923,1.13165,4808,8,0
2025-04-16 04:00:00,1.13165,1.13303,1.1316,1.13231,3663,8,0
2025-04-16 05:00:00,1.13236,1.13314,1.1317599999999999,1.13272,3393,8,0
2025-04-16 06:00:00,1.1327099999999999,1.13427,1.13239,1.13427,3033,8,0
2025-04-16 07:00:00,1.13427,1.13474,1.13324,1.13457,2705,8,0
2025-04-16 08:00:00,1.13457,1.1385,1.13409,1.138,4015,8,0
2025-04-16 09:00:00,1.13799,1.13823,1.13602,1.13603,5043,8,0
2025-04-16 10:00:00,1.13603,1.13917,1.13587,1.13863,5575,8,0
2025-04-16 11:00:00,1.13868,1.13877,1.13378,1.1369,6732,8,0
2025-04-16 12:00:00,1.13686,1.13771,1.13556,1.13597,5841,8,0
2025-04-16 13:00:00,1.13596,1.13735,1.1352,1.13577,5371,8,0
2025-04-16 14:00:00,1.13572,1.13734,1.13545,1.13626,4951,8,0
2025-04-16 15:00:00,1.13628,1.1365,1.13402,1.13511,6544,8,0
2025-04-16 16:00:00,1.13513,1.13733,1.13491,1.1366100000000001,6585,8,0
2025-04-16 17:00:00,1.13668,1.13837,1.13536,1.13833,6608,8,0
2025-04-16 18:00:00,1.13834,1.13862,1.13567,1.13809,5104,8,0
2025-04-16 19:00:00,1.1381000000000001,1.13864,1.13696,1.13744,3844,8,0
2025-04-16 20:00:00,1.13743,1.13892,1.13589,1.13745,5197,8,0
2025-04-16 21:00:00,1.13748,1.13878,1.13646,1.1386,5208,8,0
2025-04-16 22:00:00,1.13855,1.14123,1.1384400000000001,1.13862,4192,8,0
2025-04-16 23:00:00,1.13862,1.13992,1.13813,1.1397,1699,8,0
2025-04-17 00:00:00,1.13919,1.13994,1.13863,1.13964,634,15,0
2025-04-17 01:00:00,1.13971,1.13999,1.13944,1.13989,1672,8,0
2025-04-17 02:00:00,1.1399,1.14087,1.13937,1.1395,2207,8,0
2025-04-17 03:00:00,1.1395,1.13963,1.13646,1.13676,4608,8,0
2025-04-17 04:00:00,1.13664,1.13687,1.1354899999999999,1.13649,4704,8,0
2025-04-17 05:00:00,1.13649,1.13813,1.13645,1.13777,3112,8,0
2025-04-17 06:00:00,1.13777,1.13802,1.13635,1.13638,2674,8,0
2025-04-17 07:00:00,1.1363699999999999,1.13694,1.13598,1.13617,2121,8,0
2025-04-17 08:00:00,1.13617,1.13705,1.13439,1.13518,2939,8,0
2025-04-17 09:00:00,1.13521,1.13704,1.13431,1.13585,4646,8,0
2025-04-17 10:00:00,1.13585,1.13784,1.13525,1.13762,5654,8,0
2025-04-17 11:00:00,1.13763,1.1388099999999999,1.13678,1.13781,4655,8,0
2025-04-17 12:00:00,1.13778,1.13803,1.13697,1.1372,4316,8,0
2025-04-17 13:00:00,1.1372200000000001,1.13762,1.13569,1.13591,5011,8,0
2025-04-17 14:00:00,1.13598,1.13694,1.13553,1.13561,4126,8,0
2025-04-17 15:00:00,1.13557,1.13672,1.13352,1.13558,7140,8,0
2025-04-17 16:00:00,1.1356,1.13772,1.13508,1.13606,7226,8,0
2025-04-17 17:00:00,1.13607,1.13852,1.13382,1.13489,6560,8,0
2025-04-17 18:00:00,1.13492,1.1376,1.13473,1.13628,5190,8,0
2025-04-17 19:00:00,1.13629,1.13703,1.13397,1.13501,5325,8,0
2025-04-17 20:00:00,1.13501,1.13532,1.13405,1.1350500000000001,3606,8,0
2025-04-17 21:00:00,1.1350500000000001,1.13747,1.13426,1.13729,3527,8,0
2025-04-17 22:00:00,1.13728,1.13756,1.1368,1.13727,2345,8,0
2025-04-17 23:00:00,1.13728,1.13762,1.13595,1.13609,1546,8,0
2025-04-18 00:00:00,1.13608,1.13687,1.13519,1.13657,464,21,0
2025-04-18 01:00:00,1.13657,1.13704,1.13641,1.13659,2705,9,0
2025-04-18 02:00:00,1.1365,1.1373,1.13648,1.13713,2206,2,0
2025-04-18 03:00:00,1.13715,1.13848,1.13647,1.13737,3283,2,0
2025-04-18 04:00:00,1.13737,1.13767,1.13676,1.13704,4120,8,0
2025-04-18 05:00:00,1.137,1.13785,1.13687,1.13716,3632,2,0
2025-04-18 06:00:00,1.13716,1.13754,1.1369,1.13724,3723,2,0
2025-04-18 07:00:00,1.13726,1.13736,1.13684,1.13689,2878,3,0
2025-04-18 08:00:00,1.1368800000000001,1.13741,1.13649,1.1369799999999999,2854,8,0
2025-04-18 09:00:00,1.1369799999999999,1.13754,1.13622,1.13622,4520,8,0
2025-04-18 10:00:00,1.13622,1.13751,1.13553,1.13694,4788,8,0
2025-04-18 11:00:00,1.13694,1.13709,1.13663,1.13708,4830,8,0
2025-04-18 12:00:00,1.13705,1.13718,1.13667,1.13684,4291,8,0
2025-04-18 13:00:00,1.13684,1.1374,1.13675,1.13739,5907,8,0
2025-04-18 14:00:00,1.13736,1.13825,1.13713,1.13802,4606,8,0
2025-04-18 15:00:00,1.13801,1.13861,1.13797,1.13817,3870,8,0
2025-04-18 16:00:00,1.13817,1.13822,1.13755,1.13788,3097,8,0
2025-04-18 17:00:00,1.13789,1.13967,1.13781,1.13957,3337,8,0
2025-04-18 18:00:00,1.13956,1.13958,1.13868,1.1391499999999999,3864,8,0
2025-04-18 19:00:00,1.13914,1.13946,1.13865,1.1394,3156,8,0
2025-04-18 20:00:00,1.1394,1.13944,1.13896,1.13917,3305,9,0
2025-04-18 21:00:00,1.13913,1.13947,1.13902,1.13936,2140,12,0
2025-04-18 22:00:00,1.13936,1.1396,1.1392,1.13923,727,8,0
2025-04-18 23:00:00,1.13923,1.13935,1.13863,1.13898,1089,11,0
2025-04-21 00:00:00,1.13964,1.1423,1.1384400000000001,1.14052,910,1,0
2025-04-21 01:00:00,1.13898,1.1438,1.13892,1.14323,3284,8,0
2025-04-21 02:00:00,1.14328,1.14579,1.14325,1.14484,3669,8,0
2025-04-21 03:00:00,1.14485,1.14856,1.14485,1.14658,5203,8,0
2025-04-21 04:00:00,1.14659,1.14782,1.14645,1.14761,4102,8,0
2025-04-21 05:00:00,1.14761,1.15307,1.14715,1.15041,4644,8,0
2025-04-21 06:00:00,1.15041,1.15246,1.15041,1.15147,3049,8,0
2025-04-21 07:00:00,1.15145,1.1517,1.14984,1.1517,2909,8,0
2025-04-21 08:00:00,1.1517,1.15341,1.15144,1.15308,3385,8,0
2025-04-21 09:00:00,1.15308,1.15339,1.15043,1.15158,4079,8,0
2025-04-21 10:00:00,1.1515,1.15668,1.15091,1.1555,4658,8,0
2025-04-21 11:00:00,1.1555,1.15641,1.15373,1.15577,4590,8,0
2025-04-21 12:00:00,1.15577,1.15727,1.15446,1.15466,4056,8,0
2025-04-21 13:00:00,1.15466,1.1548,1.15211,1.15231,3690,8,0
2025-04-21 14:00:00,1.1522999999999999,1.1547,1.15127,1.15424,4060,8,0
2025-04-21 15:00:00,1.15424,1.15495,1.15209,1.15421,4539,8,0
2025-04-21 16:00:00,1.15419,1.15424,1.1501000000000001,1.15186,5331,8,0
2025-04-21 17:00:00,1.15186,1.15243,1.14893,1.14971,5537,8,0
2025-04-21 18:00:00,1.14972,1.15072,1.14811,1.15064,4382,8,0
2025-04-21 19:00:00,1.15064,1.15126,1.14997,1.1509,3303,8,0
2025-04-21 20:00:00,1.15091,1.15141,1.14931,1.1513200000000001,3126,8,0
2025-04-21 21:00:00,1.1513200000000001,1.15246,1.15115,1.15217,2992,8,0
2025-04-21 22:00:00,1.15217,1.1526399999999999,1.15124,1.15124,2352,8,0
2025-04-21 23:00:00,1.15135,1.15157,1.15031,1.15126,1520,8,0
2025-04-22 00:00:00,1.15097,1.15141,1.15061,1.15076,467,8,0
2025-04-22 01:00:00,1.15079,1.15247,1.15059,1.15225,1888,8,0
2025-04-22 02:00:00,1.15232,1.15232,1.1507100000000001,1.15135,3026,8,0
2025-04-22 03:00:00,1.15136,1.15136,1.14815,1.14899,4798,8,0
2025-04-22 04:00:00,1.14899,1.14978,1.14851,1.14941,4665,8,0
2025-04-22 05:00:00,1.14941,1.15202,1.14934,1.152,3816,0,0
2025-04-22 06:00:00,1.152,1.154,1.15186,1.1534200000000001,4499,8,0
2025-04-22 07:00:00,1.15343,1.15396,1.15268,1.15296,3058,8,0
2025-04-22 08:00:00,1.15298,1.15467,1.1518,1.15417,5327,8,0
2025-04-22 09:00:00,1.15418,1.15453,1.14956,1.15002,6823,8,0
2025-04-22 10:00:00,1.15009,1.15086,1.1482700000000001,1.15051,6460,8,0
2025-04-22 11:00:00,1.15053,1.15147,1.14943,1.14992,5778,8,0
2025-04-22 12:00:00,1.14993,1.15073,1.14875,1.14901,5252,8,0
2025-04-22 13:00:00,1.149,1.14999,1.14876,1.14883,4833,8,0
2025-04-22 14:00:00,1.1488,1.15003,1.14834,1.14858,4303,8,0
2025-04-22 15:00:00,1.14859,1.14896,1.14618,1.14696,5950,8,0
2025-04-22 16:00:00,1.14698,1.14846,1.14555,1.14741,5958,8,0
2025-04-22 17:00:00,1.14738,1.14914,1.14606,1.14775,5844,8,0
2025-04-22 18:00:00,1.14775,1.14852,1.14631,1.14644,4656,8,0
2025-04-22 19:00:00,1.1464699999999999,1.14683,1.14327,1.14336,5467,8,0
2025-04-22 20:00:00,1.14335,1.14536,1.14303,1.1449799999999999,5170,8,0
2025-04-22 21:00:00,1.1449799999999999,1.1449799999999999,1.14222,1.14267,3303,8,0
2025-04-22 22:00:00,1.14267,1.14335,1.14193,1.14201,2634,8,0
2025-04-22 23:00:00,1.14206,1.14295,1.14162,1.14204,1458,8,0
2025-04-23 00:00:00,1.1415899999999999,1.14247,1.13609,1.13609,903,8,0
2025-04-23 01:00:00,1.13665,1.13696,1.13074,1.13367,5805,8,0
2025-04-23 02:00:00,1.13375,1.1362,1.13289,1.13501,5159,8,0
2025-04-23 03:00:00,1.13499,1.13977,1.1348799999999999,1.1397,6104,8,0
2025-04-23 04:00:00,1.13971,1.1414900000000001,1.13839,1.14066,5552,8,0
2025-04-23 05:00:00,1.14065,1.14102,1.13897,1.14041,4313,8,0
2025-04-23 06:00:00,1.14041,1.14045,1.13729,1.13786,3948,8,0
2025-04-23 07:00:00,1.13786,1.13912,1.13703,1.13894,3211,8,0
2025-04-23 08:00:00,1.13895,1.13993,1.13706,1.13762,4197,8,0
2025-04-23 09:00:00,1.13762,1.13957,1.13742,1.1384400000000001,6284,8,0
2025-04-23 10:00:00,1.13846,1.14086,1.13779,1.1385,6697,8,0
2025-04-23 11:00:00,1.13858,1.14147,1.1379299999999999,1.14124,5506,8,0
2025-04-23 12:00:00,1.14124,1.14394,1.1412200000000001,1.14178,5281,8,0
2025-04-23 13:00:00,1.14176,1.14186,1.13896,1.14014,4277,8,0
2025-04-23 14:00:00,1.14014,1.14156,1.13858,1.14103,4734,8,0
2025-04-23 15:00:00,1.14103,1.1419,1.14016,1.1405,4596,1,0
2025-04-23 16:00:00,1.14047,1.14117,1.13323,1.13323,7364,8,0
2025-04-23 17:00:00,1.13326,1.13806,1.13275,1.13526,9084,8,0
2025-04-23 18:00:00,1.13527,1.13828,1.13434,1.13482,7703,8,0
2025-04-23 19:00:00,1.13484,1.13653,1.13363,1.13395,6076,8,0
2025-04-23 20:00:00,1.1339299999999999,1.13436,1.13246,1.13291,3763,8,0
2025-04-23 21:00:00,1.13291,1.1329799999999999,1.1314899999999999,1.13232,3709,8,0
2025-04-23 22:00:00,1.13228,1.13313,1.13177,1.13269,3106,8,0
2025-04-23 23:00:00,1.13269,1.13279,1.13094,1.13122,1785,8,0
2025-04-24 00:00:00,1.13089,1.1322,1.13075,1.13174,669,22,0
2025-04-24 01:00:00,1.1318,1.13464,1.13178,1.13318,2641,8,0
2025-04-24 02:00:00,1.13319,1.13378,1.13259,1.13288,2737,8,0
2025-04-24 03:00:00,1.13288,1.13461,1.1320999999999999,1.13447,4217,8,0
2025-04-24 04:00:00,1.13448,1.13569,1.13395,1.13492,4105,2,0
2025-04-24 05:00:00,1.13491,1.13567,1.13458,1.13547,3158,8,0
2025-04-24 06:00:00,1.13547,1.13555,1.13358,1.13376,2517,8,0
2025-04-24 07:00:00,1.1338,1.13418,1.13317,1.13387,2297,8,0
2025-04-24 08:00:00,1.13386,1.13449,1.13303,1.13358,3566,8,0
2025-04-24 09:00:00,1.13358,1.13538,1.13353,1.13518,4570,8,0
2025-04-24 10:00:00,1.13517,1.13801,1.13512,1.13792,5067,8,0
2025-04-24 11:00:00,1.13792,1.13924,1.13626,1.138,5288,8,0
2025-04-24 12:00:00,1.13797,1.13903,1.13746,1.13838,4197,8,0
2025-04-24 13:00:00,1.13839,1.1394199999999999,1.13756,1.13788,4247,8,0
2025-04-24 14:00:00,1.13787,1.13896,1.1368,1.13723,4558,8,0
2025-04-24 15:00:00,1.1372,1.13781,1.13573,1.1375899999999999,5637,8,0
2025-04-24 16:00:00,1.13763,1.13835,1.1363,1.13757,5510,8,0
2025-04-24 17:00:00,1.13757,1.13868,1.13626,1.13721,5679,8,0
2025-04-24 18:00:00,1.13721,1.13753,1.13472,1.13605,5045,8,0
2025-04-24 19:00:00,1.13608,1.13801,1.13573,1.13795,4036,8,0
2025-04-24 20:00:00,1.13794,1.13852,1.1367,1.1368800000000001,3054,8,0
2025-04-24 21:00:00,1.1368800000000001,1.13787,1.13632,1.13774,2401,8,0
2025-04-24 22:00:00,1.13774,1.1397,1.1377,1.13841,2215,8,0
2025-04-24 23:00:00,1.13842,1.13974,1.13815,1.13839,1535,8,0
2025-04-25 00:00:00,1.1384400000000001,1.1390500000000001,1.13806,1.1384400000000001,1212,20,0
2025-04-25 01:00:00,1.1384400000000001,1.1391,1.13834,1.13859,1742,8,0
2025-04-25 02:00:00,1.13864,1.13877,1.13701,1.13721,1943,8,0
2025-04-25 03:00:00,1.1372,1.1372,1.13463,1.13467,3557,8,0
2025-04-25 04:00:00,1.13467,1.13544,1.13421,1.13432,3601,8,0
2025-04-25 05:00:00,1.13432,1.13511,1.13406,1.13473,2478,8,0
2025-04-25 06:00:00,1.13474,1.13586,1.13246,1.13255,4229,8,0
2025-04-25 07:00:00,1.13255,1.13354,1.13151,1.13344,3450,8,0
2025-04-25 08:00:00,1.13343,1.13412,1.1325,1.13307,3902,8,0
2025-04-25 09:00:00,1.13307,1.13569,1.13211,1.13411,4938,8,0
2025-04-25 10:00:00,1.13413,1.13675,1.13413,1.13591,6014,8,0
2025-04-25 11:00:00,1.13591,1.13638,1.1339299999999999,1.13499,4399,8,0
2025-04-25 12:00:00,1.135,1.13604,1.1344400000000001,1.13455,4416,8,0
2025-04-25 13:00:00,1.13456,1.13591,1.13338,1.13554,5109,8,0
2025-04-25 14:00:00,1.13555,1.1366100000000001,1.13455,1.1349,3700,8,0
2025-04-25 15:00:00,1.1348799999999999,1.13596,1.13487,1.13518,3821,8,0
2025-04-25 16:00:00,1.13518,1.13548,1.13326,1.13526,5289,8,0
2025-04-25 17:00:00,1.13526,1.13802,1.13522,1.13679,5431,8,0
2025-04-25 18:00:00,1.1368,1.13818,1.13574,1.13797,3498,8,0
2025-04-25 19:00:00,1.13797,1.13882,1.13678,1.13681,2636,8,0
2025-04-25 20:00:00,1.13681,1.13821,1.13646,1.13762,3095,8,0
2025-04-25 21:00:00,1.13762,1.13803,1.13687,1.13792,2463,8,0
2025-04-25 22:00:00,1.13789,1.13803,1.13582,1.13587,2258,8,0
2025-04-25 23:00:00,1.13587,1.13638,1.13562,1.13618,1178,8,0
2025-04-28 00:00:00,1.1364,1.13662,1.13562,1.13594,258,20,0
2025-04-28 01:00:00,1.13594,1.13648,1.13394,1.13494,1703,8,0
2025-04-28 02:00:00,1.13494,1.13545,1.1341,1.13445,2321,8,0
2025-04-28 03:00:00,1.13445,1.13642,1.13441,1.13633,3586,8,0
2025-04-28 04:00:00,1.13633,1.1366,1.13492,1.13506,3623,8,0
2025-04-28 05:00:00,1.13508,1.13565,1.13427,1.1353,2652,8,0
2025-04-28 06:00:00,1.1353,1.13597,1.13506,1.13556,2084,8,0
2025-04-28 07:00:00,1.13556,1.13721,1.13521,1.13718,2490,8,0
2025-04-28 08:00:00,1.13718,1.13802,1.13713,1.13739,2870,8,0
2025-04-28 09:00:00,1.13736,1.13738,1.1329,1.13311,4512,8,0
2025-04-28 10:00:00,1.13309,1.13612,1.13306,1.13479,4428,8,0
2025-04-28 11:00:00,1.1347800000000001,1.13511,1.13348,1.13432,3737,8,0
2025-04-28 12:00:00,1.13432,1.13582,1.13418,1.13494,3894,8,0
2025-04-28 13:00:00,1.13494,1.13597,1.13453,1.13499,2973,8,0
2025-04-28 14:00:00,1.13501,1.13556,1.13406,1.1351,3145,8,0
2025-04-28 15:00:00,1.13516,1.13723,1.135,1.1350500000000001,4399,8,0
2025-04-28 16:00:00,1.13509,1.13735,1.13391,1.13643,5306,8,0
2025-04-28 17:00:00,1.13644,1.14132,1.13568,1.13781,5910,8,0
2025-04-28 18:00:00,1.13782,1.13917,1.13706,1.13857,4791,8,0
2025-04-28 19:00:00,1.13857,1.14217,1.13847,1.14111,4230,8,0
2025-04-28 20:00:00,1.1411,1.14188,1.13999,1.14005,3669,8,0
2025-04-28 21:00:00,1.14005,1.14134,1.13998,1.14127,2804,8,0
2025-04-28 22:00:00,1.14128,1.14245,1.1412499999999999,1.14214,2391,8,0
2025-04-28 23:00:00,1.14216,1.14243,1.14138,1.14152,1362,8,0
2025-04-29 00:00:00,1.1414,1.14202,1.14139,1.14196,295,28,0
2025-04-29 01:00:00,1.14195,1.14217,1.14113,1.14123,1174,8,0
2025-04-29 02:00:00,1.1412499999999999,1.14212,1.14001,1.14073,2232,8,0
2025-04-29 03:00:00,1.14073,1.14155,1.13987,1.13992,2934,8,0
2025-04-29 04:00:00,1.13992,1.14082,1.1387,1.13919,3343,8,0
2025-04-29 05:00:00,1.13919,1.14193,1.13916,1.13977,3952,8,0
2025-04-29 06:00:00,1.13978,1.13995,1.13859,1.139,2717,8,0
2025-04-29 07:00:00,1.139,1.13931,1.13735,1.13775,2128,8,0
2025-04-29 08:00:00,1.13775,1.13876,1.13754,1.13863,2596,8,0
2025-04-29 09:00:00,1.13863,1.13988,1.13826,1.13891,4451,8,0
2025-04-29 10:00:00,1.13921,1.14115,1.13868,1.14031,5858,8,0
2025-04-29 11:00:00,1.14042,1.14076,1.13812,1.13848,4797,8,0
2025-04-29 12:00:00,1.13848,1.13968,1.13802,1.13802,3866,8,0
2025-04-29 13:00:00,1.138,1.13847,1.13725,1.13774,3687,8,0
2025-04-29 14:00:00,1.13774,1.13863,1.13706,1.13741,3814,8,0
2025-04-29 15:00:00,1.13744,1.1414,1.13696,1.14101,5349,8,0
2025-04-29 16:00:00,1.141,1.14164,1.13897,1.13983,6053,8,0
2025-04-29 17:00:00,1.13964,1.14168,1.13784,1.13825,7471,8,0
2025-04-29 18:00:00,1.13826,1.1404,1.13817,1.13956,4864,8,0
2025-04-29 19:00:00,1.13957,1.1418300000000001,1.13949,1.14029,4070,8,0
2025-04-29 20:00:00,1.1402700000000001,1.14041,1.13833,1.13855,2572,8,0
2025-04-29 21:00:00,1.13855,1.13928,1.13755,1.13818,2468,8,0
2025-04-29 22:00:00,1.13817,1.13882,1.13754,1.13812,2304,8,0
2025-04-29 23:00:00,1.13811,1.1391499999999999,1.13802,1.13808,1343,8,0
2025-04-30 00:00:00,1.13811,1.13873,1.1378,1.13839,1018,25,0
2025-04-30 01:00:00,1.13842,1.13951,1.1381000000000001,1.13914,1585,8,0
2025-04-30 02:00:00,1.13918,1.13927,1.1385399999999999,1.13899,1432,8,0
2025-04-30 03:00:00,1.13901,1.13946,1.13764,1.1381999999999999,3073,8,0
2025-04-30 04:00:00,1.1381999999999999,1.1386,1.1356600000000001,1.13582,3196,8,0
2025-04-30 05:00:00,1.13584,1.13719,1.13546,1.13699,2442,8,0
2025-04-30 06:00:00,1.13699,1.13792,1.13663,1.13681,2696,8,0
2025-04-30 07:00:00,1.13681,1.13775,1.13658,1.13728,2516,8,0
2025-04-30 08:00:00,1.13725,1.13838,1.13711,1.13821,2223,8,0
2025-04-30 09:00:00,1.1381999999999999,1.13989,1.13654,1.13895,4331,8,0
2025-04-30 10:00:00,1.13895,1.13898,1.13729,1.1378,4520,8,0
2025-04-30 11:00:00,1.13782,1.13846,1.13619,1.13708,4586,8,0
2025-04-30 12:00:00,1.13712,1.13788,1.13598,1.13618,3657,8,0
2025-04-30 13:00:00,1.13619,1.13692,1.13603,1.13614,3272,8,0
2025-04-30 14:00:00,1.13615,1.13801,1.13555,1.13729,3739,8,0
2025-04-30 15:00:00,1.13728,1.13882,1.13645,1.13735,6294,8,0
2025-04-30 16:00:00,1.1373,1.1377,1.1360999999999999,1.13683,5894,8,0
2025-04-30 17:00:00,1.13678,1.13784,1.13493,1.1366100000000001,6952,8,0
2025-04-30 18:00:00,1.1366100000000001,1.13745,1.13227,1.13475,7116,8,0
2025-04-30 19:00:00,1.1348,1.13586,1.1344400000000001,1.1354899999999999,3775,8,0
2025-04-30 20:00:00,1.1354899999999999,1.13642,1.13446,1.13451,2936,8,0
2025-04-30 21:00:00,1.13452,1.1358,1.13427,1.13485,3591,8,0
2025-04-30 22:00:00,1.13484,1.13528,1.13276,1.13293,2490,8,0
2025-04-30 23:00:00,1.13293,1.13308,1.13166,1.13265,2240,0,0
2025-05-01 00:00:00,1.13259,1.1329799999999999,1.13227,1.13254,320,19,0
2025-05-01 01:00:00,1.13272,1.13313,1.13217,1.1325,1533,8,0
2025-05-01 02:00:00,1.13251,1.13256,1.13183,1.13216,1815,8,0
2025-05-01 03:00:00,1.13216,1.13289,1.13201,1.13212,2997,8,0
2025-05-01 04:00:00,1.13212,1.13218,1.13025,1.1307800000000001,2416,8,0
2025-05-01 05:00:00,1.1307800000000001,1.13155,1.13053,1.13146,2218,8,0
2025-05-01 06:00:00,1.13146,1.13181,1.1299299999999999,1.13116,3369,8,0
2025-05-01 07:00:00,1.13116,1.13137,1.1302,1.13023,2536,8,0
2025-05-01 08:00:00,1.13022,1.1306,1.12874,1.12994,3365,8,0
2025-05-01 09:00:00,1.1299299999999999,1.1312,1.12978,1.13021,4038,8,0
2025-05-01 10:00:00,1.1302,1.13101,1.12873,1.13094,4440,8,0
2025-05-01 11:00:00,1.13094,1.13304,1.13093,1.13192,3501,8,0
2025-05-01 12:00:00,1.13192,1.13244,1.13131,1.13138,3113,8,0
2025-05-01 13:00:00,1.13138,1.13337,1.13112,1.13316,3578,8,0
2025-05-01 14:00:00,1.13316,1.13405,1.13158,1.13196,3750,8,0
2025-05-01 15:00:00,1.13197,1.1338300000000001,1.13077,1.1315,5172,8,0
2025-05-01 16:00:00,1.13145,1.1327099999999999,1.13107,1.1318,4878,8,0
2025-05-01 17:00:00,1.1315,1.13181,1.12698,1.12811,6159,8,0
2025-05-01 18:00:00,1.1280999999999999,1.12897,1.12654,1.12786,4522,8,0
2025-05-01 19:00:00,1.12784,1.12916,1.12723,1.12902,3067,8,0
2025-05-01 20:00:00,1.12902,1.12908,1.1279,1.12825,2120,8,0
2025-05-01 21:00:00,1.12824,1.1293,1.12746,1.12851,2611,8,0
2025-05-01 22:00:00,1.12853,1.12917,1.12806,1.1288,2085,8,0
2025-05-01 23:00:00,1.1288,1.12935,1.12841,1.12854,1317,8,0
2025-05-02 00:00:00,1.12858,1.12888,1.1283,1.12857,383,20,0
2025-05-02 01:00:00,1.12869,1.12987,1.12867,1.12946,1035,8,0
2025-05-02 02:00:00,1.12949,1.1297,1.12908,1.12953,1283,8,0
2025-05-02 03:00:00,1.12953,1.12988,1.1273900000000001,1.12817,3302,8,0
2025-05-02 04:00:00,1.12818,1.12951,1.12782,1.12951,3206,8,0
2025-05-02 05:00:00,1.1295,1.13028,1.12925,1.12935,2211,8,0
2025-05-02 06:00:00,1.12936,1.1315,1.12934,1.13122,2154,8,0
2025-05-02 07:00:00,1.13123,1.13134,1.13007,1.13037,2958,8,0
2025-05-02 08:00:00,1.13039,1.13135,1.1302,1.13073,2738,8,0
2025-05-02 09:00:00,1.13073,1.13286,1.1305399999999999,1.13253,4672,8,0
2025-05-02 10:00:00,1.13254,1.13373,1.13174,1.13277,4473,8,0
2025-05-02 11:00:00,1.13278,1.13343,1.13156,1.13317,4067,8,0
2025-05-02 12:00:00,1.13321,1.13546,1.13255,1.13498,4061,8,0
2025-05-02 13:00:00,1.13498,1.1351499999999999,1.1327099999999999,1.13306,3727,8,0
2025-05-02 14:00:00,1.13305,1.13498,1.13236,1.13459,4221,8,0
2025-05-02 15:00:00,1.13461,1.13468,1.13041,1.13184,6981,8,0
2025-05-02 16:00:00,1.13182,1.13794,1.13143,1.13721,7844,8,0
2025-05-02 17:00:00,1.1372200000000001,1.13804,1.13572,1.13681,7097,8,0
2025-05-02 18:00:00,1.13681,1.13681,1.13201,1.13285,5262,8,0
2025-05-02 19:00:00,1.13288,1.13385,1.13166,1.13194,5029,8,0
2025-05-02 20:00:00,1.13195,1.13197,1.1298,1.13035,3523,8,0
2025-05-02 21:00:00,1.13036,1.13082,1.1292,1.12991,2842,8,0
2025-05-02 22:00:00,1.12992,1.13082,1.12991,1.1304,2141,8,0
2025-05-02 23:00:00,1.13037,1.13047,1.12911,1.12988,1251,8,0
2025-05-05 00:00:00,1.13042,1.1305,1.12921,1.1296,409,8,0
2025-05-05 01:00:00,1.12979,1.13142,1.12961,1.13051,2179,8,0
2025-05-05 02:00:00,1.13056,1.13272,1.13016,1.13207,1745,8,0
2025-05-05 03:00:00,1.13207,1.1323400000000001,1.1313900000000001,1.13219,2605,8,0
2025-05-05 04:00:00,1.13222,1.13395,1.13222,1.13344,3914,8,0
2025-05-05 05:00:00,1.13344,1.13462,1.13312,1.1341700000000001,2718,8,0
2025-05-05 06:00:00,1.1341700000000001,1.13419,1.13279,1.13317,2253,8,0
2025-05-05 07:00:00,1.13317,1.13387,1.13283,1.13369,2041,8,0
2025-05-05 08:00:00,1.13369,1.13468,1.13297,1.13329,3090,8,0
2025-05-05 09:00:00,1.13326,1.13363,1.1317599999999999,1.13256,4584,8,0
2025-05-05 10:00:00,1.13252,1.13304,1.13127,1.13127,4123,8,0
2025-05-05 11:00:00,1.13125,1.13323,1.13109,1.13254,4379,8,0
2025-05-05 12:00:00,1.13262,1.13433,1.1326,1.13407,4119,8,0
2025-05-05 13:00:00,1.13408,1.1345,1.13326,1.13441,3563,8,0
2025-05-05 14:00:00,1.13441,1.13573,1.13396,1.13419,3519,8,0
2025-05-05 15:00:00,1.13419,1.1362700000000001,1.13396,1.13593,4474,8,0
2025-05-05 16:00:00,1.13594,1.13644,1.13514,1.13514,4161,8,0
2025-05-05 17:00:00,1.13477,1.13521,1.13302,1.13381,5770,8,0
2025-05-05 18:00:00,1.13378,1.13405,1.13121,1.13137,3804,8,0
2025-05-05 19:00:00,1.13138,1.13138,1.12988,1.13018,3035,8,0
2025-05-05 20:00:00,1.13018,1.13107,1.1297,1.12994,2306,8,0
2025-05-05 21:00:00,1.1299299999999999,1.1314899999999999,1.1296599999999999,1.13126,1926,8,0
2025-05-05 22:00:00,1.13126,1.13205,1.13103,1.13143,2062,8,0
2025-05-05 23:00:00,1.13142,1.13196,1.13113,1.13126,1162,8,0
2025-05-06 00:00:00,1.13128,1.13175,1.13113,1.13155,338,6,0
2025-05-06 01:00:00,1.13155,1.13203,1.13126,1.1314,648,8,0
2025-05-06 02:00:00,1.13142,1.13159,1.13092,1.13117,1687,8,0
2025-05-06 03:00:00,1.13117,1.13118,1.12805,1.12856,2904,8,0
2025-05-06 04:00:00,1.12856,1.12961,1.12795,1.12931,3998,8,0
2025-05-06 05:00:00,1.12931,1.13133,1.12924,1.13066,2852,8,0
2025-05-06 06:00:00,1.13067,1.13168,1.13028,1.13145,2112,8,0
2025-05-06 07:00:00,1.13142,1.13269,1.1314,1.13239,1616,8,0
2025-05-06 08:00:00,1.13239,1.13249,1.13131,1.13179,1814,8,0
2025-05-06 09:00:00,1.13177,1.13349,1.13135,1.13256,3504,8,0
2025-05-06 10:00:00,1.13255,1.13474,1.13219,1.13387,5033,8,0
2025-05-06 11:00:00,1.13387,1.1349,1.13218,1.13268,5071,8,0
2025-05-06 12:00:00,1.13267,1.13293,1.13049,1.13113,4200,8,0
2025-05-06 13:00:00,1.13113,1.1327,1.13092,1.13254,3538,8,0
2025-05-06 14:00:00,1.13252,1.13344,1.1322,1.13267,3721,8,0
2025-05-06 15:00:00,1.13273,1.13432,1.13165,1.134,4004,8,0
2025-05-06 16:00:00,1.13399,1.13569,1.13259,1.13526,4787,8,0
2025-05-06 17:00:00,1.13529,1.1369,1.13405,1.13407,5372,8,0
2025-05-06 18:00:00,1.13404,1.13493,1.13349,1.1343,3734,8,0
2025-05-06 19:00:00,1.13435,1.13553,1.13304,1.13483,3417,8,0
2025-05-06 20:00:00,1.1348799999999999,1.1369799999999999,1.13486,1.13638,2775,8,0
2025-05-06 21:00:00,1.13638,1.13717,1.13543,1.1371,2115,8,0
2025-05-06 22:00:00,1.13709,1.13805,1.13663,1.1372200000000001,1963,8,0
2025-05-06 23:00:00,1.1372,1.1379299999999999,1.13649,1.13654,1711,8,0
2025-05-07 00:00:00,1.13662,1.13715,1.13556,1.13703,451,31,0
2025-05-07 01:00:00,1.13709,1.13751,1.13258,1.13421,3847,8,0
2025-05-07 02:00:00,1.13422,1.13449,1.13328,1.13395,2805,8,0
2025-05-07 03:00:00,1.13394,1.1351,1.13248,1.13404,4803,8,0
2025-05-07 04:00:00,1.13404,1.13512,1.1326,1.13442,4902,8,0
2025-05-07 05:00:00,1.13441,1.1349,1.13351,1.13404,3522,8,0
2025-05-07 06:00:00,1.13404,1.13469,1.1335899999999999,1.13452,2262,8,0
2025-05-07 07:00:00,1.13452,1.13509,1.13424,1.13432,2001,8,0
2025-05-07 08:00:00,1.13431,1.13666,1.13425,1.13647,2786,8,0
2025-05-07 09:00:00,1.13648,1.13777,1.13591,1.13734,4102,8,0
2025-05-07 10:00:00,1.13731,1.13731,1.13544,1.13618,4511,8,0
2025-05-07 11:00:00,1.13618,1.13734,1.13536,1.13578,4183,8,0
2025-05-07 12:00:00,1.1357599999999999,1.13612,1.13467,1.13564,3693,8,0
2025-05-07 13:00:00,1.13563,1.13663,1.13556,1.13651,3022,8,0
2025-05-07 14:00:00,1.13652,1.13723,1.13557,1.13571,3119,8,0
2025-05-07 15:00:00,1.13569,1.1366,1.13553,1.13586,3614,8,0
2025-05-07 16:00:00,1.13585,1.13678,1.13525,1.13663,4155,8,0
2025-05-07 17:00:00,1.13663,1.13704,1.1354,1.13666,3894,8,0
2025-05-07 18:00:00,1.13664,1.1369,1.13412,1.13467,3928,8,0
2025-05-07 19:00:00,1.13464,1.13537,1.13365,1.13481,2702,8,0
2025-05-07 20:00:00,1.13484,1.13491,1.13338,1.13338,2390,8,0
2025-05-07 21:00:00,1.13347,1.13646,1.13198,1.13333,6757,8,0
2025-05-07 22:00:00,1.13334,1.1334,1.13004,1.13064,6138,8,0
2025-05-07 23:00:00,1.13065,1.13074,1.12913,1.12948,1733,8,0
2025-05-08 00:00:00,1.12948,1.13128,1.12938,1.13105,590,8,0
2025-05-08 01:00:00,1.13106,1.13107,1.12995,1.13008,1580,8,0
2025-05-08 02:00:00,1.13008,1.13097,1.13008,1.13024,1334,8,0
2025-05-08 03:00:00,1.13025,1.13218,1.1301700000000001,1.13097,2752,8,0
2025-05-08 04:00:00,1.13096,1.13321,1.1307800000000001,1.13312,4104,8,0
2025-05-08 05:00:00,1.13312,1.13349,1.13221,1.13223,3163,8,0
2025-05-08 06:00:00,1.13223,1.13358,1.13221,1.1327,2408,8,0
2025-05-08 07:00:00,1.13269,1.13305,1.13174,1.13175,1727,8,0
2025-05-08 08:00:00,1.13175,1.13178,1.12963,1.13033,3273,8,0
2025-05-08 09:00:00,1.13031,1.1307,1.12761,1.12817,4945,8,0
2025-05-08 10:00:00,1.12819,1.12971,1.12698,1.1296599999999999,4563,8,0
2025-05-08 11:00:00,1.1296599999999999,1.13026,1.12831,1.12875,4114,8,0
2025-05-08 12:00:00,1.12874,1.12974,1.12826,1.12843,3624,8,0
2025-05-08 13:00:00,1.12843,1.12991,1.12748,1.12867,3111,8,0
2025-05-08 14:00:00,1.12867,1.13043,1.12847,1.12953,4319,8,0
2025-05-08 15:00:00,1.12953,1.13197,1.12924,1.12991,5004,8,0
2025-05-08 16:00:00,1.12991,1.13112,1.12947,1.13057,5112,8,0
2025-05-08 17:00:00,1.13057,1.13158,1.12754,1.12777,5433,8,0
2025-05-08 18:00:00,1.12781,1.12893,1.1234,1.12477,6889,8,0
2025-05-08 19:00:00,1.12477,1.1249,1.1219999999999999,1.12255,4952,8,0
2025-05-08 20:00:00,1.12255,1.12292,1.1212,1.1226099999999999,3302,8,0
2025-05-08 21:00:00,1.1226099999999999,1.123,1.12191,1.12241,2340,8,0
2025-05-08 22:00:00,1.12238,1.1227800000000001,1.12115,1.12257,2739,8,0
2025-05-08 23:00:00,1.12258,1.12295,1.12194,1.12224,1515,8,0
2025-05-09 00:00:00,1.12224,1.12263,1.12184,1.12262,260,20,0
2025-05-09 01:00:00,1.12263,1.12326,1.12254,1.12315,957,8,0
2025-05-09 02:00:00,1.12315,1.12321,1.12218,1.12266,1296,8,0
2025-05-09 03:00:00,1.12267,1.12327,1.12127,1.12265,2921,8,0
2025-05-09 04:00:00,1.12262,1.12286,1.12103,1.12116,3184,8,0
2025-05-09 05:00:00,1.12116,1.12187,1.11963,1.12178,2974,8,0
2025-05-09 06:00:00,1.12178,1.12272,1.12177,1.12222,2782,8,0
2025-05-09 07:00:00,1.12222,1.12295,1.12222,1.12275,1812,8,0
2025-05-09 08:00:00,1.12275,1.12361,1.12179,1.12353,2286,8,0
2025-05-09 09:00:00,1.12352,1.12469,1.12317,1.12399,3232,8,0
2025-05-09 10:00:00,1.12399,1.12578,1.12366,1.12509,4015,8,0
2025-05-09 11:00:00,1.1251,1.12586,1.12418,1.12559,3386,8,0
2025-05-09 12:00:00,1.1256,1.12592,1.12446,1.12457,2749,8,0
2025-05-09 13:00:00,1.12457,1.12507,1.12418,1.12453,2861,8,0
2025-05-09 14:00:00,1.12451,1.12601,1.12436,1.1254,3599,8,0
2025-05-09 15:00:00,1.1254,1.12562,1.12468,1.12535,3096,8,0
2025-05-09 16:00:00,1.12535,1.12677,1.12528,1.12578,3718,8,0
2025-05-09 17:00:00,1.12578,1.12923,1.12552,1.12671,4566,8,0
2025-05-09 18:00:00,1.12671,1.12725,1.12597,1.12692,3600,8,0
2025-05-09 19:00:00,1.12691,1.12747,1.12569,1.1258,2450,8,0
2025-05-09 20:00:00,1.1258,1.12648,1.12524,1.12615,1740,8,0
2025-05-09 21:00:00,1.12614,1.12658,1.12541,1.12585,1615,8,0
2025-05-09 22:00:00,1.12584,1.12595,1.12482,1.12567,1464,8,0
2025-05-09 23:00:00,1.12562,1.12568,1.1246,1.12466,1035,8,0
2025-05-12 00:00:00,1.11948,1.12222,1.11881,1.12096,651,8,0
2025-05-12 01:00:00,1.12065,1.12309,1.12065,1.12247,3022,8,0
2025-05-12 02:00:00,1.12247,1.12357,1.12227,1.12275,2552,8,0
2025-05-12 03:00:00,1.12279,1.12385,1.12246,1.12381,3515,8,0
2025-05-12 04:00:00,1.12381,1.12423,1.12219,1.12255,4328,8,0
2025-05-12 05:00:00,1.12255,1.1237300000000001,1.12247,1.12279,2838,8,0
2025-05-12 06:00:00,1.1227800000000001,1.12336,1.12246,1.12324,2503,8,0
2025-05-12 07:00:00,1.12324,1.12341,1.12257,1.12268,1696,8,0
2025-05-12 08:00:00,1.12269,1.12295,1.12134,1.12216,2604,8,0
2025-05-12 09:00:00,1.12218,1.12351,1.12157,1.12176,3952,8,0
2025-05-12 10:00:00,1.12174,1.12182,1.10974,1.11045,9173,8,0
2025-05-12 11:00:00,1.11044,1.11448,1.10818,1.1137299999999999,7467,8,0
2025-05-12 12:00:00,1.1137299999999999,1.11414,1.11142,1.11182,5062,8,0
2025-05-12 13:00:00,1.11179,1.11181,1.10714,1.10792,5550,8,0
2025-05-12 14:00:00,1.10791,1.11172,1.10766,1.11107,5574,8,0
2025-05-12 15:00:00,1.11104,1.1126,1.11003,1.11129,4895,8,0
2025-05-12 16:00:00,1.11131,1.11341,1.11096,1.11183,5694,8,0
2025-05-12 17:00:00,1.11183,1.11337,1.11067,1.11111,6459,8,0
2025-05-12 18:00:00,1.11111,1.11233,1.10999,1.11046,4360,8,0
2025-05-12 19:00:00,1.11046,1.11105,1.10832,1.1084100000000001,3456,0,0
2025-05-12 20:00:00,1.1084100000000001,1.10881,1.1072,1.10786,2584,8,0
2025-05-12 21:00:00,1.10786,1.10908,1.1065,1.1089,2925,8,0
2025-05-12 22:00:00,1.10889,1.1096300000000001,1.10821,1.10917,2186,8,0
2025-05-12 23:00:00,1.10916,1.10943,1.10813,1.1083,1225,8,0
2025-05-13 00:00:00,1.10811,1.1090200000000001,1.10802,1.10881,580,31,0
2025-05-13 01:00:00,1.10871,1.10942,1.10871,1.10931,1134,8,0
2025-05-13 02:00:00,1.10936,1.10994,1.10891,1.10953,1503,8,0
2025-05-13 03:00:00,1.10953,1.11061,1.10947,1.11041,2674,8,0
2025-05-13 04:00:00,1.11041,1.11087,1.10993,1.11061,3489,8,0
2025-05-13 05:00:00,1.11061,1.11109,1.10989,1.11022,2209,8,0
2025-05-13 06:00:00,1.11023,1.11164,1.10987,1.11159,1858,8,0
2025-05-13 07:00:00,1.11159,1.11167,1.1108500000000001,1.11163,1761,8,0
2025-05-13 08:00:00,1.11164,1.1118999999999999,1.11084,1.11099,2342,8,0
2025-05-13 09:00:00,1.11103,1.1118,1.11011,1.1111,4028,8,0
2025-05-13 10:00:00,1.11109,1.11239,1.11025,1.11154,4793,8,0
2025-05-13 11:00:00,1.11154,1.11173,1.11023,1.11114,3800,8,0
2025-05-13 12:00:00,1.11118,1.11148,1.1102,1.11065,3160,8,0
2025-05-13 13:00:00,1.11065,1.11092,1.10965,1.11043,3029,8,0
2025-05-13 14:00:00,1.1104,1.11117,1.11028,1.11064,2538,8,0
2025-05-13 15:00:00,1.11065,1.11307,1.11061,1.11301,4817,8,0
2025-05-13 16:00:00,1.11302,1.1148,1.11269,1.11351,5476,8,0
2025-05-13 17:00:00,1.11349,1.11638,1.11296,1.1160700000000001,5298,0,0
2025-05-13 18:00:00,1.1160700000000001,1.11773,1.11563,1.11747,4224,8,0
2025-05-13 19:00:00,1.11747,1.1182,1.11642,1.11755,2862,8,0
2025-05-13 20:00:00,1.11755,1.11792,1.11672,1.11766,1977,8,0
2025-05-13 21:00:00,1.11763,1.11854,1.11747,1.11844,1983,8,0
2025-05-13 22:00:00,1.11844,1.11913,1.11822,1.11894,1725,8,0
2025-05-13 23:00:00,1.11895,1.11944,1.11826,1.11839,1039,0,0
2025-05-14 00:00:00,1.11794,1.11859,1.11794,1.11855,376,11,0
2025-05-14 01:00:00,1.11855,1.11968,1.11855,1.11967,1136,8,0
2025-05-14 02:00:00,1.11967,1.11968,1.11842,1.11853,1372,8,0
2025-05-14 03:00:00,1.11853,1.11961,1.11817,1.11916,2585,8,0
2025-05-14 04:00:00,1.11916,1.1197300000000001,1.11833,1.11877,3809,8,0
2025-05-14 05:00:00,1.11881,1.11921,1.11824,1.11883,2852,8,0
2025-05-14 06:00:00,1.11885,1.11955,1.11838,1.11949,2210,8,0
2025-05-14 07:00:00,1.11949,1.12,1.11874,1.11884,2388,8,0
2025-05-14 08:00:00,1.11883,1.1192,1.11842,1.11859,2193,8,0
2025-05-14 09:00:00,1.11859,1.11979,1.11797,1.11876,3427,8,0
2025-05-14 10:00:00,1.11874,1.12161,1.11811,1.12145,4410,8,0
2025-05-14 11:00:00,1.12143,1.12517,1.12122,1.12381,6547,8,0
2025-05-14 12:00:00,1.1238299999999999,1.1265100000000001,1.12306,1.12517,5624,8,0
2025-05-14 13:00:00,1.12514,1.12524,1.12268,1.12304,3537,8,0
2025-05-14 14:00:00,1.12304,1.12343,1.12128,1.12167,3562,8,0
2025-05-14 15:00:00,1.12168,1.12349,1.12091,1.12248,4719,8,0
2025-05-14 16:00:00,1.12248,1.12345,1.12097,1.12195,5346,8,0
2025-05-14 17:00:00,1.12193,1.1223,1.12022,1.12117,5518,8,0
2025-05-14 18:00:00,1.12114,1.12144,1.11971,1.12046,4369,8,0
2025-05-14 19:00:00,1.12046,1.12126,1.11753,1.11886,4159,8,0
2025-05-14 20:00:00,1.11886,1.11964,1.11809,1.11888,2884,8,0
2025-05-14 21:00:00,1.11888,1.11893,1.11712,1.11778,2669,8,0
2025-05-14 22:00:00,1.11778,1.11778,1.11652,1.1167,2314,8,0
2025-05-14 23:00:00,1.1166800000000001,1.11747,1.1164,1.11695,1311,8,0
2025-05-15 00:00:00,1.11667,1.11789,1.11629,1.11762,429,16,0
2025-05-15 01:00:00,1.11758,1.11839,1.11758,1.1182,939,8,0
2025-05-15 02:00:00,1.11826,1.11875,1.11799,1.11809,1381,8,0
2025-05-15 03:00:00,1.11808,1.11939,1.11756,1.11908,2466,8,0
2025-05-15 04:00:00,1.11911,1.11991,1.11902,1.11929,2681,8,0
2025-05-15 05:00:00,1.1193,1.11959,1.11883,1.11942,1945,8,0
2025-05-15 06:00:00,1.11942,1.12009,1.11918,1.11962,1925,8,0
2025-05-15 07:00:00,1.11962,1.11993,1.1191200000000001,1.11924,1569,8,0
2025-05-15 08:00:00,1.11924,1.11987,1.1185100000000001,1.11927,2342,8,0
2025-05-15 09:00:00,1.11927,1.12275,1.11891,1.12267,4172,8,0
2025-05-15 10:00:00,1.12267,1.12275,1.1191200000000001,1.11968,4558,8,0
2025-05-15 11:00:00,1.11966,1.12109,1.11918,1.12093,3482,8,0
2025-05-15 12:00:00,1.12094,1.12126,1.12002,1.12018,2729,8,0
2025-05-15 13:00:00,1.12018,1.12109,1.11977,1.11995,2859,8,0
2025-05-15 14:00:00,1.11997,1.12024,1.11788,1.11823,2984,8,0
2025-05-15 15:00:00,1.11825,1.12132,1.11818,1.12094,4822,8,0
2025-05-15 16:00:00,1.12093,1.12233,1.11945,1.12002,5629,8,0
2025-05-15 17:00:00,1.12002,1.12103,1.11752,1.11858,5453,8,0
2025-05-15 18:00:00,1.11858,1.11965,1.11723,1.11874,3716,8,0
2025-05-15 19:00:00,1.11873,1.11902,1.1172,1.11803,2646,8,0
2025-05-15 20:00:00,1.11802,1.11885,1.11698,1.11708,2304,8,0
2025-05-15 21:00:00,1.11705,1.11791,1.11704,1.11764,1934,8,0
2025-05-15 22:00:00,1.11763,1.11857,1.11722,1.11832,1741,8,0
2025-05-15 23:00:00,1.11832,1.11871,1.11787,1.11853,1102,0,0
2025-05-16 00:00:00,1.11835,1.11893,1.11773,1.1188,502,21,0
2025-05-16 01:00:00,1.1188,1.11924,1.1185,1.11915,1268,8,0
2025-05-16 02:00:00,1.11918,1.11934,1.11892,1.11914,1431,8,0
2025-05-16 03:00:00,1.11914,1.12077,1.119,1.12043,3239,8,0
2025-05-16 04:00:00,1.12044,1.12081,1.11978,1.12028,2988,8,0
2025-05-16 05:00:00,1.12031,1.12081,1.11988,1.12016,2412,8,0
2025-05-16 06:00:00,1.12016,1.12052,1.11983,1.11999,2205,8,0
2025-05-16 07:00:00,1.11999,1.12038,1.11958,1.12026,1787,8,0
2025-05-16 08:00:00,1.12026,1.12181,1.12006,1.12151,2464,8,0
2025-05-16 09:00:00,1.12151,1.12191,1.12067,1.12118,3175,8,0
2025-05-16 10:00:00,1.12117,1.12167,1.12057,1.12082,3658,8,0
2025-05-16 11:00:00,1.12082,1.12087,1.11966,1.11986,3283,8,0
2025-05-16 12:00:00,1.11984,1.12082,1.11914,1.1194,2882,8,0
2025-05-16 13:00:00,1.11939,1.11996,1.11876,1.1199,2909,8,0
2025-05-16 14:00:00,1.11994,1.12075,1.11898,1.11938,2777,8,0
2025-05-16 15:00:00,1.11938,1.11983,1.11905,1.11967,3378,8,0
2025-05-16 16:00:00,1.11966,1.12054,1.11875,1.11992,3603,8,0
2025-05-16 17:00:00,1.11992,1.1201699999999999,1.11511,1.11541,5777,8,0
2025-05-16 18:00:00,1.11539,1.11582,1.11395,1.11398,3470,8,0
2025-05-16 19:00:00,1.11397,1.11472,1.11306,1.11444,3300,8,0
2025-05-16 20:00:00,1.11444,1.11471,1.1139000000000001,1.11445,2097,8,0
2025-05-16 21:00:00,1.11445,1.11547,1.11427,1.11521,1890,8,0
2025-05-16 22:00:00,1.11521,1.1158,1.11473,1.11486,1993,8,0
2025-05-16 23:00:00,1.11486,1.11651,1.11429,1.11619,1671,8,0
2025-05-19 00:00:00,1.11756,1.11819,1.1162,1.1169,462,12,0
2025-05-19 01:00:00,1.11705,1.11935,1.11696,1.11896,2191,8,0
2025-05-19 02:00:00,1.11897,1.11935,1.11812,1.11883,2097,8,0
2025-05-19 03:00:00,1.11883,1.11981,1.11795,1.11967,3922,8,0
2025-05-19 04:00:00,1.11967,1.11985,1.11726,1.11756,3601,8,0
2025-05-19 05:00:00,1.11756,1.11877,1.11718,1.11817,2993,8,0
2025-05-19 06:00:00,1.11816,1.11849,1.11782,1.11807,2461,8,0
2025-05-19 07:00:00,1.11805,1.11867,1.11768,1.11833,1985,8,0
2025-05-19 08:00:00,1.11832,1.11877,1.11757,1.11844,2383,8,0
2025-05-19 09:00:00,1.11843,1.12118,1.11814,1.12087,4261,8,0
2025-05-19 10:00:00,1.12088,1.12445,1.12051,1.12378,5250,8,0
2025-05-19 11:00:00,1.12381,1.12586,1.12353,1.12567,4621,8,0
2025-05-19 12:00:00,1.1257,1.12799,1.12545,1.12793,4683,8,0
2025-05-19 13:00:00,1.12796,1.12876,1.12681,1.12779,4081,8,0
2025-05-19 14:00:00,1.12778,1.12795,1.12614,1.12725,3729,8,0
2025-05-19 15:00:00,1.12725,1.12729,1.12563,1.12564,3912,8,0
2025-05-19 16:00:00,1.12564,1.12646,1.12467,1.12508,5472,8,0
2025-05-19 17:00:00,1.1251,1.12572,1.1241,1.12531,4658,8,0
2025-05-19 18:00:00,1.12531,1.1259299999999999,1.1233,1.12356,3703,8,0
2025-05-19 19:00:00,1.12356,1.12392,1.1229,1.12347,2977,8,0
2025-05-19 20:00:00,1.12347,1.12381,1.12236,1.12297,2158,8,0
2025-05-19 21:00:00,1.12296,1.12362,1.12241,1.12344,1861,8,0
2025-05-19 22:00:00,1.12344,1.12414,1.12325,1.12396,1270,8,0
2025-05-19 23:00:00,1.12394,1.12442,1.12329,1.1233,1386,8,0
2025-05-20 00:00:00,1.12342,1.12429,1.12328,1.12422,504,28,0
2025-05-20 01:00:00,1.12422,1.12433,1.12345,1.12347,916,8,0
2025-05-20 02:00:00,1.12348,1.12357,1.12309,1.12318,927,9,0
2025-05-20 03:00:00,1.12318,1.12319,1.12176,1.12273,2412,8,0
2025-05-20 04:00:00,1.1227800000000001,1.12508,1.1227800000000001,1.12378,3328,8,0
2025-05-20 05:00:00,1.12379,1.12457,1.12256,1.12315,2246,8,0
2025-05-20 06:00:00,1.12314,1.1247,1.12288,1.12445,2620,8,0
2025-05-20 07:00:00,1.12443,1.125,1.124,1.12417,2261,8,0
2025-05-20 08:00:00,1.12417,1.12579,1.12413,1.1254,3744,8,0
2025-05-20 09:00:00,1.12541,1.1261700000000001,1.12502,1.1257,4163,8,0
2025-05-20 10:00:00,1.12567,1.1277300000000001,1.12528,1.12759,4545,8,0
2025-05-20 11:00:00,1.12757,1.12758,1.12468,1.12578,3836,8,0
2025-05-20 12:00:00,1.12578,1.12665,1.12494,1.12547,3272,8,0
2025-05-20 13:00:00,1.12547,1.12573,1.12426,1.1244,3017,8,0
2025-05-20 14:00:00,1.12441,1.12512,1.1243400000000001,1.12454,2618,0,0
2025-05-20 15:00:00,1.12452,1.12467,1.12231,1.12338,3856,8,0
2025-05-20 16:00:00,1.12337,1.12489,1.12243,1.12453,4923,8,0
2025-05-20 17:00:00,1.12453,1.12687,1.12451,1.1268,5373,8,0
2025-05-20 18:00:00,1.12681,1.12693,1.12491,1.12526,3214,8,0
2025-05-20 19:00:00,1.12524,1.12576,1.12447,1.12562,2574,8,0
2025-05-20 20:00:00,1.12561,1.12771,1.12543,1.12733,2198,8,0
2025-05-20 21:00:00,1.12733,1.12798,1.12707,1.12719,2542,8,0
2025-05-20 22:00:00,1.12719,1.12822,1.12714,1.12799,1797,8,0
2025-05-20 23:00:00,1.12804,1.12854,1.12778,1.12813,1053,0,0
2025-05-21 00:00:00,1.12811,1.12837,1.12774,1.12813,647,8,0
2025-05-21 01:00:00,1.12816,1.12859,1.12797,1.12805,1485,8,0
2025-05-21 02:00:00,1.12807,1.1289500000000001,1.1280000000000001,1.12877,1209,8,0
2025-05-21 03:00:00,1.12878,1.13007,1.1287099999999999,1.12948,2663,8,0
2025-05-21 04:00:00,1.12948,1.13022,1.12862,1.1298,2829,8,0
2025-05-21 05:00:00,1.1298,1.13256,1.12967,1.13214,3269,8,0
2025-05-21 06:00:00,1.13214,1.13392,1.13187,1.13335,2499,8,0
2025-05-21 07:00:00,1.13335,1.13362,1.13252,1.13284,1826,8,0
2025-05-21 08:00:00,1.13284,1.13373,1.1326100000000001,1.13314,2733,8,0
2025-05-21 09:00:00,1.13313,1.13526,1.13218,1.13321,5128,8,0
2025-05-21 10:00:00,1.13321,1.13334,1.13136,1.13228,4859,8,0
2025-05-21 11:00:00,1.13228,1.13333,1.13116,1.13221,3906,8,0
2025-05-21 12:00:00,1.13223,1.13342,1.13142,1.13341,3224,8,0
2025-05-21 13:00:00,1.13341,1.13615,1.13309,1.13382,4350,8,0
2025-05-21 14:00:00,1.13382,1.1344,1.13185,1.13228,3563,8,0
2025-05-21 15:00:00,1.13236,1.13343,1.13169,1.1334,4340,8,0
2025-05-21 16:00:00,1.13343,1.1338300000000001,1.13228,1.13364,4670,8,0
2025-05-21 17:00:00,1.13363,1.13538,1.1332200000000001,1.13402,4985,8,0
2025-05-21 18:00:00,1.13402,1.1347800000000001,1.1332200000000001,1.13423,3862,8,0
2025-05-21 19:00:00,1.13422,1.13517,1.13386,1.13399,2585,8,0
2025-05-21 20:00:00,1.13399,1.13623,1.13371,1.13477,4691,8,0
2025-05-21 21:00:00,1.13475,1.13484,1.13311,1.13327,3137,8,0
2025-05-21 22:00:00,1.13327,1.13386,1.13177,1.13184,2898,8,0
2025-05-21 23:00:00,1.13181,1.13312,1.13151,1.13235,1599,8,0
2025-05-22 00:00:00,1.13238,1.13297,1.13211,1.13272,492,18,0
2025-05-22 01:00:00,1.1327,1.13297,1.13147,1.13148,2398,8,0
2025-05-22 02:00:00,1.13147,1.13319,1.13105,1.13315,2280,8,0
2025-05-22 03:00:00,1.13316,1.1343,1.13255,1.13267,4344,8,0
2025-05-22 04:00:00,1.13267,1.13402,1.13169,1.13372,4309,8,0
2025-05-22 05:00:00,1.13372,1.13443,1.13281,1.13381,3171,8,0
2025-05-22 06:00:00,1.13382,1.13414,1.13303,1.13326,2626,8,0
2025-05-22 07:00:00,1.13323,1.13339,1.13244,1.13326,1987,8,0
2025-05-22 08:00:00,1.13326,1.13347,1.13244,1.13328,2723,8,0
2025-05-22 09:00:00,1.13328,1.13414,1.1317,1.1322,4545,8,0
2025-05-22 10:00:00,1.13218,1.13243,1.1295,1.13204,5312,8,0
2025-05-22 11:00:00,1.13193,1.13341,1.13008,1.13014,5413,8,0
2025-05-22 12:00:00,1.13012,1.1302699999999999,1.1290499999999999,1.12938,4257,8,0
2025-05-22 13:00:00,1.12937,1.12991,1.12897,1.12915,3453,8,0
2025-05-22 14:00:00,1.12916,1.13125,1.12914,1.1308,3926,8,0
2025-05-22 15:00:00,1.13083,1.13144,1.1284399999999999,1.12945,4458,8,0
2025-05-22 16:00:00,1.12945,1.13085,1.12812,1.12828,5484,8,0
2025-05-22 17:00:00,1.12826,1.12974,1.12745,1.12767,5616,8,0
2025-05-22 18:00:00,1.12771,1.12878,1.12653,1.1280000000000001,4568,8,0
2025-05-22 19:00:00,1.12797,1.12874,1.12679,1.1268799999999999,3261,8,0
2025-05-22 20:00:00,1.12687,1.12703,1.12553,1.12675,3311,8,0
2025-05-22 21:00:00,1.12673,1.12802,1.12669,1.12775,2066,8,0
2025-05-22 22:00:00,1.12776,1.12853,1.12775,1.12782,1822,8,0
2025-05-22 23:00:00,1.1278299999999999,1.1283,1.12769,1.12774,1215,8,0
2025-05-23 00:00:00,1.1277300000000001,1.12802,1.12755,1.12793,427,24,0
2025-05-23 01:00:00,1.12793,1.12865,1.12793,1.12858,1530,8,0
2025-05-23 02:00:00,1.12859,1.12883,1.12806,1.12815,1385,8,0
2025-05-23 03:00:00,1.12814,1.12994,1.12785,1.12965,2753,8,0
2025-05-23 04:00:00,1.12965,1.13182,1.12946,1.13136,2943,8,0
2025-05-23 05:00:00,1.13136,1.13174,1.13077,1.13143,1915,8,0
2025-05-23 06:00:00,1.13144,1.13168,1.13105,1.13109,1460,8,0
2025-05-23 07:00:00,1.13109,1.13203,1.13074,1.1317300000000001,1620,8,0
2025-05-23 08:00:00,1.1317300000000001,1.13253,1.13076,1.13221,2176,8,0
2025-05-23 09:00:00,1.13217,1.13264,1.13096,1.1311499999999999,3567,8,0
2025-05-23 10:00:00,1.1312,1.13435,1.13089,1.13389,4374,8,0
2025-05-23 11:00:00,1.13389,1.13441,1.13323,1.13414,2973,8,0
2025-05-23 12:00:00,1.13413,1.13534,1.13378,1.13486,3409,8,0
2025-05-23 13:00:00,1.13487,1.13572,1.13439,1.13483,2964,8,0
2025-05-23 14:00:00,1.13484,1.1375,1.1298,1.13209,6786,8,0
2025-05-23 15:00:00,1.1320999999999999,1.13495,1.1297,1.13329,7711,8,0
2025-05-23 16:00:00,1.13328,1.13375,1.13127,1.1313900000000001,6320,8,0
2025-05-23 17:00:00,1.1313900000000001,1.13456,1.13103,1.13445,4676,8,0
2025-05-23 18:00:00,1.1344400000000001,1.13589,1.13312,1.1348799999999999,3910,8,0
2025-05-23 19:00:00,1.13492,1.13591,1.13406,1.13577,2918,8,0
2025-05-23 20:00:00,1.13577,1.13667,1.13512,1.13602,2170,8,0
2025-05-23 21:00:00,1.13602,1.1368800000000001,1.13551,1.13588,2471,8,0
2025-05-23 22:00:00,1.13591,1.13651,1.1354899999999999,1.13629,2010,8,0
2025-05-23 23:00:00,1.13629,1.13676,1.13569,1.13589,1497,8,0
2025-05-26 00:00:00,1.1363,1.1367099999999999,1.13597,1.13666,435,8,0
2025-05-26 01:00:00,1.13666,1.1379,1.13616,1.13734,3347,8,0
2025-05-26 02:00:00,1.13739,1.13813,1.13693,1.13742,2505,8,0
2025-05-26 03:00:00,1.13742,1.13971,1.1374,1.13963,3984,8,0
2025-05-26 04:00:00,1.13963,1.14151,1.13876,1.14119,3692,8,0
2025-05-26 05:00:00,1.14119,1.14181,1.14076,1.1409,2970,8,0
2025-05-26 06:00:00,1.1409,1.1412,1.14046,1.14109,2442,8,0
2025-05-26 07:00:00,1.14109,1.1412499999999999,1.14028,1.14087,1967,8,0
2025-05-26 08:00:00,1.14087,1.14178,1.14001,1.14166,2648,8,0
2025-05-26 09:00:00,1.14164,1.14176,1.14073,1.14085,3850,8,0
2025-05-26 10:00:00,1.14085,1.1412,1.13879,1.13887,3990,8,0
2025-05-26 11:00:00,1.13889,1.13948,1.13823,1.13841,3096,8,0
2025-05-26 12:00:00,1.13841,1.13852,1.13754,1.13785,2563,0,0
2025-05-26 13:00:00,1.13786,1.13861,1.13758,1.13837,2254,8,0
2025-05-26 14:00:00,1.13837,1.13865,1.13736,1.13765,1988,8,0
2025-05-26 15:00:00,1.13765,1.13817,1.13684,1.13746,2187,8,0
2025-05-26 16:00:00,1.13746,1.13764,1.13726,1.13756,266,8,0
2025-05-26 17:00:00,1.13816,1.13841,1.13799,1.13838,748,8,0
2025-05-26 18:00:00,1.13839,1.1385,1.13767,1.13806,1529,8,0
2025-05-26 19:00:00,1.13807,1.13829,1.13755,1.13829,1107,8,0
2025-05-26 20:00:00,1.13831,1.13834,1.13779,1.13802,647,8,0
2025-05-26 21:00:00,1.13797,1.13827,1.13794,1.13805,549,8,0
2025-05-26 22:00:00,1.13803,1.13849,1.13795,1.13848,368,10,0
2025-05-26 23:00:00,1.13847,1.13877,1.13802,1.13811,653,11,0
2025-05-27 00:00:00,1.13809,1.13853,1.13726,1.13835,512,8,0
2025-05-27 01:00:00,1.13826,1.1394199999999999,1.13826,1.13898,1232,8,0
2025-05-27 02:00:00,1.13898,1.13907,1.13865,1.1388,1364,8,0
2025-05-27 03:00:00,1.13883,1.14025,1.13874,1.13995,2512,8,0
2025-05-27 04:00:00,1.13995,1.14066,1.13907,1.13947,2628,8,0
2025-05-27 05:00:00,1.13947,1.14025,1.13902,1.1392,1946,8,0
2025-05-27 06:00:00,1.1392,1.14005,1.13897,1.13932,1655,8,0
2025-05-27 07:00:00,1.13932,1.13973,1.13771,1.13779,2041,8,0
2025-05-27 08:00:00,1.13782,1.13789,1.13665,1.13781,3848,8,0
2025-05-27 09:00:00,1.13781,1.13922,1.13643,1.13643,4566,0,0
2025-05-27 10:00:00,1.13647,1.13705,1.13366,1.13402,2405,1,0
2025-05-27 11:00:00,1.13403,1.13572,1.13384,1.13481,3866,8,0
2025-05-27 12:00:00,1.1348,1.13574,1.13442,1.1347800000000001,3692,8,0
2025-05-27 13:00:00,1.1347800000000001,1.13513,1.13401,1.13432,3426,8,0
2025-05-27 14:00:00,1.13433,1.13538,1.13407,1.13506,3081,8,0
2025-05-27 15:00:00,1.13507,1.13675,1.13506,1.1366100000000001,3360,8,0
2025-05-27 16:00:00,1.13662,1.13751,1.13551,1.13574,4225,8,0
2025-05-27 17:00:00,1.13578,1.13608,1.13376,1.13407,5160,8,0
2025-05-27 18:00:00,1.13408,1.13408,1.13227,1.13248,3825,8,0
2025-05-27 19:00:00,1.1325,1.13347,1.13229,1.13312,2639,8,0
2025-05-27 20:00:00,1.13312,1.13363,1.1329799999999999,1.13324,2038,8,0
2025-05-27 21:00:00,1.13323,1.1338300000000001,1.13279,1.13367,1935,8,0
2025-05-27 22:00:00,1.13362,1.13382,1.13335,1.13368,1208,8,0
2025-05-27 23:00:00,1.13304,1.13321,1.13236,1.1327,1463,8,0
2025-05-28 00:00:00,1.13263,1.13313,1.13215,1.133,724,22,0
2025-05-28 01:00:00,1.13286,1.13365,1.13276,1.1336,1662,8,0
2025-05-28 02:00:00,1.1336,1.13374,1.13309,1.13363,1228,8,0
2025-05-28 03:00:00,1.13366,1.13453,1.13335,1.1334,2242,8,0
2025-05-28 04:00:00,1.1334,1.13384,1.13148,1.13167,3821,8,0
2025-05-28 05:00:00,1.13167,1.13249,1.13003,1.13045,3507,8,0
2025-05-28 06:00:00,1.13049,1.13124,1.13001,1.13069,2643,8,0
2025-05-28 07:00:00,1.13069,1.131,1.13021,1.13056,2091,8,0
2025-05-28 08:00:00,1.13056,1.13143,1.12949,1.13142,2383,8,0
2025-05-28 09:00:00,1.13142,1.13164,1.13031,1.13039,3657,8,0
2025-05-28 10:00:00,1.1304,1.13304,1.13026,1.1326100000000001,3775,8,0
2025-05-28 11:00:00,1.1327,1.13337,1.13175,1.13315,3278,8,0
2025-05-28 12:00:00,1.13316,1.13397,1.13275,1.1333,3350,8,0
2025-05-28 13:00:00,1.1333,1.13402,1.13236,1.13253,3043,8,0
2025-05-28 14:00:00,1.13254,1.13281,1.1316,1.13172,3278,8,0
2025-05-28 15:00:00,1.13174,1.13241,1.13069,1.13105,3756,8,0
2025-05-28 16:00:00,1.13105,1.13129,1.12964,1.13082,4983,8,0
2025-05-28 17:00:00,1.1308799999999999,1.13241,1.13004,1.13018,5504,8,0
2025-05-28 18:00:00,1.13018,1.13081,1.12833,1.12841,4166,8,0
2025-05-28 19:00:00,1.1284399999999999,1.12961,1.12837,1.12935,2568,8,0
2025-05-28 20:00:00,1.12935,1.13004,1.12901,1.12907,2186,8,0
2025-05-28 21:00:00,1.12907,1.12975,1.12839,1.1293,2428,8,0
2025-05-28 22:00:00,1.1293,1.12952,1.1287099999999999,1.1289,2041,8,0
2025-05-28 23:00:00,1.1289,1.12953,1.12864,1.12898,1618,8,0
2025-05-29 00:00:00,1.129,1.12941,1.12885,1.12934,480,30,0
2025-05-29 01:00:00,1.12934,1.12967,1.12899,1.12911,1348,8,0
2025-05-29 02:00:00,1.12915,1.12917,1.12099,1.12293,5778,8,0
2025-05-29 03:00:00,1.12293,1.125,1.12227,1.12343,6104,8,0
2025-05-29 04:00:00,1.12339,1.12527,1.12232,1.12512,5042,8,0
2025-05-29 05:00:00,1.12512,1.12564,1.12412,1.12454,3774,8,0
2025-05-29 06:00:00,1.12453,1.1255600000000001,1.12422,1.12481,2450,8,0
2025-05-29 07:00:00,1.12477,1.12543,1.12436,1.12471,1996,8,0
2025-05-29 08:00:00,1.12473,1.12502,1.12306,1.12431,3164,8,0
2025-05-29 09:00:00,1.12431,1.12733,1.12418,1.12708,4891,8,0
2025-05-29 10:00:00,1.12708,1.12822,1.12706,1.12753,4630,8,0
2025-05-29 11:00:00,1.12752,1.12786,1.12615,1.12714,4025,8,0
2025-05-29 12:00:00,1.12714,1.12835,1.12711,1.12774,3466,8,0
2025-05-29 13:00:00,1.12774,1.12908,1.1276,1.12859,3326,8,0
2025-05-29 14:00:00,1.12859,1.12902,1.12675,1.12704,3526,8,0
2025-05-29 15:00:00,1.12704,1.13494,1.12704,1.1349,6339,8,0
2025-05-29 16:00:00,1.1349,1.13595,1.13386,1.13507,5600,8,0
2025-05-29 17:00:00,1.13513,1.1368800000000001,1.13424,1.13495,5507,8,0
2025-05-29 18:00:00,1.13496,1.13702,1.13482,1.13693,4193,8,0
2025-05-29 19:00:00,1.13689,1.1379299999999999,1.13666,1.13708,3004,8,0
2025-05-29 20:00:00,1.13708,1.13838,1.13611,1.13765,2501,8,0
2025-05-29 21:00:00,1.13766,1.13839,1.13737,1.13744,2205,8,0
2025-05-29 22:00:00,1.13743,1.13778,1.13656,1.1366100000000001,2105,8,0
2025-05-29 23:00:00,1.13662,1.13697,1.13602,1.1365,1004,8,0
2025-05-30 00:00:00,1.13644,1.13715,1.13631,1.13659,849,29,0
2025-05-30 01:00:00,1.13666,1.13767,1.1366100000000001,1.13705,1676,8,0
2025-05-30 02:00:00,1.13709,1.13788,1.13687,1.13764,1965,8,0
2025-05-30 03:00:00,1.13764,1.13842,1.13641,1.13719,3527,8,0
2025-05-30 04:00:00,1.13719,1.13893,1.13519,1.13544,4379,8,0
2025-05-30 05:00:00,1.13543,1.13584,1.13479,1.13489,2996,8,0
2025-05-30 06:00:00,1.13487,1.13563,1.1345399999999999,1.1349,2380,8,0
2025-05-30 07:00:00,1.1349,1.1353,1.1345,1.1345399999999999,2636,8,0
2025-05-30 08:00:00,1.13456,1.1354,1.13427,1.13506,2058,8,0
2025-05-30 09:00:00,1.13507,1.13516,1.1335600000000001,1.13462,3826,8,0
2025-05-30 10:00:00,1.13462,1.13474,1.13272,1.13373,4838,1,0
2025-05-30 11:00:00,1.13375,1.13442,1.13229,1.13235,4027,8,0
2025-05-30 12:00:00,1.13235,1.13316,1.13229,1.1325,3429,8,0
2025-05-30 13:00:00,1.13251,1.13342,1.13242,1.1327,3164,8,0
2025-05-30 14:00:00,1.1327,1.13381,1.13228,1.13374,3095,8,0
2025-05-30 15:00:00,1.13374,1.13579,1.13341,1.13456,6009,8,0
2025-05-30 16:00:00,1.1346,1.13475,1.1312,1.13167,5082,8,0
2025-05-30 17:00:00,1.13169,1.13541,1.13135,1.13516,6267,8,0
2025-05-30 18:00:00,1.13517,1.1358,1.13431,1.13458,4940,8,0
2025-05-30 19:00:00,1.13457,1.13545,1.13429,1.13498,3679,8,0
2025-05-30 20:00:00,1.13502,1.13665,1.13493,1.13568,2615,8,0
2025-05-30 21:00:00,1.13568,1.13644,1.13544,1.13582,2630,8,0
2025-05-30 22:00:00,1.13581,1.13601,1.13489,1.13558,2205,8,0
2025-05-30 23:00:00,1.13559,1.1356,1.13426,1.13457,1319,4,0
2025-06-02 00:00:00,1.1346,1.13514,1.13398,1.13495,481,24,0
2025-06-02 01:00:00,1.13495,1.1357,1.13477,1.13546,1744,8,0
2025-06-02 02:00:00,1.13548,1.13598,1.1350500000000001,1.13524,2004,8,0
2025-06-02 03:00:00,1.13525,1.13742,1.13522,1.13681,3621,8,0
2025-06-02 04:00:00,1.13679,1.13816,1.1367099999999999,1.13697,4013,8,0
2025-06-02 05:00:00,1.1369799999999999,1.13731,1.13613,1.13639,2218,8,0
2025-06-02 06:00:00,1.1363699999999999,1.13653,1.1354,1.13613,2017,8,0
2025-06-02 07:00:00,1.13614,1.13662,1.13593,1.13649,1805,8,0
2025-06-02 08:00:00,1.13649,1.13798,1.13633,1.13789,2350,8,0
2025-06-02 09:00:00,1.1379,1.14062,1.13779,1.14006,3515,8,0
2025-06-02 10:00:00,1.14008,1.14363,1.13981,1.14232,4494,8,0
2025-06-02 11:00:00,1.14232,1.1427100000000001,1.1412200000000001,1.14197,4348,8,0
2025-06-02 12:00:00,1.14197,1.14364,1.14187,1.14229,4445,8,0
2025-06-02 13:00:00,1.14232,1.14276,1.14127,1.14147,3439,8,0
2025-06-02 14:00:00,1.14148,1.14259,1.14086,1.14137,3642,8,0
2025-06-02 15:00:00,1.14136,1.14284,1.14108,1.14178,3672,8,0
2025-06-02 16:00:00,1.14178,1.14223,1.14039,1.14186,4640,8,0
2025-06-02 17:00:00,1.14254,1.14494,1.14222,1.14343,6047,8,0
2025-06-02 18:00:00,1.1434199999999999,1.14382,1.14237,1.14301,4379,8,0
2025-06-02 19:00:00,1.14301,1.14314,1.14113,1.1418,3262,8,0
2025-06-02 20:00:00,1.14175,1.14253,1.14158,1.1421999999999999,2562,8,0
2025-06-02 21:00:00,1.14216,1.1442,1.1418300000000001,1.14408,2705,8,0
2025-06-02 22:00:00,1.1440299999999999,1.1445,1.1433,1.14446,2033,8,0
2025-06-02 23:00:00,1.14445,1.14458,1.14373,1.1437599999999999,998,8,0
2025-06-03 00:00:00,1.14339,1.14426,1.14311,1.14381,647,16,0
2025-06-03 01:00:00,1.14391,1.14455,1.1437599999999999,1.14444,985,8,0
2025-06-03 02:00:00,1.14447,1.14533,1.14441,1.14526,1312,8,0
2025-06-03 03:00:00,1.1452499999999999,1.14541,1.14384,1.14429,2244,8,0
2025-06-03 04:00:00,1.14429,1.14429,1.14264,1.14274,2860,8,0
2025-06-03 05:00:00,1.14275,1.14299,1.1418300000000001,1.1425,2369,8,0
2025-06-03 06:00:00,1.1425,1.14267,1.14156,1.14194,2014,8,0
2025-06-03 07:00:00,1.14192,1.14251,1.14166,1.14248,1606,8,0
2025-06-03 08:00:00,1.14249,1.14269,1.14116,1.14215,2180,8,0
2025-06-03 09:00:00,1.1421999999999999,1.14308,1.1414900000000001,1.14282,3335,8,0
2025-06-03 10:00:00,1.1428099999999999,1.1432,1.14138,1.14153,4098,8,0
2025-06-03 11:00:00,1.14153,1.14181,1.1405,1.1411,3470,8,0
2025-06-03 12:00:00,1.14109,1.14175,1.14011,1.14113,3254,8,0
2025-06-03 13:00:00,1.14111,1.14121,1.13958,1.13973,3015,8,0
2025-06-03 14:00:00,1.13973,1.13987,1.13859,1.139,3179,8,0
2025-06-03 15:00:00,1.1390500000000001,1.13935,1.13767,1.13814,3424,8,0
2025-06-03 16:00:00,1.13816,1.13946,1.13765,1.1387,4460,8,0
2025-06-03 17:00:00,1.13866,1.13927,1.13635,1.13914,5747,8,0
2025-06-03 18:00:00,1.13914,1.13925,1.13703,1.13716,3883,8,0
2025-06-03 19:00:00,1.13717,1.13829,1.1367099999999999,1.13728,2662,8,0
2025-06-03 20:00:00,1.13733,1.13813,1.13724,1.13776,1944,8,0
2025-06-03 21:00:00,1.13776,1.13776,1.13686,1.13744,1696,8,0
2025-06-03 22:00:00,1.13742,1.13757,1.1367099999999999,1.13682,1378,8,0
2025-06-03 23:00:00,1.13682,1.13738,1.13677,1.13708,936,8,0
2025-06-04 00:00:00,1.137,1.13753,1.13686,1.13748,699,20,0
2025-06-04 01:00:00,1.13748,1.13754,1.13705,1.13736,1097,8,0
2025-06-04 02:00:00,1.13736,1.13855,1.13736,1.13836,1274,8,0
2025-06-04 03:00:00,1.13835,1.13885,1.13779,1.13822,2678,8,0
2025-06-04 04:00:00,1.13821,1.13927,1.1371,1.13852,3823,8,0
2025-06-04 05:00:00,1.13851,1.13875,1.1373,1.13755,1979,8,0
2025-06-04 06:00:00,1.13755,1.13804,1.13649,1.1367099999999999,1827,8,0
2025-06-04 07:00:00,1.1367099999999999,1.13785,1.13643,1.1366100000000001,2027,8,0
2025-06-04 08:00:00,1.13662,1.13712,1.1356600000000001,1.1362,2568,8,0
2025-06-04 09:00:00,1.13619,1.13777,1.13569,1.13772,3950,8,0
2025-06-04 10:00:00,1.13775,1.13965,1.13751,1.13862,3956,8,0
2025-06-04 11:00:00,1.1386,1.14035,1.13822,1.1399,3199,8,0
2025-06-04 12:00:00,1.13989,1.1399,1.13809,1.13823,2948,8,0
2025-06-04 13:00:00,1.13824,1.1385,1.13744,1.13816,3078,8,0
2025-06-04 14:00:00,1.13816,1.13866,1.13766,1.13788,2482,8,0
2025-06-04 15:00:00,1.13789,1.14105,1.13788,1.14086,5264,8,0
2025-06-04 16:00:00,1.1409,1.1413,1.13923,1.13986,4174,8,0
2025-06-04 17:00:00,1.14126,1.1434,1.1407,1.14323,5720,8,0
2025-06-04 18:00:00,1.14318,1.14333,1.14165,1.14233,3838,8,0
2025-06-04 19:00:00,1.14233,1.14338,1.14192,1.14323,3076,8,0
2025-06-04 20:00:00,1.14327,1.14329,1.14228,1.14243,1983,8,0
2025-06-04 21:00:00,1.14243,1.14278,1.14198,1.142,1975,8,0
2025-06-04 22:00:00,1.142,1.14213,1.14118,1.14118,1789,8,0
2025-06-04 23:00:00,1.14118,1.14224,1.14097,1.1412499999999999,1521,8,0
2025-06-05 00:00:00,1.14113,1.14178,1.14099,1.1414900000000001,554,27,0
2025-06-05 01:00:00,1.14146,1.14223,1.14146,1.14193,1065,8,0
2025-06-05 02:00:00,1.14194,1.1428099999999999,1.1418300000000001,1.14204,1443,8,0
2025-06-05 03:00:00,1.14204,1.14289,1.1416,1.14285,2721,8,0
2025-06-05 04:00:00,1.14285,1.14343,1.1413,1.1416,2850,8,0
2025-06-05 05:00:00,1.1416,1.14191,1.141,1.14173,1996,8,0
2025-06-05 06:00:00,1.14173,1.14222,1.14084,1.14101,2241,8,0
2025-06-05 07:00:00,1.141,1.14137,1.14072,1.1409799999999999,1840,8,0
2025-06-05 08:00:00,1.14099,1.14131,1.14041,1.14057,2228,8,0
2025-06-05 09:00:00,1.14058,1.14167,1.14048,1.14086,3851,8,0
2025-06-05 10:00:00,1.14084,1.14246,1.1406399999999999,1.14115,3690,8,0
2025-06-05 11:00:00,1.14115,1.14189,1.14085,1.14124,3146,8,0
2025-06-05 12:00:00,1.14124,1.14213,1.14091,1.14181,2936,8,0
2025-06-05 13:00:00,1.1418,1.14322,1.14172,1.14236,2987,8,0
2025-06-05 14:00:00,1.14236,1.14279,1.14155,1.14259,3066,8,0
2025-06-05 15:00:00,1.14254,1.14481,1.14129,1.14291,6105,0,0
2025-06-05 16:00:00,1.1429,1.14944,1.14179,1.14799,8145,8,0
2025-06-05 17:00:00,1.14799,1.14818,1.14538,1.14574,6570,8,0
2025-06-05 18:00:00,1.14571,1.14584,1.14346,1.14387,4944,8,0
2025-06-05 19:00:00,1.14388,1.14474,1.1431,1.14473,3646,8,0
2025-06-05 20:00:00,1.14473,1.14477,1.1431499999999999,1.14425,2488,8,0
2025-06-05 21:00:00,1.14426,1.1443699999999999,1.14308,1.14416,2533,8,0
2025-06-05 22:00:00,1.14417,1.14476,1.1433200000000001,1.14375,3466,8,0
2025-06-05 23:00:00,1.14373,1.14446,1.1435,1.14431,1435,8,0
2025-06-06 00:00:00,1.14429,1.14471,1.14383,1.14408,603,15,0
2025-06-06 01:00:00,1.14413,1.14511,1.14412,1.1451,1788,8,0
2025-06-06 02:00:00,1.14511,1.14533,1.14463,1.1453,1149,8,0
2025-06-06 03:00:00,1.14529,1.14569,1.14494,1.14497,1989,8,0
2025-06-06 04:00:00,1.14495,1.14518,1.14407,1.14419,2123,8,0
2025-06-06 05:00:00,1.14419,1.14429,1.14326,1.14373,1885,8,0
2025-06-06 06:00:00,1.14373,1.14433,1.14357,1.14397,1444,8,0
2025-06-06 07:00:00,1.14397,1.14416,1.1436600000000001,1.14392,1223,8,0
2025-06-06 08:00:00,1.14392,1.14397,1.14303,1.14354,1702,8,0
2025-06-06 09:00:00,1.14354,1.14419,1.14242,1.1435,2921,8,0
2025-06-06 10:00:00,1.14348,1.14363,1.1421000000000001,1.14263,3525,8,0
2025-06-06 11:00:00,1.14263,1.14288,1.14111,1.14142,2944,8,0
2025-06-06 12:00:00,1.14141,1.14207,1.14106,1.14189,2563,8,0
2025-06-06 13:00:00,1.14188,1.14239,1.14169,1.14222,2518,8,0
2025-06-06 14:00:00,1.14222,1.14286,1.14166,1.14175,3871,8,0
2025-06-06 15:00:00,1.14176,1.14308,1.13849,1.13963,6310,0,0
2025-06-06 16:00:00,1.13963,1.14019,1.13712,1.13896,6492,8,0
2025-06-06 17:00:00,1.139,1.14158,1.13803,1.13888,5758,8,0
2025-06-06 18:00:00,1.13889,1.14018,1.13807,1.13962,4727,8,0
2025-06-06 19:00:00,1.1396,1.14012,1.13856,1.13867,3123,8,0
2025-06-06 20:00:00,1.13867,1.13974,1.13842,1.13927,2374,8,0
2025-06-06 21:00:00,1.13927,1.13991,1.13922,1.13967,2357,8,0
2025-06-06 22:00:00,1.13968,1.14015,1.13922,1.13952,1755,0,0
2025-06-06 23:00:00,1.13953,1.13973,1.13901,1.13934,915,8,0
2025-06-09 00:00:00,1.13955,1.13955,1.13885,1.13922,318,12,0
2025-06-09 01:00:00,1.13922,1.14063,1.13922,1.1406,2001,9,0
2025-06-09 02:00:00,1.1406,1.14107,1.1403,1.1406,1625,8,0
2025-06-09 03:00:00,1.1406,1.14085,1.13923,1.13934,2157,8,0
2025-06-09 04:00:00,1.13934,1.14167,1.13934,1.14148,2347,8,0
2025-06-09 05:00:00,1.14148,1.14249,1.14138,1.14167,2221,8,0
2025-06-09 06:00:00,1.14167,1.14205,1.14115,1.14116,1557,8,0
2025-06-09 07:00:00,1.14115,1.14184,1.14104,1.14177,1286,8,0
2025-06-09 08:00:00,1.14178,1.14237,1.14116,1.14214,1688,8,0
2025-06-09 09:00:00,1.14216,1.14291,1.14173,1.14268,2825,8,0
2025-06-09 10:00:00,1.14269,1.1428099999999999,1.14191,1.14219,2970,8,0
2025-06-09 11:00:00,1.14219,1.14355,1.14181,1.14279,3126,8,0
2025-06-09 12:00:00,1.14279,1.14388,1.14253,1.14256,2647,8,0
2025-06-09 13:00:00,1.14257,1.14285,1.14156,1.1419,2206,8,0
2025-06-09 14:00:00,1.1419,1.14226,1.14053,1.14168,3054,8,0
2025-06-09 15:00:00,1.1417,1.14175,1.13941,1.13998,3249,8,0
2025-06-09 16:00:00,1.13991,1.14039,1.1386,1.14013,4004,8,0
2025-06-09 17:00:00,1.14011,1.14084,1.13931,1.14073,3683,8,0
2025-06-09 18:00:00,1.14073,1.1425,1.14072,1.14238,2710,8,0
2025-06-09 19:00:00,1.14238,1.1425,1.14147,1.1424,1864,8,0
2025-06-09 20:00:00,1.14242,1.14258,1.1419,1.14215,1552,8,0
2025-06-09 21:00:00,1.14214,1.14304,1.14188,1.14275,1618,8,0
2025-06-09 22:00:00,1.14272,1.14289,1.14219,1.14223,1457,8,0
2025-06-09 23:00:00,1.14223,1.14265,1.14163,1.14194,924,8,0
2025-06-10 00:00:00,1.142,1.14214,1.14133,1.14194,357,23,0
2025-06-10 01:00:00,1.14193,1.14233,1.14193,1.14224,2394,8,0
2025-06-10 02:00:00,1.14225,1.14278,1.14196,1.14257,1333,10,0
2025-06-10 03:00:00,1.14257,1.14351,1.14213,1.14238,2338,8,0
2025-06-10 04:00:00,1.1424,1.14277,1.13946,1.13963,2977,8,0
2025-06-10 05:00:00,1.13962,1.14001,1.13857,1.13985,2999,8,0
2025-06-10 06:00:00,1.13985,1.14044,1.13911,1.14025,2014,8,0
2025-06-10 07:00:00,1.14026,1.1403699999999999,1.1391,1.1399,1567,8,0
2025-06-10 08:00:00,1.13991,1.14131,1.13973,1.14046,3438,8,0
2025-06-10 09:00:00,1.14048,1.14142,1.13916,1.13947,4197,8,0
2025-06-10 10:00:00,1.1394,1.13993,1.13725,1.13917,4654,8,0
2025-06-10 11:00:00,1.13917,1.14109,1.1391,1.14077,3843,8,0
2025-06-10 12:00:00,1.14076,1.1418300000000001,1.14031,1.14162,2806,8,0
2025-06-10 13:00:00,1.14163,1.14243,1.14108,1.14231,2592,8,0
2025-06-10 14:00:00,1.14229,1.14337,1.14188,1.14286,3135,8,0
2025-06-10 15:00:00,1.14287,1.14398,1.14245,1.14316,3246,8,0
2025-06-10 16:00:00,1.1431499999999999,1.14471,1.14301,1.14424,3983,8,0
2025-06-10 17:00:00,1.14422,1.14444,1.142,1.14253,3576,1,0
2025-06-10 18:00:00,1.14252,1.14272,1.14151,1.14219,3124,8,0
2025-06-10 19:00:00,1.14219,1.1426,1.14155,1.1423,2191,8,0
2025-06-10 20:00:00,1.14234,1.14283,1.14165,1.14225,1527,8,0
2025-06-10 21:00:00,1.14225,1.14247,1.1416,1.14198,1809,8,0
2025-06-10 22:00:00,1.14197,1.1436,1.14186,1.14256,1896,8,0
2025-06-10 23:00:00,1.14255,1.14293,1.14186,1.14201,1131,8,0
2025-06-11 00:00:00,1.14208,1.14252,1.1414900000000001,1.14232,1208,8,0
2025-06-11 01:00:00,1.14247,1.14288,1.14229,1.1428099999999999,977,8,0
2025-06-11 02:00:00,1.14284,1.1439,1.14216,1.14369,2006,8,0
2025-06-11 03:00:00,1.14372,1.14383,1.14199,1.14205,3113,8,0
2025-06-11 04:00:00,1.14205,1.14264,1.14059,1.1408,2629,8,0
2025-06-11 05:00:00,1.14081,1.14173,1.14066,1.1414900000000001,1990,8,0
2025-06-11 06:00:00,1.14148,1.1417,1.14109,1.14158,1447,8,0
2025-06-11 07:00:00,1.14158,1.14173,1.14115,1.14151,1381,8,0
2025-06-11 08:00:00,1.14152,1.14225,1.1413,1.14217,1740,8,0
2025-06-11 09:00:00,1.14217,1.14229,1.14066,1.14095,2926,8,0
2025-06-11 10:00:00,1.14097,1.14232,1.14048,1.14191,3295,8,0
2025-06-11 11:00:00,1.1419,1.14382,1.14179,1.14304,2749,8,0
2025-06-11 12:00:00,1.14304,1.14453,1.14294,1.14343,2964,8,0
2025-06-11 13:00:00,1.14349,1.1442,1.14328,1.14377,2373,8,0
2025-06-11 14:00:00,1.14377,1.144,1.14263,1.14322,2585,8,0
2025-06-11 15:00:00,1.14322,1.14887,1.14278,1.14601,6262,8,0
2025-06-11 16:00:00,1.14603,1.1473,1.14523,1.14698,5363,8,0
2025-06-11 17:00:00,1.14698,1.14861,1.14666,1.14812,4527,8,0
2025-06-11 18:00:00,1.14812,1.14898,1.1474199999999999,1.14889,3815,8,0
2025-06-11 19:00:00,1.14887,1.14954,1.14817,1.14892,2922,8,0
2025-06-11 20:00:00,1.14893,1.14984,1.14878,1.14969,1903,8,0
2025-06-11 21:00:00,1.1497,1.14989,1.1482999999999999,1.14858,2986,2,0
2025-06-11 22:00:00,1.14856,1.14863,1.14787,1.1482,2199,8,0
2025-06-11 23:00:00,1.14821,1.1489,1.14797,1.14859,1318,8,0
2025-06-12 00:00:00,1.14865,1.14879,1.14816,1.1487,522,17,0
2025-06-12 01:00:00,1.14869,1.15082,1.14868,1.15052,1733,8,0
2025-06-12 02:00:00,1.15052,1.15126,1.15039,1.15096,2470,8,0
2025-06-12 03:00:00,1.15099,1.1526,1.15012,1.15206,3616,8,0
2025-06-12 04:00:00,1.15207,1.15286,1.1514199999999999,1.15182,3777,8,0
2025-06-12 05:00:00,1.15181,1.15186,1.1506,1.1510799999999999,2740,8,0
2025-06-12 06:00:00,1.15107,1.15216,1.15097,1.15191,2583,8,0
2025-06-12 07:00:00,1.15191,1.15192,1.15117,1.15148,1956,8,0
2025-06-12 08:00:00,1.15146,1.15321,1.15105,1.15271,2655,8,0
2025-06-12 09:00:00,1.15268,1.15308,1.15109,1.15218,4320,8,0
2025-06-12 10:00:00,1.15217,1.15272,1.15054,1.15259,4407,8,0
2025-06-12 11:00:00,1.15259,1.15471,1.15225,1.1543700000000001,4347,8,0
2025-06-12 12:00:00,1.15436,1.15879,1.15399,1.15716,4265,1,0
2025-06-12 13:00:00,1.15717,1.16101,1.15664,1.15924,5145,8,0
2025-06-12 14:00:00,1.15924,1.16062,1.15835,1.15889,4464,8,0
2025-06-12 15:00:00,1.1589,1.16313,1.15877,1.16093,5646,8,0
2025-06-12 16:00:00,1.1609099999999999,1.16167,1.1579,1.15844,5176,8,0
2025-06-12 17:00:00,1.15845,1.15895,1.15785,1.15815,4562,8,0
2025-06-12 18:00:00,1.15816,1.15845,1.1567,1.15765,4591,8,0
2025-06-12 19:00:00,1.15765,1.1579,1.15664,1.15756,3779,8,0
2025-06-12 20:00:00,1.15755,1.15775,1.15632,1.15745,2606,8,0
2025-06-12 21:00:00,1.15745,1.15801,1.15694,1.15771,1957,8,0
2025-06-12 22:00:00,1.15772,1.15802,1.15743,1.15756,1849,8,0
2025-06-12 23:00:00,1.15757,1.15871,1.1575,1.15799,1281,8,0
2025-06-13 00:00:00,1.15795,1.15877,1.15706,1.15877,540,14,0
2025-06-13 01:00:00,1.1588,1.15923,1.15869,1.15891,1088,8,0
2025-06-13 02:00:00,1.15897,1.1609,1.15861,1.16085,1476,8,0
2025-06-13 03:00:00,1.16079,1.16141,1.15389,1.15582,7703,8,0
2025-06-13 04:00:00,1.15582,1.15597,1.15366,1.15479,5192,8,0
2025-06-13 05:00:00,1.15479,1.15578,1.15366,1.15445,3906,8,0
2025-06-13 06:00:00,1.15445,1.15458,1.15271,1.15366,3568,8,0
2025-06-13 07:00:00,1.15365,1.15402,1.15137,1.15247,3027,8,0
2025-06-13 08:00:00,1.15246,1.15364,1.15113,1.15284,3253,8,0
2025-06-13 09:00:00,1.15294,1.1546,1.15235,1.15416,5668,8,0
2025-06-13 10:00:00,1.15416,1.15597,1.15348,1.1535,4827,8,0
2025-06-13 11:00:00,1.15347,1.15465,1.15249,1.15282,3994,8,0
2025-06-13 12:00:00,1.15282,1.15353,1.15179,1.1522999999999999,4487,8,0
2025-06-13 13:00:00,1.1522999999999999,1.1529,1.14882,1.15041,4681,1,0
2025-06-13 14:00:00,1.15044,1.15103,1.149,1.15095,4424,8,0
2025-06-13 15:00:00,1.15094,1.15222,1.1506,1.1515900000000001,3465,0,0
2025-06-13 16:00:00,1.15155,1.15271,1.15007,1.15224,4468,8,0
2025-06-13 17:00:00,1.15221,1.15457,1.15204,1.15439,4481,8,0
2025-06-13 18:00:00,1.1544,1.15689,1.1537600000000001,1.15556,4013,8,0
2025-06-13 19:00:00,1.15557,1.1565400000000001,1.15519,1.1554,2895,8,0
2025-06-13 20:00:00,1.1554,1.1555,1.15367,1.15486,2617,8,0
2025-06-13 21:00:00,1.15486,1.15504,1.1533,1.1541,3389,8,0
2025-06-13 22:00:00,1.15406,1.15512,1.15362,1.15494,2656,8,0
2025-06-13 23:00:00,1.15494,1.15515,1.15375,1.1549,1839,8,0
2025-06-16 00:00:00,1.15272,1.1548,1.15211,1.15296,613,8,0
2025-06-16 01:00:00,1.15293,1.15471,1.15252,1.15404,4156,8,0
2025-06-16 02:00:00,1.15406,1.15412,1.1527,1.15373,2477,8,0
2025-06-16 03:00:00,1.15373,1.1546,1.15302,1.1534,3224,8,0
2025-06-16 04:00:00,1.15334,1.15436,1.1531500000000001,1.15317,3143,8,0
2025-06-16 05:00:00,1.1532,1.15356,1.15257,1.15299,2811,8,0
2025-06-16 06:00:00,1.15297,1.1534200000000001,1.15233,1.15268,2516,8,0
2025-06-16 07:00:00,1.15268,1.15366,1.15267,1.1535199999999999,1960,8,0
2025-06-16 08:00:00,1.15351,1.15618,1.15351,1.15564,2905,8,0
2025-06-16 09:00:00,1.15565,1.15753,1.15394,1.1573,4623,8,0
2025-06-16 10:00:00,1.15728,1.1586,1.15665,1.15782,4723,8,0
2025-06-16 11:00:00,1.15782,1.15842,1.15748,1.15777,3328,8,0
2025-06-16 12:00:00,1.1578,1.1584,1.15755,1.15836,2798,8,0
2025-06-16 13:00:00,1.15836,1.15852,1.1571799999999999,1.15748,2919,8,0
2025-06-16 14:00:00,1.15748,1.15833,1.15692,1.15723,2918,8,0
2025-06-16 15:00:00,1.15723,1.15842,1.15702,1.15834,3743,8,0
2025-06-16 16:00:00,1.15836,1.16043,1.15836,1.16007,4794,8,0
2025-06-16 17:00:00,1.16009,1.16141,1.15889,1.15907,5131,8,0
2025-06-16 18:00:00,1.15909,1.15943,1.15786,1.15795,3821,8,0
2025-06-16 19:00:00,1.15797,1.15856,1.15778,1.15833,2763,8,0
2025-06-16 20:00:00,1.15835,1.15844,1.15721,1.15778,2194,8,0
2025-06-16 21:00:00,1.15773,1.1581,1.15731,1.15793,2388,8,0
2025-06-16 22:00:00,1.15793,1.15794,1.15544,1.15551,2260,8,0
2025-06-16 23:00:00,1.1555,1.15628,1.15541,1.15572,1125,8,0
2025-06-17 00:00:00,1.15574,1.15647,1.15548,1.15598,1039,26,0
2025-06-17 01:00:00,1.15598,1.15618,1.15528,1.15553,2304,8,0
2025-06-17 02:00:00,1.15553,1.15614,1.15487,1.15533,2857,8,0
2025-06-17 03:00:00,1.15534,1.15539,1.15421,1.15493,3370,8,0
2025-06-17 04:00:00,1.15495,1.1559599999999999,1.15491,1.15537,2494,8,0
2025-06-17 05:00:00,1.15537,1.15604,1.15454,1.15582,2528,8,0
2025-06-17 06:00:00,1.15582,1.15635,1.15544,1.15615,3046,8,0
2025-06-17 07:00:00,1.15614,1.15668,1.1559,1.15605,2113,8,0
2025-06-17 08:00:00,1.15606,1.1565,1.15522,1.15575,2283,8,0
2025-06-17 09:00:00,1.15573,1.1571799999999999,1.15522,1.15617,3586,8,0
2025-06-17 10:00:00,1.15617,1.1562999999999999,1.1544699999999999,1.15575,4271,8,0
2025-06-17 11:00:00,1.15575,1.1559300000000001,1.15494,1.15515,3033,8,0
2025-06-17 12:00:00,1.15513,1.15604,1.15497,1.15562,3397,8,0
2025-06-17 13:00:00,1.15562,1.15684,1.15546,1.15676,2578,8,0
2025-06-17 14:00:00,1.15676,1.15731,1.15571,1.15611,3017,8,0
2025-06-17 15:00:00,1.15612,1.15795,1.15473,1.1549800000000001,4776,8,0
2025-06-17 16:00:00,1.15502,1.15689,1.155,1.15583,4652,8,0
2025-06-17 17:00:00,1.15582,1.15604,1.15101,1.15261,5372,8,0
2025-06-17 18:00:00,1.15263,1.15348,1.15181,1.15336,4147,8,0
2025-06-17 19:00:00,1.15335,1.1538599999999999,1.14983,1.15022,3764,8,0
2025-06-17 20:00:00,1.15023,1.1508099999999999,1.14777,1.1486,4675,8,0
2025-06-17 21:00:00,1.1486,1.14898,1.14744,1.1479,3727,8,0
2025-06-17 22:00:00,1.1479,1.14883,1.14765,1.1484,2799,8,0
2025-06-17 23:00:00,1.1484,1.14853,1.14741,1.14787,1792,8,0
2025-06-18 00:00:00,1.1476899999999999,1.14862,1.14696,1.14813,682,10,0
2025-06-18 01:00:00,1.14813,1.14835,1.14741,1.14745,1545,8,0
2025-06-18 02:00:00,1.1475,1.14823,1.14746,1.14813,1860,8,0
2025-06-18 03:00:00,1.14813,1.14964,1.1480299999999999,1.14919,3996,8,0
2025-06-18 04:00:00,1.14916,1.15003,1.1488800000000001,1.14964,3079,8,0
2025-06-18 05:00:00,1.14964,1.15007,1.14927,1.14973,2089,8,0
2025-06-18 06:00:00,1.14972,1.15044,1.14957,1.14993,1838,8,0
2025-06-18 07:00:00,1.14993,1.15074,1.1496,1.15052,1933,8,0
2025-06-18 08:00:00,1.1505,1.15065,1.14998,1.1503700000000001,2476,8,0
2025-06-18 09:00:00,1.1503700000000001,1.15147,1.15002,1.1509800000000001,3823,8,0
2025-06-18 10:00:00,1.15097,1.15228,1.15088,1.15127,3583,8,0
2025-06-18 11:00:00,1.15126,1.15157,1.14979,1.15016,2876,8,0
2025-06-18 12:00:00,1.15016,1.151,1.14966,1.15031,3046,8,0
2025-06-18 13:00:00,1.15031,1.15102,1.14914,1.14931,2578,8,0
2025-06-18 14:00:00,1.14929,1.1508099999999999,1.14917,1.15068,3051,8,0
2025-06-18 15:00:00,1.1507,1.15163,1.15005,1.15055,3786,8,0
2025-06-18 16:00:00,1.15052,1.15083,1.14875,1.14881,4125,8,0
2025-06-18 17:00:00,1.1488,1.15225,1.14837,1.15067,6184,8,0
2025-06-18 18:00:00,1.15067,1.15298,1.15051,1.15197,3781,8,0
2025-06-18 19:00:00,1.15199,1.15246,1.1501000000000001,1.15025,2725,8,0
2025-06-18 20:00:00,1.15026,1.15085,1.14875,1.14963,2372,8,0
2025-06-18 21:00:00,1.14971,1.15286,1.14737,1.14741,8000,8,0
2025-06-18 22:00:00,1.14747,1.14869,1.14603,1.14739,6197,8,0
2025-06-18 23:00:00,1.14729,1.14837,1.14715,1.14753,2198,8,0
2025-06-19 00:00:00,1.14738,1.14828,1.14716,1.14806,768,16,0
2025-06-19 01:00:00,1.14804,1.14885,1.1474199999999999,1.14796,1177,8,0
2025-06-19 02:00:00,1.14799,1.14812,1.14705,1.14755,2110,8,0
2025-06-19 03:00:00,1.14752,1.14831,1.14735,1.14804,3478,8,0
2025-06-19 04:00:00,1.14804,1.14815,1.14517,1.14526,3818,8,0
2025-06-19 05:00:00,1.14526,1.14575,1.14502,1.14545,2895,8,0
2025-06-19 06:00:00,1.14546,1.14677,1.1453,1.14654,2099,8,0
2025-06-19 07:00:00,1.14656,1.14688,1.14627,1.14686,1935,8,0
2025-06-19 08:00:00,1.14686,1.14687,1.14505,1.1456,2586,8,0
2025-06-19 09:00:00,1.1456,1.14672,1.14458,1.14662,4050,8,0
2025-06-19 10:00:00,1.14663,1.14765,1.14594,1.1461000000000001,4438,8,0
2025-06-19 11:00:00,1.1461000000000001,1.14786,1.14561,1.14761,4291,8,0
2025-06-19 12:00:00,1.14761,1.1479300000000001,1.14689,1.1475,3426,8,0
2025-06-19 13:00:00,1.1475,1.14787,1.14689,1.14727,3300,8,0
2025-06-19 14:00:00,1.14728,1.14869,1.1467100000000001,1.14805,3528,8,0
2025-06-19 15:00:00,1.14805,1.14857,1.1469,1.1477,3027,8,0
2025-06-19 16:00:00,1.1476899999999999,1.14841,1.14707,1.14722,3295,8,0
2025-06-19 17:00:00,1.14722,1.14802,1.14614,1.1468,3545,8,0
2025-06-19 18:00:00,1.1468,1.14716,1.14582,1.14596,2321,8,0
2025-06-19 19:00:00,1.14589,1.14609,1.14542,1.1456,1288,8,0
2025-06-19 20:00:00,1.1456,1.14825,1.1455,1.14785,1232,8,0
2025-06-19 21:00:00,1.14783,1.14865,1.14767,1.14846,997,8,0
2025-06-19 22:00:00,1.14846,1.14994,1.14838,1.14973,1158,8,0
2025-06-19 23:00:00,1.14965,1.14988,1.14897,1.149,873,8,0
2025-06-20 00:00:00,1.14872,1.14962,1.14861,1.14926,515,27,0
2025-06-20 01:00:00,1.1493,1.14996,1.14912,1.1497,1490,8,0
2025-06-20 02:00:00,1.14971,1.15121,1.14963,1.15114,2088,8,0
2025-06-20 03:00:00,1.15111,1.15233,1.15101,1.15221,3056,8,0
2025-06-20 04:00:00,1.15221,1.15225,1.15124,1.15128,3128,8,0
2025-06-20 05:00:00,1.15127,1.15212,1.15105,1.15177,2822,8,0
2025-06-20 06:00:00,1.15176,1.15297,1.15149,1.15288,2751,8,0
2025-06-20 07:00:00,1.15288,1.15317,1.15239,1.1526399999999999,2073,8,0
2025-06-20 08:00:00,1.15263,1.15284,1.15186,1.15269,2911,8,0
2025-06-20 09:00:00,1.15267,1.1529,1.15134,1.15163,4421,8,0
2025-06-20 10:00:00,1.15162,1.15189,1.15095,1.1516,3533,8,0
2025-06-20 11:00:00,1.1515900000000001,1.15261,1.15109,1.15221,2979,8,0
2025-06-20 12:00:00,1.15219,1.1528,1.1519,1.1526399999999999,2741,8,0
2025-06-20 13:00:00,1.1526399999999999,1.15344,1.15221,1.15235,2301,8,0
2025-06-20 14:00:00,1.15235,1.15255,1.15115,1.15204,3150,8,0
2025-06-20 15:00:00,1.15205,1.1526399999999999,1.15053,1.15122,4493,8,0
2025-06-20 16:00:00,1.15123,1.15208,1.15086,1.15179,3917,8,0
2025-06-20 17:00:00,1.15177,1.15188,1.14947,1.15129,4532,8,0
2025-06-20 18:00:00,1.15127,1.15283,1.15105,1.1519,4165,8,0
2025-06-20 19:00:00,1.15191,1.15365,1.15188,1.15355,2877,8,0
2025-06-20 20:00:00,1.15355,1.15434,1.15313,1.15318,2335,8,0
2025-06-20 21:00:00,1.15318,1.15366,1.15267,1.15282,1684,8,0
2025-06-20 22:00:00,1.1528100000000001,1.15314,1.1515,1.15155,2014,8,0
2025-06-20 23:00:00,1.15153,1.15224,1.15134,1.15216,1550,8,0
2025-06-23 00:00:00,1.14516,1.14728,1.14516,1.14695,739,15,0
2025-06-23 01:00:00,1.14699,1.14941,1.14699,1.14881,3578,8,0
2025-06-23 02:00:00,1.1489,1.15069,1.14855,1.1499,2607,8,0
2025-06-23 03:00:00,1.14993,1.15052,1.14804,1.14887,4264,8,0
2025-06-23 04:00:00,1.1488800000000001,1.14921,1.14719,1.14916,3720,8,0
2025-06-23 05:00:00,1.14917,1.15063,1.14916,1.14989,3094,8,0
2025-06-23 06:00:00,1.14992,1.15029,1.14917,1.14934,3069,8,0
2025-06-23 07:00:00,1.14934,1.14959,1.14848,1.14899,2500,8,0
2025-06-23 08:00:00,1.14901,1.15138,1.14901,1.15126,3081,8,0
2025-06-23 09:00:00,1.15129,1.15206,1.1503,1.15067,4207,8,0
2025-06-23 10:00:00,1.15073,1.15157,1.14905,1.14979,4666,8,0
2025-06-23 11:00:00,1.14978,1.15015,1.14798,1.14812,3789,8,0
2025-06-23 12:00:00,1.14811,1.14823,1.1453,1.14716,4782,8,0
2025-06-23 13:00:00,1.14715,1.14816,1.14589,1.14621,3917,8,0
2025-06-23 14:00:00,1.1461999999999999,1.1474199999999999,1.146,1.14721,3848,8,0
2025-06-23 15:00:00,1.14721,1.14774,1.14565,1.1467,3932,8,0
2025-06-23 16:00:00,1.1467,1.14934,1.14643,1.1489,4699,8,0
2025-06-23 17:00:00,1.14889,1.15399,1.14889,1.15303,6557,8,0
2025-06-23 18:00:00,1.15304,1.15516,1.15283,1.15369,4953,8,0
2025-06-23 19:00:00,1.1537,1.1557,1.15174,1.15443,4621,8,0
2025-06-23 20:00:00,1.15444,1.1573,1.15402,1.15688,4953,8,0
2025-06-23 21:00:00,1.15688,1.15774,1.15656,1.15738,3602,8,0
2025-06-23 22:00:00,1.15737,1.15783,1.15699,1.1578,2718,8,0
2025-06-23 23:00:00,1.15779,1.15811,1.15729,1.15731,1410,8,0
2025-06-24 00:00:00,1.15727,1.1578,1.15709,1.15758,510,22,0
2025-06-24 01:00:00,1.15758,1.16018,1.15726,1.15919,2667,0,0
2025-06-24 02:00:00,1.15924,1.16079,1.15862,1.15975,2847,8,0
2025-06-24 03:00:00,1.15975,1.16082,1.1589,1.1598600000000001,4274,8,0
2025-06-24 04:00:00,1.1598600000000001,1.1605,1.15894,1.15903,3914,8,0
2025-06-24 05:00:00,1.15903,1.1601,1.15862,1.15995,2491,8,0
2025-06-24 06:00:00,1.15997,1.16092,1.15993,1.16051,2092,8,0
2025-06-24 07:00:00,1.16054,1.16136,1.16018,1.1605699999999999,1870,8,0
2025-06-24 08:00:00,1.1605699999999999,1.16132,1.16006,1.16102,2869,8,0
2025-06-24 09:00:00,1.16102,1.16217,1.16009,1.1604700000000001,4987,8,0
2025-06-24 10:00:00,1.16046,1.161,1.15796,1.15915,5190,8,0
2025-06-24 11:00:00,1.15905,1.1599,1.1585,1.1592,4369,8,0
2025-06-24 12:00:00,1.1592,1.16176,1.15913,1.16092,3963,8,0
2025-06-24 13:00:00,1.16092,1.16092,1.1593499999999999,1.15961,2550,8,0
2025-06-24 14:00:00,1.15962,1.16146,1.1596,1.16079,3489,8,0
2025-06-24 15:00:00,1.16079,1.1610800000000001,1.15928,1.16001,3969,8,0
2025-06-24 16:00:00,1.16001,1.16025,1.15816,1.15913,4662,8,0
2025-06-24 17:00:00,1.15911,1.16412,1.159,1.16163,6564,8,0
2025-06-24 18:00:00,1.16161,1.16358,1.16061,1.16066,4843,8,0
2025-06-24 19:00:00,1.16069,1.16244,1.16046,1.16235,3410,8,0
2025-06-24 20:00:00,1.16235,1.16322,1.16219,1.16256,2481,8,0
2025-06-24 21:00:00,1.16256,1.16286,1.16195,1.16231,2380,8,0
2025-06-24 22:00:00,1.16231,1.16245,1.16116,1.16122,2035,8,0
2025-06-24 23:00:00,1.16121,1.1615,1.16068,1.16077,1526,8,0
2025-06-25 00:00:00,1.16043,1.16096,1.15977,1.16063,628,27,0
2025-06-25 01:00:00,1.16077,1.16112,1.16038,1.16072,944,8,0
2025-06-25 02:00:00,1.16072,1.16148,1.16071,1.1611799999999999,1398,8,0
2025-06-25 03:00:00,1.1611799999999999,1.16263,1.16107,1.16246,2626,8,0
2025-06-25 04:00:00,1.16247,1.16314,1.16173,1.16281,3184,8,0
2025-06-25 05:00:00,1.16283,1.16289,1.16171,1.16201,2218,8,0
2025-06-25 06:00:00,1.16201,1.16227,1.16107,1.16112,1657,8,0
2025-06-25 07:00:00,1.16112,1.16173,1.1611,1.16133,1475,8,0
2025-06-25 08:00:00,1.16132,1.16199,1.16089,1.16187,1944,8,0
2025-06-25 09:00:00,1.16184,1.1622,1.16031,1.16065,3274,8,0
2025-06-25 10:00:00,1.16066,1.16085,1.15895,1.15982,3885,8,0
2025-06-25 11:00:00,1.15983,1.1610800000000001,1.15926,1.16095,3158,8,0
2025-06-25 12:00:00,1.16093,1.16107,1.15916,1.16001,3054,8,0
2025-06-25 13:00:00,1.16001,1.16077,1.15967,1.16032,2425,8,0
2025-06-25 14:00:00,1.16032,1.16129,1.15965,1.15988,2754,8,0
2025-06-25 15:00:00,1.15985,1.1604700000000001,1.15896,1.15923,3464,8,0
2025-06-25 16:00:00,1.15923,1.16071,1.15897,1.16003,3657,8,0
2025-06-25 17:00:00,1.16001,1.1623,1.16001,1.16205,4285,8,0
2025-06-25 18:00:00,1.1620300000000001,1.16291,1.16163,1.16193,3479,8,0
2025-06-25 19:00:00,1.16193,1.16353,1.16191,1.16305,2784,8,0
2025-06-25 20:00:00,1.16306,1.16439,1.16265,1.1642000000000001,2308,8,0
2025-06-25 21:00:00,1.1642000000000001,1.16607,1.16414,1.16605,2371,8,0
2025-06-25 22:00:00,1.16607,1.16646,1.16559,1.16576,1878,8,0
2025-06-25 23:00:00,1.16578,1.16604,1.1650800000000001,1.16578,1226,8,0
2025-06-26 00:00:00,1.1655,1.16563,1.16514,1.1655,605,20,0
2025-06-26 01:00:00,1.1655,1.166,1.1655,1.16589,1272,8,0
2025-06-26 02:00:00,1.16589,1.16842,1.16589,1.16828,2381,8,0
2025-06-26 03:00:00,1.1683,1.1688399999999999,1.16797,1.16818,2216,8,0
2025-06-26 04:00:00,1.16819,1.16873,1.16671,1.16858,2334,8,0
2025-06-26 05:00:00,1.16858,1.1694499999999999,1.16819,1.16899,2255,8,0
2025-06-26 06:00:00,1.169,1.17168,1.16881,1.16941,2721,8,0
2025-06-26 07:00:00,1.16941,1.16943,1.16782,1.16794,1709,8,0
2025-06-26 08:00:00,1.16792,1.16852,1.16751,1.1684700000000001,1981,8,0
2025-06-26 09:00:00,1.1684700000000001,1.16998,1.16712,1.16988,4041,8,0
2025-06-26 10:00:00,1.16987,1.1712799999999999,1.16909,1.17097,4309,8,0
2025-06-26 11:00:00,1.17099,1.17444,1.17062,1.17272,4532,8,0
2025-06-26 12:00:00,1.17269,1.17282,1.17121,1.1724700000000001,3585,8,0
2025-06-26 13:00:00,1.1724700000000001,1.17304,1.1713,1.17143,2995,8,0
2025-06-26 14:00:00,1.17144,1.1715,1.16934,1.16942,3116,8,0
2025-06-26 15:00:00,1.16942,1.17121,1.16894,1.17062,5060,8,0
2025-06-26 16:00:00,1.17068,1.17204,1.1694,1.17165,5292,8,0
2025-06-26 17:00:00,1.17164,1.17185,1.17056,1.17078,5511,8,0
2025-06-26 18:00:00,1.17079,1.17169,1.169,1.17163,4056,8,0
2025-06-26 19:00:00,1.17163,1.17397,1.17102,1.17289,3291,8,0
2025-06-26 20:00:00,1.17289,1.17315,1.17202,1.17243,2640,8,0
2025-06-26 21:00:00,1.17242,1.17281,1.17175,1.172,2467,8,0
2025-06-26 22:00:00,1.172,1.17202,1.17036,1.17039,2175,8,0
2025-06-26 23:00:00,1.17039,1.17081,1.1693500000000001,1.16992,1422,8,0
2025-06-27 00:00:00,1.16936,1.16991,1.16869,1.16949,994,13,0
2025-06-27 01:00:00,1.16949,1.1697899999999999,1.168,1.16825,1486,8,0
2025-06-27 02:00:00,1.16826,1.16976,1.16826,1.16924,1688,8,0
2025-06-27 03:00:00,1.16928,1.16975,1.16877,1.16914,2781,8,0
2025-06-27 04:00:00,1.16912,1.17036,1.16856,1.17008,2878,8,0
2025-06-27 05:00:00,1.17009,1.1705,1.16855,1.16993,2214,8,0
2025-06-27 06:00:00,1.16993,1.1709,1.1695,1.16953,1911,8,0
2025-06-27 07:00:00,1.16954,1.16976,1.16848,1.16849,1677,8,0
2025-06-27 08:00:00,1.16855,1.1693,1.16843,1.16885,2077,8,0
2025-06-27 09:00:00,1.16885,1.17184,1.16828,1.17183,3334,8,0
2025-06-27 10:00:00,1.17183,1.17264,1.17066,1.17141,3147,8,0
2025-06-27 11:00:00,1.17143,1.17256,1.17081,1.17088,2447,8,0
2025-06-27 12:00:00,1.1709,1.17106,1.1701,1.17088,2076,8,0
2025-06-27 13:00:00,1.17088,1.1715,1.17008,1.17133,2249,8,0
2025-06-27 14:00:00,1.17135,1.17198,1.17102,1.17136,2328,8,0
2025-06-27 15:00:00,1.17136,1.17489,1.17025,1.17464,5334,8,0
2025-06-27 16:00:00,1.17464,1.17532,1.1715200000000001,1.17273,5194,8,0
2025-06-27 17:00:00,1.1727,1.17377,1.17051,1.1718,5019,8,0
2025-06-27 18:00:00,1.1718,1.17296,1.17109,1.17231,3789,8,0
2025-06-27 19:00:00,1.1723,1.17319,1.1717,1.17218,2792,8,0
2025-06-27 20:00:00,1.17218,1.17234,1.1695,1.17015,3554,8,0
2025-06-27 21:00:00,1.17014,1.17052,1.1687400000000001,1.16989,3851,8,0
2025-06-27 22:00:00,1.16988,1.17084,1.16983,1.17061,2449,8,0
2025-06-27 23:00:00,1.17061,1.17201,1.17055,1.17148,1392,8,0
2025-06-30 00:00:00,1.1728,1.17302,1.17185,1.17298,322,8,0
2025-06-30 01:00:00,1.17296,1.17324,1.1721300000000001,1.17296,1860,8,0
2025-06-30 02:00:00,1.17301,1.17381,1.17257,1.17263,1895,8,0
2025-06-30 03:00:00,1.17263,1.17279,1.17154,1.17174,2308,8,0
2025-06-30 04:00:00,1.17174,1.17342,1.17147,1.17197,2569,8,0
2025-06-30 05:00:00,1.17197,1.17309,1.17176,1.1718600000000001,2408,8,0
2025-06-30 06:00:00,1.17184,1.17214,1.17112,1.17117,1714,8,0
2025-06-30 07:00:00,1.17117,1.17314,1.17115,1.17299,1614,8,0
2025-06-30 08:00:00,1.17299,1.17378,1.17228,1.17257,2580,8,0
2025-06-30 09:00:00,1.17258,1.1750099999999999,1.17203,1.17427,3765,8,0
2025-06-30 10:00:00,1.17427,1.17428,1.17243,1.17243,3782,8,0
2025-06-30 11:00:00,1.17225,1.17299,1.17131,1.17289,4074,8,0
2025-06-30 12:00:00,1.17286,1.17325,1.17168,1.1719,2868,8,0
2025-06-30 13:00:00,1.1719,1.17243,1.1716,1.17241,2331,8,0
2025-06-30 14:00:00,1.17241,1.17311,1.17222,1.17222,2476,8,0
2025-06-30 15:00:00,1.17227,1.17248,1.17073,1.1712799999999999,2954,8,0
2025-06-30 16:00:00,1.1712799999999999,1.17209,1.17115,1.17207,3380,8,0
2025-06-30 17:00:00,1.17207,1.17503,1.17102,1.17381,5331,8,0
2025-06-30 18:00:00,1.1738,1.17712,1.1733,1.17693,4284,8,0
2025-06-30 19:00:00,1.1769,1.17696,1.17484,1.1762,3378,8,0
2025-06-30 20:00:00,1.17621,1.177,1.176,1.17654,2532,8,0
2025-06-30 21:00:00,1.17654,1.17792,1.17643,1.17752,2386,8,0
2025-06-30 22:00:00,1.17752,1.17801,1.17718,1.17792,2094,8,0
2025-06-30 23:00:00,1.17792,1.17881,1.17769,1.17862,1308,8,0
2025-07-01 00:00:00,1.17849,1.17849,1.1772,1.17793,1219,23,0
2025-07-01 01:00:00,1.17795,1.17903,1.17783,1.17852,1607,8,0
2025-07-01 02:00:00,1.17852,1.17871,1.17828,1.17858,1134,8,0
2025-07-01 03:00:00,1.17858,1.17973,1.17858,1.17969,2327,8,0
2025-07-01 04:00:00,1.17969,1.18072,1.17791,1.17799,2701,8,0
2025-07-01 05:00:00,1.17798,1.1789,1.17775,1.17876,1756,8,0
2025-07-01 06:00:00,1.17876,1.17934,1.17862,1.17888,1444,8,0
2025-07-01 07:00:00,1.17889,1.17933,1.17825,1.17858,1452,8,0
2025-07-01 08:00:00,1.17858,1.1789100000000001,1.17797,1.17861,1618,8,0
2025-07-01 09:00:00,1.1786,1.17863,1.17755,1.17786,2858,8,0
2025-07-01 10:00:00,1.17787,1.17873,1.17669,1.17854,3743,8,0
2025-07-01 11:00:00,1.17834,1.18168,1.17741,1.18039,3877,8,0
2025-07-01 12:00:00,1.18037,1.18293,1.17964,1.18132,3994,8,0
2025-07-01 13:00:00,1.18136,1.18227,1.18104,1.18109,2907,8,0
2025-07-01 14:00:00,1.18109,1.18189,1.18053,1.1813500000000001,2884,8,0
2025-07-01 15:00:00,1.18133,1.18169,1.18018,1.18033,3557,8,0
2025-07-01 16:00:00,1.18032,1.18114,1.1792799999999999,1.18012,4230,8,0
2025-07-01 17:00:00,1.18014,1.18017,1.17748,1.17793,6092,8,0
2025-07-01 18:00:00,1.17792,1.17792,1.17685,1.17753,4439,8,0
2025-07-01 19:00:00,1.17753,1.17754,1.17608,1.17649,3270,8,0
2025-07-01 20:00:00,1.1764999999999999,1.17831,1.17649,1.17823,2518,8,0
2025-07-01 21:00:00,1.17823,1.1783,1.17746,1.17803,1935,8,0
2025-07-01 22:00:00,1.17802,1.17906,1.17788,1.17904,2276,8,0
2025-07-01 23:00:00,1.17904,1.18063,1.17902,1.18052,1615,8,0
2025-07-02 00:00:00,1.18014,1.18034,1.17956,1.1803,726,21,0
2025-07-02 01:00:00,1.18027,1.18057,1.18014,1.1802,1052,8,0
2025-07-02 02:00:00,1.18022,1.18063,1.17984,1.18047,1202,8,0
2025-07-02 03:00:00,1.18045,1.18076,1.17987,1.1807,1910,8,0
2025-07-02 04:00:00,1.18071,1.18096,1.17917,1.17932,1879,8,0
2025-07-02 05:00:00,1.17932,1.1801300000000001,1.17878,1.17997,1870,8,0
2025-07-02 06:00:00,1.17999,1.18025,1.17957,1.17998,1477,8,0
2025-07-02 07:00:00,1.18,1.18007,1.1795200000000001,1.17958,1239,8,0
2025-07-02 08:00:00,1.17957,1.17977,1.17842,1.17868,1931,8,0
2025-07-02 09:00:00,1.1787,1.1793,1.1773,1.1781,2969,8,0
2025-07-02 10:00:00,1.1781,1.1783,1.17709,1.1773500000000001,3275,8,0
2025-07-02 11:00:00,1.1773500000000001,1.17809,1.17695,1.17749,3025,8,0
2025-07-02 12:00:00,1.1775,1.1777199999999999,1.17667,1.17697,2934,8,0
2025-07-02 13:00:00,1.17697,1.17803,1.17643,1.17671,2422,8,0
2025-07-02 14:00:00,1.17671,1.17707,1.17463,1.17493,3082,8,0
2025-07-02 15:00:00,1.17493,1.17878,1.1746699999999999,1.17561,6548,8,0
2025-07-02 16:00:00,1.17559,1.17771,1.17543,1.17593,5433,8,0
2025-07-02 17:00:00,1.17593,1.17702,1.17503,1.17669,4979,8,0
2025-07-02 18:00:00,1.17666,1.17893,1.17655,1.17888,3858,8,0
2025-07-02 19:00:00,1.17888,1.17932,1.17851,1.17879,2819,8,0
2025-07-02 20:00:00,1.17879,1.17996,1.17878,1.1795,2304,8,0
2025-07-02 21:00:00,1.17948,1.17995,1.17929,1.1799,2031,8,0
2025-07-02 22:00:00,1.17991,1.18028,1.1795,1.1802,1536,8,0
2025-07-02 23:00:00,1.1802,1.1802,1.17929,1.17968,1033,9,0
2025-07-03 00:00:00,1.1797,1.17987,1.17864,1.1795,776,13,0
2025-07-03 01:00:00,1.1795,1.17996,1.17932,1.17977,959,8,0
2025-07-03 02:00:00,1.1798,1.1801599999999999,1.17967,1.17981,890,8,0
2025-07-03 03:00:00,1.17982,1.1801300000000001,1.17975,1.17992,145,8,0
2025-07-03 12:00:00,1.17913,1.1794,1.1788,1.17919,2114,8,0
2025-07-03 13:00:00,1.1791800000000001,1.17995,1.17864,1.1792799999999999,2275,8,0
2025-07-03 14:00:00,1.17927,1.17963,1.17826,1.17844,2546,8,0
2025-07-03 15:00:00,1.17844,1.17893,1.17168,1.17379,6172,8,0
2025-07-03 16:00:00,1.17377,1.17789,1.17334,1.17727,5594,8,0
2025-07-03 17:00:00,1.17729,1.1789100000000001,1.17506,1.1752799999999999,5134,8,0
2025-07-03 18:00:00,1.17526,1.17657,1.17488,1.17563,3739,8,0
2025-07-03 19:00:00,1.17566,1.17574,1.17394,1.17519,2638,8,0
2025-07-03 20:00:00,1.17517,1.17576,1.17499,1.17534,1272,8,0
2025-07-03 21:00:00,1.17534,1.17559,1.17474,1.17483,1093,8,0
2025-07-03 22:00:00,1.17482,1.17519,1.17438,1.17471,908,8,0
2025-07-03 23:00:00,1.17471,1.1759,1.17458,1.17549,1147,9,0
2025-07-04 00:00:00,1.17553,1.1758,1.17503,1.17563,656,15,0
2025-07-04 01:00:00,1.17566,1.1759,1.17531,1.1758899999999999,1156,8,0
2025-07-04 02:00:00,1.1758899999999999,1.1771,1.17554,1.17686,1366,8,0
2025-07-04 03:00:00,1.17687,1.17704,1.1763,1.17664,2038,0,0
2025-07-04 04:00:00,1.17666,1.17673,1.17641,1.17653,183,0,0
2025-07-04 10:00:00,1.1775,1.1777,1.1767,1.17693,1819,8,0
2025-07-04 11:00:00,1.17693,1.17771,1.17677,1.1774,3133,8,0
2025-07-04 12:00:00,1.17736,1.17816,1.17714,1.17779,2734,8,0
2025-07-04 13:00:00,1.17777,1.17803,1.1774499999999999,1.17773,2551,8,0
2025-07-04 14:00:00,1.17774,1.17815,1.17679,1.1768399999999999,1566,8,0
2025-07-04 15:00:00,1.17686,1.17713,1.17634,1.17661,2400,8,0
2025-07-04 16:00:00,1.17661,1.17803,1.17658,1.1779,2179,8,0
2025-07-04 17:00:00,1.17791,1.17869,1.17747,1.1778,2483,8,0
2025-07-04 18:00:00,1.17777,1.1784,1.17754,1.17782,1903,8,0
2025-07-04 19:00:00,1.17782,1.17811,1.17732,1.1774,1170,9,0
2025-07-04 20:00:00,1.1774,1.1777,1.17716,1.1775,2718,8,0
2025-07-04 21:00:00,1.1775,1.17788,1.17736,1.17784,2196,8,0
2025-07-04 22:00:00,1.17784,1.17793,1.17722,1.17746,2966,8,0
2025-07-04 23:00:00,1.17738,1.17822,1.17659,1.17663,3504,8,0
2025-07-07 00:00:00,1.17804,1.17822,1.17742,1.1778,417,23,0
2025-07-07 01:00:00,1.17804,1.17814,1.17728,1.17794,1314,8,0
2025-07-07 02:00:00,1.17802,1.17817,1.17747,1.17797,1291,8,0
2025-07-07 03:00:00,1.17798,1.17897,1.17783,1.17794,2330,8,0
2025-07-07 04:00:00,1.17793,1.17801,1.17695,1.17714,2030,8,0
2025-07-07 05:00:00,1.17714,1.17748,1.17643,1.17669,1983,8,0
2025-07-07 06:00:00,1.1767,1.17738,1.17659,1.17686,1658,8,0
2025-07-07 07:00:00,1.17686,1.17719,1.17635,1.17654,1592,8,0
2025-07-07 08:00:00,1.17655,1.17733,1.17631,1.17709,1973,8,0
2025-07-07 09:00:00,1.17707,1.17729,1.17496,1.17553,2993,8,0
2025-07-07 10:00:00,1.17555,1.1758,1.17448,1.17451,3469,8,0
2025-07-07 11:00:00,1.1745,1.17468,1.1723,1.17238,3030,8,0
2025-07-07 12:00:00,1.17238,1.17341,1.17216,1.17334,2832,8,0
2025-07-07 13:00:00,1.17334,1.17355,1.17226,1.17271,2619,8,0
2025-07-07 14:00:00,1.17271,1.17336,1.17246,1.17291,2345,8,0
2025-07-07 15:00:00,1.1729,1.17306,1.17175,1.1722,2852,8,0
2025-07-07 16:00:00,1.17217,1.17404,1.17215,1.17346,3272,8,0
2025-07-07 17:00:00,1.17346,1.17449,1.17324,1.17382,3193,8,0
2025-07-07 18:00:00,1.17384,1.17399,1.17298,1.17323,2845,8,0
2025-07-07 19:00:00,1.17326,1.1739,1.16868,1.16938,4245,8,0
2025-07-07 20:00:00,1.1694,1.17133,1.16863,1.17063,3752,8,0
2025-07-07 21:00:00,1.17062,1.17192,1.16996,1.17183,2724,8,0
2025-07-07 22:00:00,1.17182,1.17232,1.17157,1.1718899999999999,1971,8,0
2025-07-07 23:00:00,1.1718899999999999,1.17207,1.17053,1.1706699999999999,1011,8,0
2025-07-08 00:00:00,1.17047,1.17086,1.17047,1.17075,667,24,0
2025-07-08 01:00:00,1.17075,1.1737,1.17074,1.17349,1278,8,0
2025-07-08 02:00:00,1.17349,1.17383,1.17311,1.17361,1446,8,0
2025-07-08 03:00:00,1.17361,1.17472,1.17361,1.1743000000000001,2550,8,0
2025-07-08 04:00:00,1.17429,1.1743999999999999,1.17304,1.17377,2183,8,0
2025-07-08 05:00:00,1.17377,1.17481,1.17356,1.17379,1758,8,0
2025-07-08 06:00:00,1.17379,1.17481,1.17366,1.17463,1754,8,0
2025-07-08 07:00:00,1.17463,1.17493,1.17401,1.1741,2058,8,0
2025-07-08 08:00:00,1.17409,1.17442,1.17332,1.17342,2143,8,0
2025-07-08 09:00:00,1.17343,1.17443,1.17312,1.17412,3052,8,0
2025-07-08 10:00:00,1.17411,1.17646,1.17411,1.17596,3445,8,0
2025-07-08 11:00:00,1.17595,1.17598,1.17472,1.17484,3168,8,0
2025-07-08 12:00:00,1.17483,1.175,1.17385,1.17415,2395,8,0
2025-07-08 13:00:00,1.17415,1.17417,1.17228,1.17277,2335,8,0
2025-07-08 14:00:00,1.17276,1.1738,1.17209,1.17212,2586,8,0
2025-07-08 15:00:00,1.17212,1.1724,1.17134,1.17205,3120,8,0
2025-07-08 16:00:00,1.17205,1.17217,1.16933,1.17046,3868,8,0
2025-07-08 17:00:00,1.17045,1.1706,1.16821,1.16916,4162,8,0
2025-07-08 18:00:00,1.1692,1.1712,1.16893,1.17062,3345,8,0
2025-07-08 19:00:00,1.17061,1.17127,1.16959,1.17082,3659,8,0
2025-07-08 20:00:00,1.17081,1.17253,1.17071,1.17237,3666,8,0
2025-07-08 21:00:00,1.17239,1.17281,1.17177,1.17248,2488,8,0
2025-07-08 22:00:00,1.17258,1.17291,1.1719,1.1724,2039,8,0
2025-07-08 23:00:00,1.17231,1.1728399999999999,1.17221,1.17238,963,8,0
2025-07-09 00:00:00,1.17227,1.17227,1.17146,1.1718,528,28,0
2025-07-09 01:00:00,1.1718,1.17288,1.1718,1.17283,914,10,0
2025-07-09 02:00:00,1.17287,1.17287,1.17214,1.17229,1078,8,0
2025-07-09 03:00:00,1.1723,1.17254,1.17173,1.1724,2065,8,0
2025-07-09 04:00:00,1.1724,1.17253,1.17164,1.17199,2274,8,0
2025-07-09 05:00:00,1.17199,1.17248,1.17045,1.17108,2217,8,0
2025-07-09 06:00:00,1.17108,1.17111,1.17025,1.17034,1972,8,0
2025-07-09 07:00:00,1.17033,1.17131,1.1701,1.1712,1818,8,0
2025-07-09 08:00:00,1.1712,1.17208,1.17104,1.17161,2015,8,0
2025-07-09 09:00:00,1.17163,1.17279,1.17117,1.17253,3019,8,0
2025-07-09 10:00:00,1.17254,1.17279,1.17039,1.17071,3601,8,0
2025-07-09 11:00:00,1.17069,1.17196,1.17019,1.1712799999999999,3071,8,0
2025-07-09 12:00:00,1.1712799999999999,1.17193,1.17069,1.1713,2698,8,0
2025-07-09 13:00:00,1.17129,1.17171,1.17013,1.17016,2512,8,0
2025-07-09 14:00:00,1.17015,1.1706,1.16891,1.16905,2378,8,0
2025-07-09 15:00:00,1.16907,1.17164,1.16907,1.17148,3751,8,0
2025-07-09 16:00:00,1.17148,1.1722,1.17,1.17028,3950,8,0
2025-07-09 17:00:00,1.17028,1.17243,1.17024,1.17144,4225,8,0
2025-07-09 18:00:00,1.17143,1.17158,1.17045,1.17056,2658,8,0
2025-07-09 19:00:00,1.17056,1.17086,1.17002,1.17046,1869,8,0
2025-07-09 20:00:00,1.17041,1.17104,1.17034,1.17082,1752,8,0
2025-07-09 21:00:00,1.17087,1.17173,1.17047,1.17127,2036,8,0
2025-07-09 22:00:00,1.17132,1.17228,1.17123,1.17184,1727,8,0
2025-07-09 23:00:00,1.17184,1.17232,1.17112,1.1717,1379,8,0
2025-07-10 00:00:00,1.17157,1.17215,1.17071,1.1721,654,17,0
2025-07-10 01:00:00,1.17212,1.1724700000000001,1.17212,1.17238,755,8,0
2025-07-10 02:00:00,1.1724,1.1739,1.1722299999999999,1.17374,912,8,0
2025-07-10 03:00:00,1.17374,1.1749100000000001,1.17351,1.17433,2488,8,0
2025-07-10 04:00:00,1.17433,1.17439,1.17374,1.17402,1655,8,0
2025-07-10 05:00:00,1.17402,1.1743999999999999,1.1736900000000001,1.17386,1709,8,0
2025-07-10 06:00:00,1.17385,1.17394,1.17334,1.17336,1266,8,0
2025-07-10 07:00:00,1.17333,1.17353,1.17299,1.17344,1053,8,0
2025-07-10 08:00:00,1.17344,1.17404,1.17342,1.17385,1597,8,0
2025-07-10 09:00:00,1.17385,1.17428,1.1729,1.17323,2739,8,0
2025-07-10 10:00:00,1.17322,1.17374,1.17257,1.17326,2967,8,0
2025-07-10 11:00:00,1.17326,1.17337,1.17255,1.17272,2181,8,0
2025-07-10 12:00:00,1.17271,1.17338,1.17271,1.17304,1950,8,0
2025-07-10 13:00:00,1.17305,1.1733500000000001,1.17271,1.17278,1744,8,0
2025-07-10 14:00:00,1.17278,1.17289,1.17075,1.1711,2579,8,0
2025-07-10 15:00:00,1.17115,1.17134,1.17014,1.1706,3347,8,0
2025-07-10 16:00:00,1.17057,1.17141,1.1686,1.16921,3864,8,0
2025-07-10 17:00:00,1.16921,1.16932,1.16621,1.16794,5349,8,0
2025-07-10 18:00:00,1.16794,1.1688,1.16736,1.16868,3462,8,0
2025-07-10 19:00:00,1.16869,1.16899,1.16818,1.16848,2592,8,0
2025-07-10 20:00:00,1.16849,1.1690800000000001,1.16811,1.16887,1924,8,0
2025-07-10 21:00:00,1.16885,1.16943,1.16873,1.16917,1868,8,0
2025-07-10 22:00:00,1.1691799999999999,1.16985,1.16894,1.16951,1687,8,0
2025-07-10 23:00:00,1.1695,1.1700599999999999,1.1694,1.16994,1091,8,0
2025-07-11 00:00:00,1.16981,1.17036,1.1693500000000001,1.1703000000000001,677,8,0
2025-07-11 01:00:00,1.17028,1.1706699999999999,1.17017,1.17052,1611,8,0
2025-07-11 02:00:00,1.17052,1.17055,1.16993,1.17013,835,9,0
2025-07-11 03:00:00,1.17014,1.17042,1.16642,1.16742,4662,8,0
2025-07-11 04:00:00,1.16741,1.16853,1.16683,1.16748,3436,8,0
2025-07-11 05:00:00,1.16748,1.16776,1.16703,1.16706,2357,8,0
2025-07-11 06:00:00,1.16707,1.16839,1.16695,1.16812,1854,8,0
2025-07-11 07:00:00,1.16811,1.1682299999999999,1.16688,1.16758,1777,8,0
2025-07-11 08:00:00,1.16758,1.16835,1.16746,1.16775,2118,8,0
2025-07-11 09:00:00,1.16775,1.16843,1.167,1.16743,3666,8,0
2025-07-11 10:00:00,1.16754,1.16954,1.16754,1.1688399999999999,3345,8,0
2025-07-11 11:00:00,1.16885,1.1691799999999999,1.16792,1.16815,3057,8,0
2025-07-11 12:00:00,1.16815,1.16949,1.16808,1.1694499999999999,2636,8,0
2025-07-11 13:00:00,1.1694499999999999,1.16962,1.16871,1.1692,2635,8,0
2025-07-11 14:00:00,1.16922,1.17005,1.16858,1.16873,2982,8,0
2025-07-11 15:00:00,1.16873,1.16995,1.1682,1.1688,3364,8,0
2025-07-11 16:00:00,1.16881,1.17136,1.16862,1.16882,4115,8,0
2025-07-11 17:00:00,1.16881,1.16939,1.16736,1.16916,4098,8,0
2025-07-11 18:00:00,1.16914,1.17037,1.16888,1.16956,3071,8,0
2025-07-11 19:00:00,1.16956,1.16974,1.16883,1.16909,2809,8,0
2025-07-11 20:00:00,1.1691,1.16943,1.1686,1.16928,1886,8,0
2025-07-11 21:00:00,1.16928,1.16953,1.16877,1.16879,2236,8,0
2025-07-11 22:00:00,1.16885,1.16915,1.16852,1.16875,2104,8,0
2025-07-11 23:00:00,1.16875,1.1693500000000001,1.16783,1.16882,1774,8,0
2025-07-14 00:00:00,1.1659,1.16738,1.1659,1.16682,693,8,0
2025-07-14 01:00:00,1.16681,1.16844,1.16627,1.16641,2431,8,0
2025-07-14 02:00:00,1.16641,1.1682299999999999,1.16629,1.16821,1925,8,0
2025-07-14 03:00:00,1.16821,1.16936,1.1681300000000001,1.16929,2223,8,0
2025-07-14 04:00:00,1.16929,1.16973,1.16837,1.16841,2020,8,0
2025-07-14 05:00:00,1.1684,1.16897,1.16723,1.16738,1782,8,0
2025-07-14 06:00:00,1.1674,1.16845,1.16728,1.16806,1699,8,0
2025-07-14 07:00:00,1.16805,1.16814,1.16743,1.16743,1678,9,0
2025-07-14 08:00:00,1.16743,1.1678,1.16644,1.1669,2041,8,0
2025-07-14 09:00:00,1.1669100000000001,1.16697,1.16538,1.16631,2746,8,0
2025-07-14 10:00:00,1.16634,1.1687,1.16624,1.16852,3192,8,0
2025-07-14 11:00:00,1.16852,1.16883,1.1679599999999999,1.1682,2526,8,0
2025-07-14 12:00:00,1.1682,1.16914,1.1679,1.1690800000000001,2399,8,0
2025-07-14 13:00:00,1.16907,1.1694499999999999,1.16876,1.16943,1993,8,0
2025-07-14 14:00:00,1.16943,1.16966,1.16859,1.16882,2604,8,0
2025-07-14 15:00:00,1.1688,1.16913,1.16795,1.16851,2492,8,0
2025-07-14 16:00:00,1.16849,1.1686,1.16741,1.16815,3188,8,0
2025-07-14 17:00:00,1.16815,1.16937,1.1678,1.16828,3270,8,0
2025-07-14 18:00:00,1.16828,1.16956,1.16666,1.16706,3291,8,0
2025-07-14 19:00:00,1.16706,1.1675,1.16596,1.16619,3041,8,0
2025-07-14 20:00:00,1.16619,1.16663,1.16586,1.16621,1817,8,0
2025-07-14 21:00:00,1.16622,1.16724,1.16622,1.16697,1804,8,0
2025-07-14 22:00:00,1.16697,1.16713,1.16642,1.16676,1413,8,0
2025-07-14 23:00:00,1.16676,1.16686,1.16618,1.16636,1356,10,0
2025-07-15 00:00:00,1.16627,1.16652,1.16596,1.16633,489,20,0
2025-07-15 01:00:00,1.16633,1.16672,1.16633,1.1666,762,9,0
2025-07-15 02:00:00,1.1666,1.1666400000000001,1.16601,1.16648,823,8,0
2025-07-15 03:00:00,1.1665,1.16768,1.16643,1.16718,1779,8,0
2025-07-15 04:00:00,1.16718,1.16741,1.16655,1.16685,1637,8,0
2025-07-15 05:00:00,1.1669,1.16744,1.16649,1.1674,1703,8,0
2025-07-15 06:00:00,1.1674,1.16771,1.16726,1.16754,1217,8,0
2025-07-15 07:00:00,1.16755,1.1679599999999999,1.16734,1.16754,939,8,0
2025-07-15 08:00:00,1.16754,1.1685699999999999,1.16751,1.16852,1286,8,0
2025-07-15 09:00:00,1.16851,1.16875,1.16748,1.16778,2911,8,0
2025-07-15 10:00:00,1.16778,1.16921,1.16708,1.169,3600,8,0
2025-07-15 11:00:00,1.16899,1.16907,1.1681300000000001,1.16863,2391,8,0
2025-07-15 12:00:00,1.16864,1.16906,1.16808,1.16845,2273,8,0
2025-07-15 13:00:00,1.16845,1.16869,1.16757,1.16832,1894,8,0
2025-07-15 14:00:00,1.16832,1.16841,1.16672,1.1669100000000001,2449,8,0
2025-07-15 15:00:00,1.1669100000000001,1.16905,1.16618,1.16776,4724,8,0
2025-07-15 16:00:00,1.16775,1.1678600000000001,1.16389,1.16426,5797,8,0
2025-07-15 17:00:00,1.16427,1.16436,1.16148,1.1617899999999999,5713,8,0
2025-07-15 18:00:00,1.1618,1.16181,1.16003,1.16174,4149,8,0
2025-07-15 19:00:00,1.16175,1.16198,1.15933,1.15956,3117,8,0
2025-07-15 20:00:00,1.15957,1.16005,1.15924,1.15962,2121,8,0
2025-07-15 21:00:00,1.15962,1.16039,1.15949,1.16027,1396,8,0
2025-07-15 22:00:00,1.16028,1.16029,1.1598600000000001,1.16004,188,0,0
2025-07-15 23:00:00,1.16004,1.16035,1.15976,1.16018,204,0,0
2025-07-16 00:00:00,1.15954,1.15997,1.15951,1.15985,258,21,0
2025-07-16 01:00:00,1.15984,1.16039,1.15975,1.16037,790,10,0
2025-07-16 02:00:00,1.16037,1.16074,1.16024,1.16067,870,8,0
2025-07-16 03:00:00,1.16068,1.16128,1.16019,1.16073,1854,8,0
2025-07-16 04:00:00,1.16074,1.16148,1.1606,1.16132,1933,8,0
2025-07-16 05:00:00,1.16132,1.16132,1.16067,1.16097,1400,8,0
2025-07-16 06:00:00,1.16098,1.1615,1.16056,1.16104,1257,8,0
2025-07-16 07:00:00,1.1610800000000001,1.16193,1.16097,1.16191,1209,8,0
2025-07-16 08:00:00,1.16191,1.16202,1.1614200000000001,1.162,1536,8,0
2025-07-16 09:00:00,1.16198,1.16273,1.1617899999999999,1.16271,2749,8,0
2025-07-16 10:00:00,1.16272,1.16279,1.16122,1.16181,2850,8,0
2025-07-16 11:00:00,1.1618,1.16254,1.16174,1.16249,2457,8,0
2025-07-16 12:00:00,1.16248,1.16257,1.16127,1.1615,2346,8,0
2025-07-16 13:00:00,1.1615,1.16183,1.16087,1.16167,1934,8,0
2025-07-16 14:00:00,1.16167,1.16205,1.16003,1.16027,2372,8,0
2025-07-16 15:00:00,1.16029,1.16127,1.15926,1.15981,4393,0,0
2025-07-16 16:00:00,1.15981,1.16025,1.15625,1.15719,4898,8,0
2025-07-16 17:00:00,1.1572,1.16056,1.1562000000000001,1.15922,4557,8,0
2025-07-16 18:00:00,1.15922,1.17207,1.15918,1.16289,9852,8,0
2025-07-16 19:00:00,1.16284,1.16556,1.1615,1.16385,6368,8,0
2025-07-16 20:00:00,1.1638600000000001,1.16581,1.16358,1.16408,3819,8,0
2025-07-16 21:00:00,1.1641,1.16435,1.16269,1.16275,2718,8,0
2025-07-16 22:00:00,1.16275,1.16367,1.16201,1.16354,2220,8,0
2025-07-16 23:00:00,1.16354,1.16422,1.16316,1.16331,2051,8,0
2025-07-17 00:00:00,1.16291,1.164,1.16288,1.1634,716,8,0
2025-07-17 01:00:00,1.16344,1.16421,1.1634,1.16358,1125,8,0
2025-07-17 02:00:00,1.1636,1.16394,1.16329,1.16349,1014,8,0
2025-07-17 03:00:00,1.1635,1.16355,1.16168,1.16233,1903,8,0
2025-07-17 04:00:00,1.16235,1.16283,1.16132,1.16273,2394,8,0
2025-07-17 05:00:00,1.16273,1.16273,1.16162,1.16176,1790,8,0
2025-07-17 06:00:00,1.16176,1.16189,1.16134,1.16185,1421,8,0
2025-07-17 07:00:00,1.16185,1.16238,1.16154,1.16237,1138,8,0
2025-07-17 08:00:00,1.16237,1.16268,1.16162,1.16164,1440,8,0
2025-07-17 09:00:00,1.16162,1.1617,1.15729,1.15826,4024,8,0
2025-07-17 10:00:00,1.15829,1.15961,1.15735,1.15901,3370,8,0
2025-07-17 11:00:00,1.159,1.1604700000000001,1.15891,1.16009,2153,8,0
2025-07-17 12:00:00,1.16012,1.16042,1.15884,1.15903,1819,8,0
2025-07-17 13:00:00,1.15903,1.15907,1.1583,1.15854,1558,8,0
2025-07-17 14:00:00,1.15854,1.15894,1.15698,1.15739,1929,8,0
2025-07-17 15:00:00,1.15738,1.15921,1.15563,1.15867,4172,8,0
2025-07-17 16:00:00,1.15866,1.1598,1.15796,1.15857,4138,8,0
2025-07-17 17:00:00,1.15857,1.15922,1.15774,1.15873,3957,8,0
2025-07-17 18:00:00,1.15871,1.1602000000000001,1.15849,1.15957,3131,8,0
2025-07-17 19:00:00,1.15961,1.16015,1.15828,1.15856,2253,8,0
2025-07-17 20:00:00,1.15856,1.15901,1.15818,1.15846,2192,8,0
2025-07-17 21:00:00,1.15845,1.15875,1.15793,1.15839,1931,8,0
2025-07-17 22:00:00,1.15838,1.15992,1.1583700000000001,1.1597,1700,8,0
2025-07-17 23:00:00,1.1596899999999999,1.1599599999999999,1.15926,1.15943,1260,8,0
2025-07-18 00:00:00,1.15934,1.1598600000000001,1.15896,1.15982,537,9,0
2025-07-18 01:00:00,1.15981,1.16187,1.15978,1.16163,1326,8,0
2025-07-18 02:00:00,1.1616900000000001,1.16192,1.1614200000000001,1.16145,992,8,0
2025-07-18 03:00:00,1.16146,1.1627,1.1614,1.16241,2048,8,0
2025-07-18 04:00:00,1.16242,1.16337,1.16196,1.16284,2097,8,0
2025-07-18 05:00:00,1.16282,1.16307,1.16238,1.16286,1603,8,0
2025-07-18 06:00:00,1.16286,1.16312,1.16216,1.16234,1572,8,0
2025-07-18 07:00:00,1.16233,1.16236,1.1617899999999999,1.16187,1227,8,0
2025-07-18 08:00:00,1.16185,1.162,1.16119,1.16165,1524,8,0
2025-07-18 09:00:00,1.16166,1.1622,1.16115,1.16198,2465,8,0
2025-07-18 10:00:00,1.16202,1.16306,1.16194,1.16284,2438,8,0
2025-07-18 11:00:00,1.16285,1.16451,1.16275,1.1635,2671,8,0
2025-07-18 12:00:00,1.1635,1.16426,1.16328,1.1633,2149,8,0
2025-07-18 13:00:00,1.1633,1.16415,1.16316,1.16395,2095,8,0
2025-07-18 14:00:00,1.16395,1.16475,1.16391,1.16439,2349,8,0
2025-07-18 15:00:00,1.16439,1.1657899999999999,1.16426,1.16557,3178,8,0
2025-07-18 16:00:00,1.16557,1.16672,1.16475,1.16655,3760,8,0
2025-07-18 17:00:00,1.16683,1.16715,1.16441,1.16472,4236,8,0
2025-07-18 18:00:00,1.16474,1.16572,1.1642000000000001,1.16441,3069,8,0
2025-07-18 19:00:00,1.16442,1.16482,1.1626,1.16281,2897,8,0
2025-07-18 20:00:00,1.16281,1.16292,1.16174,1.1626400000000001,2014,8,0
2025-07-18 21:00:00,1.16265,1.16275,1.16188,1.16211,1766,8,0
2025-07-18 22:00:00,1.16211,1.16225,1.16166,1.16218,1812,8,0
2025-07-18 23:00:00,1.16215,1.16269,1.16188,1.16242,1602,8,0
2025-07-21 00:00:00,1.16223,1.1636,1.16193,1.16348,726,11,0
2025-07-21 01:00:00,1.16348,1.16349,1.16218,1.16256,4877,8,0
2025-07-21 02:00:00,1.16257,1.16312,1.16241,1.16291,1020,9,0
2025-07-21 03:00:00,1.16291,1.16357,1.16183,1.16185,1809,2,0
2025-07-21 04:00:00,1.16185,1.16248,1.1615199999999999,1.16168,1949,8,0
2025-07-21 05:00:00,1.16168,1.16237,1.16141,1.1621299999999999,1434,8,0
2025-07-21 06:00:00,1.1621299999999999,1.16251,1.16195,1.16248,1273,8,0
2025-07-21 07:00:00,1.16248,1.16296,1.16223,1.16287,1171,8,0
2025-07-21 08:00:00,1.16287,1.1635,1.16272,1.1633,1431,8,0
2025-07-21 09:00:00,1.16329,1.1642299999999999,1.16287,1.16408,2708,8,0
2025-07-21 10:00:00,1.16411,1.16467,1.16351,1.1643,2659,8,0
2025-07-21 11:00:00,1.1643,1.16516,1.1635900000000001,1.16417,2529,8,0
2025-07-21 12:00:00,1.16417,1.1648,1.16381,1.16442,1876,8,0
2025-07-21 13:00:00,1.16444,1.16456,1.16331,1.1645,2084,8,0
2025-07-21 14:00:00,1.16449,1.16693,1.16439,1.16671,2317,8,0
2025-07-21 15:00:00,1.1667,1.16728,1.16621,1.16646,2693,8,0
2025-07-21 16:00:00,1.16646,1.16649,1.16575,1.16642,2648,8,0
2025-07-21 17:00:00,1.16643,1.1697899999999999,1.16635,1.16963,3960,8,0
2025-07-21 18:00:00,1.16958,1.1716199999999999,1.16953,1.17042,3292,8,0
2025-07-21 19:00:00,1.17042,1.17053,1.16949,1.16996,2745,8,0
2025-07-21 20:00:00,1.16996,1.1701,1.16855,1.16902,1876,8,0
2025-07-21 21:00:00,1.16902,1.16947,1.16864,1.16933,1595,8,0
2025-07-21 22:00:00,1.16933,1.16955,1.16887,1.16888,1555,8,0
2025-07-21 23:00:00,1.1689,1.1696,1.16872,1.16872,1462,9,0
2025-07-22 00:00:00,1.16873,1.16931,1.16844,1.16925,713,15,0
2025-07-22 01:00:00,1.16925,1.16944,1.1690800000000001,1.16941,895,8,0
2025-07-22 02:00:00,1.16941,1.16954,1.16898,1.16943,999,8,0
2025-07-22 03:00:00,1.1694499999999999,1.16949,1.16831,1.16879,1459,8,0
2025-07-22 04:00:00,1.16879,1.169,1.16821,1.16876,1206,8,0
2025-07-22 05:00:00,1.16877,1.16951,1.16876,1.16902,1014,8,0
2025-07-22 06:00:00,1.16902,1.16906,1.16846,1.16867,971,8,0
2025-07-22 07:00:00,1.16867,1.1694,1.16856,1.16878,850,8,0
2025-07-22 08:00:00,1.16878,1.16917,1.16825,1.16867,1364,8,0
2025-07-22 09:00:00,1.16866,1.16915,1.16837,1.16903,1969,8,0
2025-07-22 10:00:00,1.16903,1.16917,1.1681300000000001,1.16856,2147,8,0
2025-07-22 11:00:00,1.1685699999999999,1.17029,1.16834,1.1698,2465,8,0
2025-07-22 12:00:00,1.1697899999999999,1.17064,1.16929,1.17049,1786,8,0
2025-07-22 13:00:00,1.1705,1.17087,1.16993,1.17014,1696,8,0
2025-07-22 14:00:00,1.17014,1.17033,1.16939,1.17009,1938,8,0
2025-07-22 15:00:00,1.17008,1.17043,1.16825,1.169,2568,8,0
2025-07-22 16:00:00,1.169,1.1703999999999999,1.16783,1.17038,3588,8,0
2025-07-22 17:00:00,1.17038,1.17261,1.16905,1.17218,4205,8,0
2025-07-22 18:00:00,1.17219,1.17487,1.17143,1.17474,3783,8,0
2025-07-22 19:00:00,1.17479,1.176,1.17442,1.17545,2727,8,0
2025-07-22 20:00:00,1.17547,1.17549,1.17428,1.17453,1634,8,0
2025-07-22 21:00:00,1.17453,1.17478,1.17415,1.17473,1315,8,0
2025-07-22 22:00:00,1.17472,1.17521,1.17444,1.17509,1161,8,0
2025-07-22 23:00:00,1.17509,1.17544,1.17445,1.17531,1186,8,0
2025-07-23 00:00:00,1.17522,1.17536,1.17466,1.1747,1144,18,0
2025-07-23 01:00:00,1.17462,1.17505,1.17446,1.17475,710,9,0
2025-07-23 02:00:00,1.17476,1.17554,1.1736,1.17375,1740,8,0
2025-07-23 03:00:00,1.17372,1.17474,1.17331,1.17466,2694,8,0
2025-07-23 04:00:00,1.17469,1.17483,1.17301,1.17365,2278,8,0
2025-07-23 05:00:00,1.17365,1.17413,1.17323,1.17342,2273,8,0
2025-07-23 06:00:00,1.17343,1.17456,1.1733500000000001,1.17386,1655,8,0
2025-07-23 07:00:00,1.17387,1.17393,1.17317,1.17343,1211,8,0
2025-07-23 08:00:00,1.17343,1.17371,1.17268,1.17298,1675,8,0
2025-07-23 09:00:00,1.17299,1.17423,1.17297,1.17418,2559,8,0
2025-07-23 10:00:00,1.17414,1.17523,1.17334,1.17413,3036,8,0
2025-07-23 11:00:00,1.17413,1.17475,1.17303,1.17322,2582,8,0
2025-07-23 12:00:00,1.17322,1.17389,1.17298,1.17353,2017,8,0
2025-07-23 13:00:00,1.17352,1.17359,1.17226,1.17254,2305,8,0
2025-07-23 14:00:00,1.17254,1.17307,1.1723,1.17251,2538,8,0
2025-07-23 15:00:00,1.17252,1.17323,1.17197,1.17245,2344,8,0
2025-07-23 16:00:00,1.17244,1.17298,1.17104,1.17256,3465,8,0
2025-07-23 17:00:00,1.17259,1.17373,1.17228,1.17331,3402,8,0
2025-07-23 18:00:00,1.17331,1.17575,1.17212,1.17463,3407,1,0
2025-07-23 19:00:00,1.17462,1.17602,1.17427,1.17506,4357,8,0
2025-07-23 20:00:00,1.17507,1.17644,1.17451,1.17593,3090,8,0
2025-07-23 21:00:00,1.17593,1.17734,1.17588,1.17707,2204,8,0
2025-07-23 22:00:00,1.17707,1.17744,1.17675,1.17726,1891,8,0
2025-07-23 23:00:00,1.17727,1.17747,1.17653,1.17665,2040,8,0
2025-07-24 00:00:00,1.17648,1.17734,1.17621,1.17669,764,8,0
2025-07-24 01:00:00,1.17683,1.17742,1.1767400000000001,1.17728,764,8,0
2025-07-24 02:00:00,1.17728,1.17781,1.17723,1.17728,855,8,0
2025-07-24 03:00:00,1.17725,1.1773,1.17616,1.1767,1688,2,0
2025-07-24 04:00:00,1.17668,1.1779,1.17664,1.17744,2035,8,0
2025-07-24 05:00:00,1.17744,1.1778,1.17705,1.17763,1422,8,0
2025-07-24 06:00:00,1.17763,1.17795,1.17734,1.1774499999999999,1267,8,0
2025-07-24 07:00:00,1.1774499999999999,1.17773,1.17725,1.17736,1048,8,0
2025-07-24 08:00:00,1.1773500000000001,1.17776,1.177,1.17705,1405,8,0
2025-07-24 09:00:00,1.17705,1.17724,1.17569,1.17575,2114,1,0
2025-07-24 10:00:00,1.17575,1.17689,1.17546,1.17602,2578,8,0
2025-07-24 11:00:00,1.17602,1.17676,1.17551,1.17575,2327,8,0
2025-07-24 12:00:00,1.17575,1.17588,1.17461,1.17517,2042,8,0
2025-07-24 13:00:00,1.1751800000000001,1.17541,1.17429,1.17484,1724,8,0
2025-07-24 14:00:00,1.17486,1.17559,1.17452,1.17553,1956,8,0
2025-07-24 15:00:00,1.17555,1.17581,1.17316,1.17355,3712,8,0
2025-07-24 16:00:00,1.17356,1.1776200000000001,1.17302,1.17714,5292,8,0
2025-07-24 17:00:00,1.17713,1.17883,1.17611,1.17663,4495,8,0
2025-07-24 18:00:00,1.17664,1.17778,1.17548,1.17642,3442,8,0
2025-07-24 19:00:00,1.17644,1.1772,1.17566,1.1762,2486,8,0
2025-07-24 20:00:00,1.17622,1.17777,1.17599,1.17694,1741,8,0
2025-07-24 21:00:00,1.17693,1.17704,1.17618,1.17652,1530,8,0
2025-07-24 22:00:00,1.17653,1.17695,1.17576,1.17577,1568,8,0
2025-07-24 23:00:00,1.17581,1.17597,1.17445,1.17469,2188,8,0
2025-07-25 00:00:00,1.17507,1.17507,1.17327,1.17451,765,9,0
2025-07-25 01:00:00,1.1745,1.17525,1.17439,1.17513,821,8,0
2025-07-25 02:00:00,1.17514,1.17568,1.1749100000000001,1.17542,918,8,0
2025-07-25 03:00:00,1.17541,1.17582,1.17483,1.17539,1969,8,0
2025-07-25 04:00:00,1.17539,1.1758,1.17387,1.17424,1963,8,0
2025-07-25 05:00:00,1.17424,1.17432,1.1733500000000001,1.17386,1341,8,0
2025-07-25 06:00:00,1.17386,1.17447,1.17363,1.17419,1345,8,0
2025-07-25 07:00:00,1.1742,1.1745700000000001,1.17339,1.1739600000000001,1415,8,0
2025-07-25 08:00:00,1.17395,1.17486,1.17368,1.17462,1812,8,0
2025-07-25 09:00:00,1.17459,1.17603,1.17411,1.17473,2965,8,0
2025-07-25 10:00:00,1.17473,1.1758899999999999,1.17473,1.17523,3210,8,0
2025-07-25 11:00:00,1.17522,1.17575,1.1741,1.17427,3232,8,0
2025-07-25 12:00:00,1.17426,1.17431,1.17324,1.17344,2469,8,0
2025-07-25 13:00:00,1.17344,1.17368,1.17243,1.17277,2030,8,0
2025-07-25 14:00:00,1.17277,1.17304,1.17112,1.17205,2599,8,0
2025-07-25 15:00:00,1.17205,1.17267,1.17114,1.17177,2704,0,0
2025-07-25 16:00:00,1.1718,1.17298,1.17027,1.17216,5750,8,0
2025-07-25 17:00:00,1.17215,1.17352,1.1721,1.17292,3648,0,0
2025-07-25 18:00:00,1.17292,1.17381,1.17216,1.1728399999999999,2773,8,0
2025-07-25 19:00:00,1.17285,1.173,1.17199,1.1728399999999999,2522,8,0
2025-07-25 20:00:00,1.17283,1.1739,1.17282,1.17359,1655,8,0
2025-07-25 21:00:00,1.17359,1.17461,1.17352,1.17449,1823,8,0
2025-07-25 22:00:00,1.17449,1.17465,1.17408,1.17433,1356,8,0
2025-07-25 23:00:00,1.17428,1.17431,1.17367,1.17402,1892,8,0
2025-07-28 00:00:00,1.17519,1.17625,1.1751,1.17595,838,8,0
2025-07-28 01:00:00,1.17595,1.17682,1.17507,1.17545,1750,8,0
2025-07-28 02:00:00,1.17546,1.17601,1.17533,1.17549,1267,8,0
2025-07-28 03:00:00,1.17549,1.17698,1.17543,1.17633,2599,8,0
2025-07-28 04:00:00,1.17633,1.17693,1.17471,1.1751800000000001,2483,8,0
2025-07-28 05:00:00,1.17517,1.17567,1.1746,1.17544,1566,8,0
2025-07-28 06:00:00,1.17544,1.17566,1.17506,1.17559,1186,8,0
2025-07-28 07:00:00,1.17559,1.17576,1.17449,1.17468,1129,8,0
2025-07-28 08:00:00,1.1746699999999999,1.17471,1.17395,1.17402,1371,8,0
2025-07-28 09:00:00,1.17402,1.17438,1.17106,1.1721,3364,8,0
2025-07-28 10:00:00,1.1721,1.17233,1.1670099999999999,1.16743,4154,8,0
2025-07-28 11:00:00,1.16742,1.16898,1.16705,1.16785,3722,8,0
2025-07-28 12:00:00,1.16785,1.16839,1.1657899999999999,1.1666400000000001,3060,8,0
2025-07-28 13:00:00,1.16663,1.16714,1.16545,1.16575,2879,8,0
2025-07-28 14:00:00,1.16574,1.1657899999999999,1.16433,1.16492,3469,8,0
2025-07-28 15:00:00,1.16492,1.16645,1.16476,1.16575,3826,8,0
2025-07-28 16:00:00,1.16575,1.16616,1.16252,1.16337,3848,8,0
2025-07-28 17:00:00,1.16336,1.16468,1.1630099999999999,1.16368,4153,8,0
2025-07-28 18:00:00,1.16368,1.16384,1.16076,1.16083,3453,8,0
2025-07-28 19:00:00,1.16083,1.16102,1.1598,1.15987,2501,8,0
2025-07-28 20:00:00,1.15985,1.16012,1.15889,1.15916,2029,8,0
2025-07-28 21:00:00,1.15916,1.15943,1.15848,1.15943,1657,8,0
2025-07-28 22:00:00,1.15941,1.15956,1.15887,1.1591,1269,8,0
2025-07-28 23:00:00,1.1591,1.15936,1.1584699999999999,1.15863,1367,8,0
2025-07-29 00:00:00,1.15854,1.159,1.15852,1.1589,349,12,0
2025-07-29 01:00:00,1.1589,1.15936,1.15868,1.15931,790,8,0
2025-07-29 02:00:00,1.15931,1.15963,1.15887,1.1595900000000001,652,8,0
2025-07-29 03:00:00,1.1595900000000001,1.1597,1.15841,1.15846,1569,8,0
2025-07-29 04:00:00,1.1584699999999999,1.15978,1.15846,1.15905,1675,8,0
2025-07-29 05:00:00,1.15904,1.15987,1.15904,1.15965,1350,8,0
2025-07-29 06:00:00,1.15963,1.15979,1.1581,1.15825,1229,8,0
2025-07-29 07:00:00,1.15823,1.15887,1.15741,1.15882,1403,8,0
2025-07-29 08:00:00,1.15882,1.1589800000000001,1.15767,1.15781,1433,8,0
2025-07-29 09:00:00,1.15782,1.15854,1.15319,1.15331,3915,8,0
2025-07-29 10:00:00,1.1533,1.15543,1.15262,1.15543,4637,8,0
2025-07-29 11:00:00,1.15543,1.15689,1.15519,1.15685,3068,8,0
2025-07-29 12:00:00,1.15685,1.15842,1.15626,1.15763,2886,8,0
2025-07-29 13:00:00,1.15763,1.15877,1.15724,1.15736,2257,8,0
2025-07-29 14:00:00,1.15736,1.15744,1.1537,1.15395,3333,8,0
2025-07-29 15:00:00,1.15396,1.15415,1.15257,1.15257,3557,8,0
2025-07-29 16:00:00,1.15243,1.15465,1.15185,1.15456,3698,8,0
2025-07-29 17:00:00,1.15456,1.15484,1.1521,1.15226,5029,8,0
2025-07-29 18:00:00,1.15227,1.15404,1.15214,1.15328,3408,8,0
2025-07-29 19:00:00,1.15329,1.15489,1.15328,1.15412,2523,8,0
2025-07-29 20:00:00,1.1541299999999999,1.156,1.15394,1.1541299999999999,2666,8,0
2025-07-29 21:00:00,1.1541299999999999,1.15499,1.15371,1.15499,1922,8,0
2025-07-29 22:00:00,1.15499,1.15568,1.15486,1.15495,1523,8,0
2025-07-29 23:00:00,1.15497,1.1552,1.15421,1.15442,1301,8,0
2025-07-30 00:00:00,1.15421,1.15473,1.1542,1.1547,567,30,0
2025-07-30 01:00:00,1.15479,1.15503,1.15461,1.1549,709,8,0
2025-07-30 02:00:00,1.1549,1.15505,1.1546,1.15503,624,10,0
2025-07-30 03:00:00,1.1550799999999999,1.15672,1.15504,1.15667,1821,8,0
2025-07-30 04:00:00,1.15667,1.15722,1.15599,1.15636,2003,8,0
2025-07-30 05:00:00,1.15637,1.15678,1.156,1.15633,1362,8,0
2025-07-30 06:00:00,1.15635,1.15701,1.15574,1.15612,1393,8,0
2025-07-30 07:00:00,1.15612,1.15614,1.155,1.15507,1170,8,0
2025-07-30 08:00:00,1.15506,1.15591,1.1548,1.15495,1685,8,0
2025-07-30 09:00:00,1.15495,1.156,1.15396,1.15564,2950,8,0
2025-07-30 10:00:00,1.15564,1.1568100000000001,1.15505,1.15528,2808,8,0
2025-07-30 11:00:00,1.15527,1.15587,1.15481,1.15562,2492,8,0
2025-07-30 12:00:00,1.15562,1.156,1.15443,1.15514,2456,8,0
2025-07-30 13:00:00,1.15514,1.15545,1.15318,1.15389,2311,8,0
2025-07-30 14:00:00,1.1539,1.1540300000000001,1.15215,1.15306,2369,8,0
2025-07-30 15:00:00,1.15306,1.15341,1.14686,1.14713,4961,8,0
2025-07-30 16:00:00,1.14712,1.14804,1.14579,1.14689,4843,8,0
2025-07-30 17:00:00,1.14687,1.14816,1.1464699999999999,1.14798,3771,8,0
2025-07-30 18:00:00,1.14797,1.14844,1.14632,1.14682,2817,8,0
2025-07-30 19:00:00,1.1469,1.14738,1.14643,1.14733,2231,8,0
2025-07-30 20:00:00,1.14733,1.14816,1.14733,1.14798,2186,8,0
2025-07-30 21:00:00,1.14796,1.15028,1.14239,1.1424,7299,8,0
2025-07-30 22:00:00,1.14241,1.14355,1.14136,1.14227,5444,2,0
2025-07-30 23:00:00,1.14227,1.14289,1.14002,1.14012,2573,8,0
2025-07-31 00:00:00,1.14008,1.14084,1.14002,1.14068,971,9,0
2025-07-31 01:00:00,1.14066,1.14236,1.1403699999999999,1.14223,1113,8,0
2025-07-31 02:00:00,1.14224,1.14299,1.14189,1.14276,1144,8,0
2025-07-31 03:00:00,1.14275,1.14368,1.14274,1.14337,2231,8,0
2025-07-31 04:00:00,1.14337,1.14375,1.14232,1.14302,2422,8,0
2025-07-31 05:00:00,1.14302,1.14312,1.14207,1.14285,2178,2,0
2025-07-31 06:00:00,1.14284,1.14337,1.14072,1.14227,2179,8,0
2025-07-31 07:00:00,1.14228,1.14358,1.14189,1.14353,1569,8,0
2025-07-31 08:00:00,1.14351,1.14423,1.14303,1.14361,1966,8,0
2025-07-31 09:00:00,1.1436,1.14602,1.14347,1.14577,3651,8,0
2025-07-31 10:00:00,1.14579,1.14579,1.14327,1.14482,3672,8,0
2025-07-31 11:00:00,1.14482,1.14544,1.1437599999999999,1.14494,3254,8,0
2025-07-31 12:00:00,1.14494,1.14502,1.14321,1.14326,2606,8,0
2025-07-31 13:00:00,1.14326,1.14411,1.14202,1.14392,2785,8,0
2025-07-31 14:00:00,1.14392,1.14503,1.14356,1.1448800000000001,2995,8,0
2025-07-31 15:00:00,1.14486,1.14504,1.14243,1.1428099999999999,4376,8,0
2025-07-31 16:00:00,1.1428099999999999,1.14292,1.14054,1.14108,3996,8,0
2025-07-31 17:00:00,1.14107,1.14491,1.1407,1.14444,4839,8,0
2025-07-31 18:00:00,1.14443,1.14494,1.14276,1.14297,3781,8,0
2025-07-31 19:00:00,1.14296,1.14323,1.14211,1.14221,3106,8,0
2025-07-31 20:00:00,1.14221,1.14243,1.14146,1.14191,2328,8,0
2025-07-31 21:00:00,1.1419,1.14326,1.14151,1.1426,1776,8,0
2025-07-31 22:00:00,1.14258,1.14312,1.14116,1.14119,2190,8,0
2025-07-31 23:00:00,1.14121,1.14177,1.14076,1.14136,1979,8,0
2025-08-01 00:00:00,1.14119,1.1418,1.14119,1.14163,553,15,0
2025-08-01 01:00:00,1.14158,1.14223,1.14145,1.14172,983,8,0
2025-08-01 02:00:00,1.14172,1.14254,1.14111,1.14213,1973,2,0
2025-08-01 03:00:00,1.14213,1.14283,1.14151,1.14238,2604,8,0
2025-08-01 04:00:00,1.14238,1.14284,1.14044,1.14067,2761,8,0
2025-08-01 05:00:00,1.14066,1.14145,1.14055,1.14108,2492,2,0
2025-08-01 06:00:00,1.14108,1.14217,1.1409799999999999,1.14178,1785,8,0
2025-08-01 07:00:00,1.14178,1.14209,1.14152,1.14186,1280,8,0
2025-08-01 08:00:00,1.14187,1.14341,1.14154,1.14302,1854,8,0
2025-08-01 09:00:00,1.14301,1.14375,1.14255,1.14288,3088,8,0
2025-08-01 10:00:00,1.14292,1.14336,1.14121,1.14182,3481,8,0
2025-08-01 11:00:00,1.14182,1.142,1.1405,1.14059,2502,8,0
2025-08-01 12:00:00,1.14059,1.1412200000000001,1.13927,1.14001,2612,8,0
2025-08-01 13:00:00,1.14004,1.14171,1.14004,1.14115,2510,8,0
2025-08-01 14:00:00,1.14114,1.14219,1.14039,1.1404,2684,8,0
2025-08-01 15:00:00,1.1404,1.1558,1.1391,1.15451,7308,8,0
2025-08-01 16:00:00,1.15448,1.15828,1.15369,1.15599,8945,8,0
2025-08-01 17:00:00,1.15625,1.15876,1.15505,1.15555,8641,8,0
2025-08-01 18:00:00,1.15553,1.15646,1.15356,1.15538,4819,8,0
2025-08-01 19:00:00,1.15538,1.15642,1.15374,1.15388,3417,8,0
2025-08-01 20:00:00,1.15388,1.15388,1.15161,1.15262,3434,8,0
2025-08-01 21:00:00,1.15262,1.1547399999999999,1.15211,1.15252,3051,2,0
2025-08-01 22:00:00,1.15253,1.15817,1.15233,1.15676,4202,0,0
2025-08-01 23:00:00,1.15702,1.15965,1.15683,1.15873,2838,0,0
2025-08-04 00:00:00,1.15892,1.15952,1.15881,1.15891,825,9,0
2025-08-04 01:00:00,1.15897,1.15961,1.15774,1.15834,1880,5,0
2025-08-04 02:00:00,1.15841,1.15901,1.15778,1.15877,1513,2,0
2025-08-04 03:00:00,1.15876,1.15887,1.15556,1.15575,2667,2,0
2025-08-04 04:00:00,1.15576,1.1572,1.15503,1.15713,2549,2,0
2025-08-04 05:00:00,1.15711,1.15783,1.15674,1.15753,1678,2,0
2025-08-04 06:00:00,1.15753,1.1586,1.15753,1.15794,1387,2,0
2025-08-04 07:00:00,1.15793,1.15855,1.15741,1.15748,1245,2,0
2025-08-04 08:00:00,1.15748,1.15824,1.15668,1.15706,1925,2,0
2025-08-04 09:00:00,1.15707,1.15834,1.1562999999999999,1.1571799999999999,3556,1,0
2025-08-04 10:00:00,1.15719,1.15787,1.15506,1.15636,3699,1,0
2025-08-04 11:00:00,1.15637,1.1565400000000001,1.15495,1.15579,3158,1,0
2025-08-04 12:00:00,1.15577,1.15775,1.15554,1.15645,3136,1,0
2025-08-04 13:00:00,1.15647,1.15775,1.15548,1.15735,2770,1,0
2025-08-04 14:00:00,1.15737,1.1586400000000001,1.1565,1.15671,3359,0,0
2025-08-04 15:00:00,1.15673,1.15884,1.15603,1.1575,3899,0,0
2025-08-04 16:00:00,1.15751,1.15884,1.15727,1.15761,4177,0,0
2025-08-04 17:00:00,1.15762,1.15876,1.15568,1.15643,5023,0,0
2025-08-04 18:00:00,1.15636,1.15768,1.15609,1.15667,3812,0,0
2025-08-04 19:00:00,1.15667,1.1575,1.15567,1.15724,2488,2,0
2025-08-04 20:00:00,1.15723,1.15743,1.15641,1.15733,1789,2,0
2025-08-04 21:00:00,1.15732,1.15777,1.15637,1.1565400000000001,1953,2,0
2025-08-04 22:00:00,1.15656,1.15727,1.15629,1.15682,1649,2,0
2025-08-04 23:00:00,1.15675,1.15755,1.15644,1.15743,1040,4,0
2025-08-05 00:00:00,1.15679,1.15721,1.15617,1.1568100000000001,471,21,0
2025-08-05 01:00:00,1.15682,1.15807,1.15682,1.15787,847,5,0
2025-08-05 02:00:00,1.15795,1.15857,1.15775,1.15835,870,2,0
2025-08-05 03:00:00,1.15836,1.15881,1.15705,1.15722,1699,2,0
2025-08-05 04:00:00,1.15721,1.1574,1.15591,1.15641,1719,2,0
2025-08-05 05:00:00,1.15641,1.15646,1.15554,1.15606,1427,2,0
2025-08-05 06:00:00,1.15605,1.15616,1.15544,1.15556,1172,2,0
2025-08-05 07:00:00,1.15556,1.15605,1.15538,1.1558,1156,2,0
2025-08-05 08:00:00,1.15579,1.15582,1.15444,1.15482,1886,2,0
2025-08-05 09:00:00,1.15478,1.15615,1.15424,1.1551,2286,1,0
2025-08-05 10:00:00,1.15506,1.15625,1.15331,1.15461,3353,1,0
2025-08-05 11:00:00,1.1546,1.15492,1.15312,1.15369,3314,1,0
2025-08-05 12:00:00,1.15373,1.15466,1.15298,1.1542,2860,1,0
2025-08-05 13:00:00,1.15419,1.1546,1.15341,1.15445,2399,1,0
2025-08-05 14:00:00,1.15446,1.15483,1.15276,1.15392,2715,0,0
2025-08-05 15:00:00,1.15393,1.15487,1.15301,1.1537,4204,0,0
2025-08-05 16:00:00,1.15372,1.15546,1.15324,1.15361,3819,0,0
2025-08-05 17:00:00,1.15424,1.15661,1.15337,1.15649,6264,0,0
2025-08-05 18:00:00,1.15649,1.15845,1.15627,1.15791,3586,0,0
2025-08-05 19:00:00,1.15792,1.15862,1.15768,1.15824,2319,2,0
2025-08-05 20:00:00,1.15826,1.15831,1.1575199999999999,1.15783,1659,2,0
2025-08-05 21:00:00,1.15781,1.15795,1.15702,1.15737,1641,2,0
2025-08-05 22:00:00,1.15739,1.1575199999999999,1.15661,1.1573,1431,2,0
2025-08-05 23:00:00,1.15722,1.15771,1.15705,1.15758,869,4,0
2025-08-06 00:00:00,1.15711,1.1575199999999999,1.15703,1.15727,395,21,0
2025-08-06 01:00:00,1.15729,1.15766,1.15698,1.15753,746,4,0
2025-08-06 02:00:00,1.15761,1.15811,1.15731,1.15787,644,2,0
2025-08-06 03:00:00,1.15786,1.15854,1.15727,1.15738,1358,2,0
2025-08-06 04:00:00,1.15736,1.15736,1.15647,1.15672,1322,2,0
2025-08-06 05:00:00,1.15673,1.15721,1.1564,1.15695,1322,2,0
2025-08-06 06:00:00,1.15699,1.15815,1.15695,1.15797,1147,2,0
2025-08-06 07:00:00,1.15795,1.15865,1.15775,1.15825,1006,2,0
2025-08-06 08:00:00,1.15825,1.1583,1.15743,1.15787,1534,2,0
2025-08-06 09:00:00,1.15783,1.15886,1.15763,1.15784,2787,1,0
2025-08-06 10:00:00,1.15781,1.15823,1.15711,1.15809,2477,1,0
2025-08-06 11:00:00,1.1581299999999999,1.1583700000000001,1.15702,1.1575,2496,1,0
2025-08-06 12:00:00,1.15749,1.15881,1.15741,1.15852,2191,1,0
2025-08-06 13:00:00,1.1585,1.1611,1.15841,1.16071,3530,1,0
2025-08-06 14:00:00,1.16069,1.16153,1.15975,1.16039,2384,0,0
2025-08-06 15:00:00,1.16039,1.16288,1.16003,1.16239,3042,0,0
2025-08-06 16:00:00,1.16239,1.16354,1.1616900000000001,1.16353,3914,0,0
2025-08-06 17:00:00,1.16353,1.16369,1.16217,1.16269,4005,8,0
2025-08-06 18:00:00,1.16269,1.16465,1.16221,1.1646,4202,8,0
2025-08-06 19:00:00,1.16458,1.16479,1.16302,1.1634,3006,8,0
2025-08-06 20:00:00,1.16341,1.16546,1.16323,1.1648399999999999,2561,8,0
2025-08-06 21:00:00,1.16486,1.1668,1.16476,1.16619,1921,2,0
2025-08-06 22:00:00,1.16618,1.16633,1.16522,1.16554,1298,2,0
2025-08-06 23:00:00,1.16556,1.16596,1.16498,1.16593,1382,8,0
2025-08-07 00:00:00,1.16538,1.1658,1.1650800000000001,1.16564,625,33,0
2025-08-07 01:00:00,1.16563,1.16655,1.16563,1.16632,1093,8,0
2025-08-07 02:00:00,1.16627,1.16633,1.16588,1.16626,862,8,0
2025-08-07 03:00:00,1.16626,1.16634,1.16505,1.1652,1864,8,0
2025-08-07 04:00:00,1.1652,1.16623,1.1649,1.16572,1835,8,0
2025-08-07 05:00:00,1.16572,1.16646,1.16556,1.16568,1352,8,0
2025-08-07 06:00:00,1.16568,1.16648,1.16527,1.1663999999999999,1315,8,0
2025-08-07 07:00:00,1.1663999999999999,1.16759,1.16625,1.16707,1327,8,0
2025-08-07 08:00:00,1.16707,1.16758,1.1668,1.16747,1435,8,0
2025-08-07 09:00:00,1.1675,1.16791,1.16676,1.16754,2603,8,0
2025-08-07 10:00:00,1.16754,1.16907,1.16727,1.16891,2906,8,0
2025-08-07 11:00:00,1.16891,1.16982,1.1675200000000001,1.16822,3759,8,0
2025-08-07 12:00:00,1.16822,1.16842,1.1670099999999999,1.16702,2265,8,0
2025-08-07 13:00:00,1.16702,1.16713,1.16611,1.16695,2519,8,0
2025-08-07 14:00:00,1.16696,1.16763,1.16338,1.16441,4349,8,0
2025-08-07 15:00:00,1.16441,1.16618,1.16371,1.16505,4545,8,0
2025-08-07 16:00:00,1.16506,1.1658,1.16374,1.16422,4880,8,0
2025-08-07 17:00:00,1.16422,1.16492,1.16135,1.16238,6022,8,0
2025-08-07 18:00:00,1.16238,1.16414,1.16105,1.16395,3851,8,0
2025-08-07 19:00:00,1.16395,1.1644,1.16347,1.16376,2145,8,0
2025-08-07 20:00:00,1.16378,1.16392,1.16315,1.16326,2389,8,0
2025-08-07 21:00:00,1.1633,1.16367,1.1621,1.16215,1963,8,0
2025-08-07 22:00:00,1.16216,1.16561,1.16189,1.16537,2844,8,0
2025-08-07 23:00:00,1.16537,1.16707,1.16537,1.16631,1910,8,0
2025-08-08 00:00:00,1.16594,1.16687,1.16578,1.16644,499,13,0
2025-08-08 01:00:00,1.16645,1.16741,1.16639,1.16721,1303,8,0
2025-08-08 02:00:00,1.16721,1.16777,1.16698,1.16763,1187,8,0
2025-08-08 03:00:00,1.16763,1.16788,1.16669,1.16722,2029,8,0
2025-08-08 04:00:00,1.16723,1.16733,1.16548,1.16567,2197,8,0
2025-08-08 05:00:00,1.16567,1.16644,1.16567,1.16602,1458,8,0
2025-08-08 06:00:00,1.16601,1.16606,1.16545,1.16593,1284,8,0
2025-08-08 07:00:00,1.16593,1.16629,1.1657,1.16578,1066,8,0
2025-08-08 08:00:00,1.16578,1.16595,1.1638600000000001,1.16405,1837,8,0
2025-08-08 09:00:00,1.16405,1.16522,1.16404,1.16495,2286,8,0
2025-08-08 10:00:00,1.16495,1.1663999999999999,1.16482,1.16586,2998,8,0
2025-08-08 11:00:00,1.16589,1.16623,1.1634,1.16367,2766,8,0
2025-08-08 12:00:00,1.16365,1.16433,1.16293,1.1641,3069,8,0
2025-08-08 13:00:00,1.1641,1.1647,1.16282,1.16352,2395,8,0
2025-08-08 14:00:00,1.16353,1.16487,1.16346,1.16432,2297,8,0
2025-08-08 15:00:00,1.16433,1.16531,1.16372,1.16412,3290,8,0
2025-08-08 16:00:00,1.16413,1.16545,1.16409,1.16482,3439,8,0
2025-08-08 17:00:00,1.16478,1.16624,1.1646,1.16555,3732,8,0
2025-08-08 18:00:00,1.16555,1.16673,1.16537,1.16593,2520,8,0
2025-08-08 19:00:00,1.16593,1.16624,1.16492,1.16558,2090,8,0
2025-08-08 20:00:00,1.16558,1.16662,1.16532,1.16581,1603,8,0
2025-08-08 21:00:00,1.16585,1.16623,1.16474,1.16553,2274,8,0
2025-08-08 22:00:00,1.16551,1.16557,1.16358,1.16419,2123,8,0
2025-08-08 23:00:00,1.16419,1.16432,1.16377,1.16397,1384,8,0
2025-08-11 00:00:00,1.16436,1.16512,1.16405,1.16474,416,8,0
2025-08-11 01:00:00,1.16474,1.1651,1.16431,1.16465,6529,8,0
2025-08-11 02:00:00,1.16465,1.16509,1.16442,1.16471,2213,8,0
2025-08-11 03:00:00,1.16471,1.1648,1.16414,1.16469,1641,8,0
2025-08-11 04:00:00,1.16469,1.16583,1.1645,1.16583,1748,8,0
2025-08-11 05:00:00,1.16585,1.16681,1.16585,1.16655,1435,8,0
2025-08-11 06:00:00,1.16657,1.1675,1.16644,1.16708,1352,8,0
2025-08-11 07:00:00,1.16707,1.1675,1.16705,1.16715,1129,8,0
2025-08-11 08:00:00,1.16714,1.16722,1.16669,1.16688,1310,8,0
2025-08-11 09:00:00,1.16688,1.16734,1.16627,1.16639,1944,8,0
2025-08-11 10:00:00,1.16637,1.16653,1.16455,1.16465,2703,8,0
2025-08-11 11:00:00,1.16466,1.16599,1.16435,1.16549,2373,8,0
2025-08-11 12:00:00,1.16548,1.16577,1.16378,1.16407,2294,8,0
2025-08-11 13:00:00,1.16407,1.16472,1.16401,1.16465,1790,8,0
2025-08-11 14:00:00,1.16463,1.16465,1.16226,1.16281,2605,8,0
2025-08-11 15:00:00,1.16283,1.16305,1.16136,1.16196,3025,8,0
2025-08-11 16:00:00,1.16197,1.16271,1.16155,1.16189,3069,8,0
2025-08-11 17:00:00,1.16189,1.16199,1.15899,1.15953,3830,8,0
2025-08-11 18:00:00,1.15954,1.16064,1.15896,1.16059,2790,8,0
2025-08-11 19:00:00,1.16063,1.16114,1.16014,1.1607,1890,8,0
2025-08-11 20:00:00,1.16071,1.1611799999999999,1.15981,1.16104,1718,8,0
2025-08-11 21:00:00,1.16105,1.16137,1.16066,1.1611799999999999,1640,8,0
2025-08-11 22:00:00,1.16117,1.16122,1.16017,1.16044,1433,8,0
2025-08-11 23:00:00,1.16043,1.1619,1.16038,1.16149,1051,8,0
2025-08-12 00:00:00,1.16068,1.16149,1.16067,1.1614,538,29,0
2025-08-12 01:00:00,1.16139,1.16182,1.16098,1.16123,993,8,0
2025-08-12 02:00:00,1.16124,1.16171,1.16121,1.16158,692,8,0
2025-08-12 03:00:00,1.16158,1.16194,1.16114,1.16148,2163,8,0
2025-08-12 04:00:00,1.16147,1.16248,1.16139,1.16186,1849,8,0
2025-08-12 05:00:00,1.16186,1.16248,1.1617,1.16223,1291,8,0
2025-08-12 06:00:00,1.16223,1.16238,1.1617899999999999,1.16202,1199,8,0
2025-08-12 07:00:00,1.16198,1.1627399999999999,1.16151,1.16271,1438,8,0
2025-08-12 08:00:00,1.16271,1.16285,1.16128,1.16134,2187,8,0
2025-08-12 09:00:00,1.16134,1.1618,1.16076,1.16087,2977,8,0
2025-08-12 10:00:00,1.16087,1.16234,1.16076,1.16197,2903,8,0
2025-08-12 11:00:00,1.16197,1.16218,1.16113,1.16143,2224,8,0
2025-08-12 12:00:00,1.16143,1.16178,1.16,1.16061,2168,8,0
2025-08-12 13:00:00,1.16058,1.16125,1.16052,1.16096,1832,8,0
2025-08-12 14:00:00,1.16096,1.16106,1.15982,1.16046,2145,8,0
2025-08-12 15:00:00,1.1604700000000001,1.16553,1.16007,1.16415,6498,8,0
2025-08-12 16:00:00,1.16415,1.1667,1.1616900000000001,1.1651799999999999,7541,8,0
2025-08-12 17:00:00,1.1651799999999999,1.16622,1.16412,1.16575,5515,8,0
2025-08-12 18:00:00,1.16574,1.16966,1.16556,1.16717,4602,8,0
2025-08-12 19:00:00,1.16717,1.16855,1.1665,1.16793,3029,8,0
2025-08-12 20:00:00,1.16793,1.168,1.16709,1.16727,2329,8,0
2025-08-12 21:00:00,1.1673,1.16781,1.16641,1.16682,1994,8,0
2025-08-12 22:00:00,1.16681,1.1675,1.1663999999999999,1.16742,1834,8,0
2025-08-12 23:00:00,1.16742,1.16766,1.16711,1.16721,1038,8,0
2025-08-13 00:00:00,1.16696,1.16744,1.16676,1.1672500000000001,574,8,0
2025-08-13 01:00:00,1.1672500000000001,1.16772,1.16722,1.16761,2177,8,0
2025-08-13 02:00:00,1.1676199999999999,1.16788,1.16747,1.1677,780,9,0
2025-08-13 03:00:00,1.16769,1.16803,1.16702,1.16794,1631,8,0
2025-08-13 04:00:00,1.16794,1.16859,1.16756,1.16767,1809,8,0
2025-08-13 05:00:00,1.16767,1.16855,1.1670099999999999,1.16814,1470,8,0
2025-08-13 06:00:00,1.16814,1.16871,1.16792,1.16834,1123,8,0
2025-08-13 07:00:00,1.16832,1.16855,1.16811,1.16836,1107,8,0
2025-08-13 08:00:00,1.16837,1.1684700000000001,1.16761,1.16787,1404,8,0
2025-08-13 09:00:00,1.1678600000000001,1.16964,1.16785,1.16915,2959,8,0
2025-08-13 10:00:00,1.16915,1.17124,1.16913,1.17079,3084,8,0
2025-08-13 11:00:00,1.17075,1.17199,1.17065,1.17135,2898,8,0
2025-08-13 12:00:00,1.17135,1.17297,1.17135,1.17288,2280,8,0
2025-08-13 13:00:00,1.17288,1.17296,1.17158,1.1716,2098,8,0
2025-08-13 14:00:00,1.17159,1.17185,1.17073,1.17185,1985,8,0
2025-08-13 15:00:00,1.17184,1.17211,1.1696900000000001,1.16982,2895,8,0
2025-08-13 16:00:00,1.16984,1.17065,1.16926,1.17042,3510,8,0
2025-08-13 17:00:00,1.1703999999999999,1.1723,1.17024,1.17196,4038,8,0
2025-08-13 18:00:00,1.17196,1.17222,1.17079,1.17133,2972,8,0
2025-08-13 19:00:00,1.17133,1.17146,1.1706,1.17063,1906,8,0
2025-08-13 20:00:00,1.17063,1.17103,1.17022,1.17035,1568,8,0
2025-08-13 21:00:00,1.17035,1.17039,1.16954,1.16999,1528,8,0
2025-08-13 22:00:00,1.16998,1.17035,1.1696900000000001,1.16989,1408,8,0
2025-08-13 23:00:00,1.16988,1.17064,1.16987,1.17037,1546,8,0
2025-08-14 00:00:00,1.16999,1.17055,1.16961,1.17045,490,8,0
2025-08-14 01:00:00,1.17045,1.17076,1.17041,1.17075,1900,8,0
2025-08-14 02:00:00,1.17075,1.17121,1.17069,1.17118,804,8,0
2025-08-14 03:00:00,1.17118,1.17143,1.17088,1.17107,1834,8,0
2025-08-14 04:00:00,1.17107,1.17146,1.17086,1.17123,2070,8,0
2025-08-14 05:00:00,1.17123,1.17123,1.16986,1.17044,1660,8,0
2025-08-14 06:00:00,1.17045,1.17047,1.16991,1.1703000000000001,1410,8,0
2025-08-14 07:00:00,1.17029,1.1706,1.1701,1.17033,1142,8,0
2025-08-14 08:00:00,1.17034,1.17034,1.16966,1.17009,1588,8,0
2025-08-14 09:00:00,1.17007,1.17059,1.16843,1.16846,3050,8,0
2025-08-14 10:00:00,1.1684700000000001,1.16923,1.16774,1.16793,3489,8,0
2025-08-14 11:00:00,1.16791,1.1684700000000001,1.1667399999999999,1.16679,2363,8,0
2025-08-14 12:00:00,1.16679,1.16863,1.16678,1.1681300000000001,2409,8,0
2025-08-14 13:00:00,1.1681300000000001,1.16968,1.16809,1.16948,2461,8,0
2025-08-14 14:00:00,1.16947,1.1696,1.1682299999999999,1.16872,2309,8,0
2025-08-14 15:00:00,1.16876,1.16919,1.16487,1.16632,5228,8,0
2025-08-14 16:00:00,1.16632,1.16708,1.16487,1.16496,4948,8,0
2025-08-14 17:00:00,1.16496,1.16659,1.16373,1.1660300000000001,4420,8,0
2025-08-14 18:00:00,1.1660300000000001,1.16616,1.1637,1.16425,3820,8,0
2025-08-14 19:00:00,1.16424,1.16446,1.16305,1.16338,2722,8,0
2025-08-14 20:00:00,1.16342,1.16433,1.16309,1.16364,1977,8,0
2025-08-14 21:00:00,1.16363,1.16419,1.1632500000000001,1.16408,1907,8,0
2025-08-14 22:00:00,1.1641,1.16498,1.16409,1.16476,1549,8,0
2025-08-14 23:00:00,1.16475,1.16497,1.16443,1.16471,938,10,0
2025-08-15 00:00:00,1.1647,1.16496,1.16451,1.16496,427,17,0
2025-08-15 01:00:00,1.16497,1.16526,1.16475,1.16494,878,8,0
2025-08-15 02:00:00,1.16494,1.16524,1.16456,1.16501,791,8,0
2025-08-15 03:00:00,1.16501,1.16527,1.16463,1.16516,1406,8,0
2025-08-15 04:00:00,1.16519,1.16574,1.16478,1.16524,1610,8,0
2025-08-15 05:00:00,1.16524,1.16572,1.1649,1.16563,1317,8,0
2025-08-15 06:00:00,1.16564,1.1663999999999999,1.16562,1.16595,1214,8,0
2025-08-15 07:00:00,1.16595,1.16631,1.16584,1.16624,822,8,0
2025-08-15 08:00:00,1.16624,1.16707,1.16607,1.16704,1233,8,0
2025-08-15 09:00:00,1.16706,1.16742,1.16647,1.16713,2267,8,0
2025-08-15 10:00:00,1.16717,1.16836,1.16715,1.16822,2684,8,0
2025-08-15 11:00:00,1.1682,1.1684700000000001,1.16761,1.16818,2188,8,0
2025-08-15 12:00:00,1.16817,1.16893,1.16797,1.16871,1959,8,0
2025-08-15 13:00:00,1.16871,1.16909,1.16801,1.16854,1751,8,0
2025-08-15 14:00:00,1.16853,1.16912,1.16811,1.16871,1738,8,0
2025-08-15 15:00:00,1.16871,1.16994,1.16732,1.16934,3949,8,0
2025-08-15 16:00:00,1.1694499999999999,1.17075,1.1681300000000001,1.17028,4218,8,0
2025-08-15 17:00:00,1.17028,1.17147,1.17002,1.17112,4325,8,0
2025-08-15 18:00:00,1.17112,1.17145,1.1703000000000001,1.17063,2926,8,0
2025-08-15 19:00:00,1.17063,1.17077,1.16991,1.17033,1939,8,0
2025-08-15 20:00:00,1.17033,1.17053,1.16989,1.17038,1503,8,0
2025-08-15 21:00:00,1.17039,1.17061,1.16981,1.17021,1626,8,0
2025-08-15 22:00:00,1.1702,1.17031,1.16994,1.17004,1260,8,0
2025-08-15 23:00:00,1.17004,1.17075,1.16973,1.17066,1111,8,0
2025-08-18 00:00:00,1.17096,1.1713,1.17056,1.17122,291,13,0
2025-08-18 01:00:00,1.1712500000000001,1.17157,1.17093,1.17127,879,8,0
2025-08-18 02:00:00,1.17131,1.17138,1.17033,1.17059,1046,8,0
2025-08-18 03:00:00,1.17059,1.1710099999999999,1.16997,1.17011,1837,8,0
2025-08-18 04:00:00,1.17011,1.17041,1.16932,1.17027,1616,8,0
2025-08-18 05:00:00,1.17027,1.17048,1.1696900000000001,1.17007,1129,8,0
2025-08-18 06:00:00,1.17007,1.17042,1.16992,1.17031,1160,8,0
2025-08-18 07:00:00,1.17031,1.17098,1.17022,1.17079,1275,8,0
2025-08-18 08:00:00,1.17076,1.17083,1.17007,1.17056,1475,8,0
2025-08-18 09:00:00,1.17056,1.17073,1.16931,1.16958,2247,8,0
2025-08-18 10:00:00,1.16959,1.17029,1.16798,1.16808,2728,8,0
2025-08-18 11:00:00,1.16805,1.16869,1.16705,1.1681300000000001,2965,8,0
2025-08-18 12:00:00,1.1681300000000001,1.16855,1.1672500000000001,1.16797,2445,8,0
2025-08-18 13:00:00,1.16797,1.16824,1.16768,1.16803,1887,8,0
2025-08-18 14:00:00,1.16804,1.16878,1.16712,1.16744,1909,8,0
2025-08-18 15:00:00,1.16748,1.16784,1.16656,1.16759,2863,8,0
2025-08-18 16:00:00,1.1676,1.16773,1.1669,1.16772,2797,8,0
2025-08-18 17:00:00,1.16773,1.16839,1.16599,1.16636,3521,8,0
2025-08-18 18:00:00,1.16636,1.1674,1.1660300000000001,1.16683,2744,8,0
2025-08-18 19:00:00,1.16651,1.16668,1.16555,1.16574,2074,8,0
2025-08-18 20:00:00,1.16573,1.16661,1.16563,1.16623,1678,8,0
2025-08-18 21:00:00,1.16622,1.16673,1.1657899999999999,1.16595,1578,8,0
2025-08-18 22:00:00,1.16595,1.167,1.16593,1.16663,1339,8,0
2025-08-18 23:00:00,1.16663,1.16689,1.16593,1.166,1189,8,0
2025-08-19 00:00:00,1.1659,1.166,1.16576,1.16598,369,23,0
2025-08-19 01:00:00,1.16598,1.16747,1.16591,1.1669,1105,8,0
2025-08-19 02:00:00,1.1669,1.16692,1.16615,1.16675,911,8,0
2025-08-19 03:00:00,1.16675,1.16696,1.16554,1.1657899999999999,1554,8,0
2025-08-19 04:00:00,1.16578,1.16617,1.1638600000000001,1.16489,2314,8,0
2025-08-19 05:00:00,1.16489,1.16555,1.16466,1.16523,1500,8,0
2025-08-19 06:00:00,1.16523,1.16584,1.16499,1.16545,1477,8,0
2025-08-19 07:00:00,1.16539,1.16612,1.1653,1.16601,1201,8,0
2025-08-19 08:00:00,1.16602,1.16652,1.16536,1.16547,1449,8,0
2025-08-19 09:00:00,1.16548,1.16741,1.16507,1.16738,2442,8,0
2025-08-19 10:00:00,1.1674,1.16837,1.1673,1.16831,2815,8,0
2025-08-19 11:00:00,1.16832,1.16837,1.16711,1.16745,2080,8,0
2025-08-19 12:00:00,1.16747,1.16816,1.16721,1.1679599999999999,1778,8,0
2025-08-19 13:00:00,1.16797,1.16917,1.16787,1.1688,1789,8,0
2025-08-19 14:00:00,1.1688,1.16924,1.1679599999999999,1.16851,1701,8,0
2025-08-19 15:00:00,1.16851,1.1687400000000001,1.1672500000000001,1.1675,2683,8,0
2025-08-19 16:00:00,1.1675,1.16777,1.16676,1.16758,3228,8,0
2025-08-19 17:00:00,1.16757,1.16769,1.16636,1.16717,2842,8,0
2025-08-19 18:00:00,1.16717,1.16748,1.16571,1.16582,2622,8,0
2025-08-19 19:00:00,1.16587,1.16626,1.1654,1.16558,2058,8,0
2025-08-19 20:00:00,1.16559,1.16602,1.16525,1.16541,1424,8,0
2025-08-19 21:00:00,1.16541,1.16543,1.16418,1.16468,1495,8,0
2025-08-19 22:00:00,1.16467,1.16476,1.16421,1.1646,1202,9,0
2025-08-19 23:00:00,1.16461,1.16475,1.16429,1.16453,1083,8,0
2025-08-20 00:00:00,1.16393,1.1650800000000001,1.16393,1.1646,378,8,0
2025-08-20 01:00:00,1.1646,1.16486,1.1644,1.16477,930,8,0
2025-08-20 02:00:00,1.16477,1.1648,1.16401,1.16409,3054,8,0
2025-08-20 03:00:00,1.16409,1.16419,1.16309,1.16382,1878,8,0
2025-08-20 04:00:00,1.16382,1.16417,1.16265,1.16269,2180,8,0
2025-08-20 05:00:00,1.16269,1.1629,1.16218,1.16257,2207,8,0
2025-08-20 06:00:00,1.16257,1.1635900000000001,1.16257,1.16326,1668,8,0
2025-08-20 07:00:00,1.16326,1.16376,1.16319,1.16339,991,8,0
2025-08-20 08:00:00,1.1634,1.16399,1.16317,1.16388,1200,8,0
2025-08-20 09:00:00,1.16387,1.16418,1.16226,1.16331,3307,8,0
2025-08-20 10:00:00,1.16331,1.16463,1.16329,1.16443,2701,8,0
2025-08-20 11:00:00,1.16443,1.16461,1.16312,1.16372,2498,8,0
2025-08-20 12:00:00,1.16371,1.1645699999999999,1.16345,1.16445,1984,8,0
2025-08-20 13:00:00,1.16445,1.1657,1.16432,1.16464,2122,8,0
2025-08-20 14:00:00,1.16464,1.16494,1.16398,1.16413,1762,8,0
2025-08-20 15:00:00,1.16413,1.16731,1.16413,1.16705,3246,8,0
2025-08-20 16:00:00,1.16705,1.16714,1.16555,1.16582,3519,8,0
2025-08-20 17:00:00,1.16582,1.16685,1.1648,1.16624,3895,8,0
2025-08-20 18:00:00,1.16624,1.16627,1.1645699999999999,1.16475,2877,0,0
2025-08-20 19:00:00,1.16477,1.1661299999999999,1.16474,1.16593,2109,8,0
2025-08-20 20:00:00,1.16592,1.16719,1.16588,1.16709,1780,8,0
2025-08-20 21:00:00,1.16711,1.16711,1.16544,1.16545,2279,8,0
2025-08-20 22:00:00,1.16545,1.1658,1.1652,1.16522,1462,8,0
2025-08-20 23:00:00,1.16523,1.16523,1.16459,1.16493,1122,8,0
2025-08-21 00:00:00,1.16486,1.16523,1.16469,1.16488,705,31,0
2025-08-21 01:00:00,1.16493,1.16545,1.16493,1.16521,796,8,0
2025-08-21 02:00:00,1.16521,1.16529,1.16477,1.16504,853,9,0
2025-08-21 03:00:00,1.16502,1.16511,1.16408,1.16462,1674,8,0
2025-08-21 04:00:00,1.16462,1.165,1.16408,1.1645699999999999,1875,8,0
2025-08-21 05:00:00,1.16455,1.16489,1.1643,1.16461,1476,8,0
2025-08-21 06:00:00,1.16461,1.16483,1.16412,1.16455,1136,8,0
2025-08-21 07:00:00,1.16455,1.16477,1.1642299999999999,1.1644700000000001,942,8,0
2025-08-21 08:00:00,1.1645,1.16491,1.16413,1.16488,1355,8,0
2025-08-21 09:00:00,1.16489,1.16492,1.16253,1.16293,2448,8,0
2025-08-21 10:00:00,1.16294,1.16608,1.16245,1.16574,3125,8,0
2025-08-21 11:00:00,1.1657899999999999,1.16589,1.16497,1.1654200000000001,2250,8,0
2025-08-21 12:00:00,1.1654200000000001,1.16622,1.16532,1.16543,2159,8,0
2025-08-21 13:00:00,1.16536,1.1656,1.16477,1.16487,1869,8,0
2025-08-21 14:00:00,1.16487,1.16568,1.16391,1.16399,2264,8,0
2025-08-21 15:00:00,1.16405,1.16558,1.16363,1.16461,3422,8,0
2025-08-21 16:00:00,1.16462,1.16494,1.1615,1.16204,4021,8,0
2025-08-21 17:00:00,1.16204,1.16289,1.16056,1.16151,4546,8,0
2025-08-21 18:00:00,1.1615,1.16251,1.16007,1.1604,4049,8,0
2025-08-21 19:00:00,1.1604,1.16113,1.16009,1.16106,2106,8,0
2025-08-21 20:00:00,1.16106,1.16181,1.16106,1.16143,1705,2,0
2025-08-21 21:00:00,1.16144,1.16163,1.16064,1.1609099999999999,1697,8,0
2025-08-21 22:00:00,1.16092,1.16097,1.16032,1.16044,1225,8,0
2025-08-21 23:00:00,1.16045,1.16079,1.16029,1.16056,958,9,0
2025-08-22 00:00:00,1.16012,1.16088,1.16007,1.1604,1201,25,0
2025-08-22 01:00:00,1.16038,1.16131,1.16038,1.16126,758,8,0
2025-08-22 02:00:00,1.16126,1.1614200000000001,1.16087,1.16119,794,8,0
2025-08-22 03:00:00,1.16114,1.1616,1.16101,1.16143,1509,8,0
2025-08-22 04:00:00,1.16143,1.1615199999999999,1.16036,1.16076,1549,8,0
2025-08-22 05:00:00,1.16075,1.16137,1.16046,1.16083,1257,8,0
2025-08-22 06:00:00,1.16083,1.16084,1.15884,1.15892,1463,8,0
2025-08-22 07:00:00,1.15892,1.1593499999999999,1.15824,1.15839,1293,8,0
2025-08-22 08:00:00,1.1584,1.15884,1.15827,1.15862,1240,8,0
2025-08-22 09:00:00,1.15863,1.15946,1.15829,1.15881,2205,8,0
2025-08-22 10:00:00,1.15881,1.15984,1.15879,1.15942,2113,8,0
2025-08-22 11:00:00,1.15942,1.1599,1.1590799999999999,1.15989,1733,8,0
2025-08-22 12:00:00,1.15988,1.16019,1.1595,1.1595900000000001,1611,8,0
2025-08-22 13:00:00,1.1595900000000001,1.15994,1.1593,1.15954,1429,8,0
2025-08-22 14:00:00,1.15954,1.16059,1.15944,1.16039,1929,8,0
2025-08-22 15:00:00,1.16043,1.16131,1.16042,1.1608100000000001,2085,8,0
2025-08-22 16:00:00,1.1608100000000001,1.16186,1.1597,1.15991,2775,8,0
2025-08-22 17:00:00,1.1599599999999999,1.17194,1.1599599999999999,1.17176,8388,8,0
2025-08-22 18:00:00,1.17177,1.17316,1.1712500000000001,1.17129,4860,8,0
2025-08-22 19:00:00,1.17129,1.17259,1.17114,1.17214,3301,8,0
2025-08-22 20:00:00,1.17214,1.1742,1.17214,1.17364,2647,8,0
2025-08-22 21:00:00,1.17364,1.17388,1.17206,1.17207,1971,8,0
2025-08-22 22:00:00,1.17209,1.1722,1.17144,1.17194,1562,8,0
2025-08-22 23:00:00,1.17194,1.17264,1.17176,1.17208,1598,8,0
2025-08-25 00:00:00,1.17199,1.17286,1.17196,1.17235,515,12,0
2025-08-25 01:00:00,1.17235,1.17244,1.17104,1.17124,6491,8,0
2025-08-25 02:00:00,1.17124,1.1714,1.17071,1.17078,1151,8,0
2025-08-25 03:00:00,1.17078,1.17078,1.1695,1.16975,1616,8,0
2025-08-25 04:00:00,1.16974,1.1703000000000001,1.16931,1.16958,1738,8,0
2025-08-25 05:00:00,1.16958,1.16996,1.16933,1.16966,1228,8,0
2025-08-25 06:00:00,1.16965,1.17071,1.16965,1.17062,920,8,0
2025-08-25 07:00:00,1.17064,1.17073,1.17028,1.17053,921,8,0
2025-08-25 08:00:00,1.17053,1.17053,1.16978,1.17,907,8,0
2025-08-25 09:00:00,1.17003,1.172,1.17003,1.17142,2351,8,0
2025-08-25 10:00:00,1.17142,1.17174,1.16941,1.16971,2077,8,0
2025-08-25 11:00:00,1.16968,1.17102,1.16968,1.17036,1942,8,0
2025-08-25 12:00:00,1.17036,1.1703999999999999,1.16895,1.16926,1548,1,0
2025-08-25 13:00:00,1.16926,1.16967,1.1684700000000001,1.16871,1682,8,0
2025-08-25 14:00:00,1.16875,1.17024,1.1687,1.17023,1695,8,0
2025-08-25 15:00:00,1.17021,1.17029,1.16933,1.16992,2017,8,0
2025-08-25 16:00:00,1.16991,1.17086,1.16942,1.17025,2446,8,0
2025-08-25 17:00:00,1.17025,1.17051,1.16886,1.16896,3114,8,0
2025-08-25 18:00:00,1.16896,1.16911,1.1665,1.16687,3232,8,0
2025-08-25 19:00:00,1.16687,1.16689,1.16509,1.1654200000000001,2456,8,0
2025-08-25 20:00:00,1.16543,1.16553,1.16404,1.16462,2107,8,0
2025-08-25 21:00:00,1.16462,1.16478,1.16185,1.16199,2322,8,0
2025-08-25 22:00:00,1.16199,1.16208,1.16024,1.1609,2408,8,0
2025-08-25 23:00:00,1.16089,1.16251,1.16087,1.1617899999999999,1287,8,0
2025-08-26 00:00:00,1.16158,1.16183,1.1613,1.16183,635,27,0
2025-08-26 01:00:00,1.16183,1.1622,1.1617899999999999,1.16199,826,8,0
2025-08-26 02:00:00,1.162,1.16208,1.1612,1.1614,842,8,0
2025-08-26 03:00:00,1.1614200000000001,1.16594,1.16097,1.16474,5002,8,0
2025-08-26 04:00:00,1.16474,1.16496,1.16345,1.16413,2554,8,0
2025-08-26 05:00:00,1.16413,1.16467,1.1632,1.1636,1841,8,0
2025-08-26 06:00:00,1.1636,1.1636,1.16235,1.16252,1717,8,0
2025-08-26 07:00:00,1.16252,1.16316,1.16231,1.16313,1267,8,0
2025-08-26 08:00:00,1.16314,1.16438,1.1629,1.16408,1726,8,0
2025-08-26 09:00:00,1.16407,1.16407,1.1613,1.16217,3674,8,0
2025-08-26 10:00:00,1.16217,1.16281,1.16017,1.16211,4081,8,0
2025-08-26 11:00:00,1.16211,1.16244,1.16054,1.16174,3106,8,0
2025-08-26 12:00:00,1.16174,1.1643,1.16171,1.16419,2655,8,0
2025-08-26 13:00:00,1.16419,1.16469,1.16367,1.16444,2144,8,0
2025-08-26 14:00:00,1.16445,1.166,1.16411,1.16534,2424,8,0
2025-08-26 15:00:00,1.16534,1.16594,1.16444,1.16458,3344,8,0
2025-08-26 16:00:00,1.16455,1.1656,1.16368,1.1650800000000001,3778,8,0
2025-08-26 17:00:00,1.1650800000000001,1.16647,1.1643,1.16541,4323,8,0
2025-08-26 18:00:00,1.1654200000000001,1.16631,1.16483,1.1655,2887,8,0
2025-08-26 19:00:00,1.16554,1.1661,1.1648,1.16483,2049,8,0
2025-08-26 20:00:00,1.1648399999999999,1.16522,1.16371,1.16373,1851,8,0
2025-08-26 21:00:00,1.16373,1.16469,1.1633,1.16431,1951,8,0
2025-08-26 22:00:00,1.16431,1.1648100000000001,1.16393,1.16401,1660,8,0
2025-08-26 23:00:00,1.164,1.16426,1.1633,1.16402,1226,8,0
2025-08-27 00:00:00,1.16402,1.16454,1.16401,1.16427,648,36,0
2025-08-27 01:00:00,1.16427,1.16471,1.16404,1.16425,757,8,0
2025-08-27 02:00:00,1.16425,1.16434,1.16364,1.16366,748,8,0
2025-08-27 03:00:00,1.16367,1.16413,1.16332,1.1636199999999999,1488,8,0
2025-08-27 04:00:00,1.16363,1.16401,1.16303,1.16332,1800,8,0
2025-08-27 05:00:00,1.16332,1.16337,1.16243,1.16308,1362,8,0
2025-08-27 06:00:00,1.16308,1.16324,1.1621299999999999,1.16246,1036,8,0
2025-08-27 07:00:00,1.16246,1.16249,1.16116,1.16135,1132,8,0
2025-08-27 08:00:00,1.16135,1.16199,1.1613,1.16197,1299,8,0
2025-08-27 09:00:00,1.16197,1.16233,1.16139,1.16202,2205,8,0
2025-08-27 10:00:00,1.1620300000000001,1.1621299999999999,1.1595900000000001,1.1602999999999999,2785,8,0
2025-08-27 11:00:00,1.16029,1.16031,1.15766,1.15881,3199,8,0
2025-08-27 12:00:00,1.15883,1.15944,1.15859,1.15896,2170,8,0
2025-08-27 13:00:00,1.15896,1.1592,1.15783,1.15788,1798,8,0
2025-08-27 14:00:00,1.15789,1.15892,1.15736,1.15857,2237,8,0
2025-08-27 15:00:00,1.15857,1.15977,1.15839,1.15858,2960,8,0
2025-08-27 16:00:00,1.15858,1.16033,1.15838,1.15974,3552,8,0
2025-08-27 17:00:00,1.15974,1.16023,1.15816,1.15916,3824,8,0
2025-08-27 18:00:00,1.15918,1.16117,1.15917,1.16102,3090,8,0
2025-08-27 19:00:00,1.16102,1.16404,1.16102,1.16377,2589,8,0
2025-08-27 20:00:00,1.16379,1.16422,1.1632,1.16373,1948,8,0
2025-08-27 21:00:00,1.16373,1.16376,1.1627399999999999,1.163,1733,8,0
2025-08-27 22:00:00,1.16299,1.16345,1.16285,1.16331,1492,8,0
2025-08-27 23:00:00,1.16331,1.16378,1.16309,1.16369,1011,8,0
2025-08-28 00:00:00,1.16331,1.16373,1.1631,1.1636,335,20,0
2025-08-28 01:00:00,1.1636,1.16435,1.1636,1.16428,1301,8,0
2025-08-28 02:00:00,1.16428,1.16472,1.16418,1.1647,908,8,0
2025-08-28 03:00:00,1.1647,1.16488,1.16421,1.16451,1384,8,0
2025-08-28 04:00:00,1.16451,1.16499,1.1641,1.16446,1442,8,0
2025-08-28 05:00:00,1.1644700000000001,1.1654200000000001,1.16441,1.16521,1371,8,0
2025-08-28 06:00:00,1.16521,1.16539,1.16418,1.16424,961,8,0
2025-08-28 07:00:00,1.16425,1.16435,1.16383,1.16393,963,8,0
2025-08-28 08:00:00,1.16393,1.16402,1.16354,1.16369,1036,8,0
2025-08-28 09:00:00,1.1637,1.16446,1.16334,1.1642299999999999,2277,8,0
2025-08-28 10:00:00,1.16422,1.1649,1.16334,1.16432,2736,8,0
2025-08-28 11:00:00,1.16429,1.1645,1.16286,1.16419,2680,8,0
2025-08-28 12:00:00,1.16419,1.1654,1.16419,1.16483,2213,8,0
2025-08-28 13:00:00,1.16483,1.16744,1.16477,1.16709,2167,8,0
2025-08-28 14:00:00,1.16709,1.16731,1.16589,1.1666,2161,8,0
2025-08-28 15:00:00,1.16662,1.16866,1.1662,1.1669100000000001,4528,8,0
2025-08-28 16:00:00,1.1669100000000001,1.16767,1.16581,1.16715,4366,8,0
2025-08-28 17:00:00,1.16717,1.16855,1.16655,1.16698,4128,8,0
2025-08-28 18:00:00,1.16698,1.16748,1.16607,1.16716,3098,8,0
2025-08-28 19:00:00,1.16717,1.16894,1.16713,1.16888,1887,8,0
2025-08-28 20:00:00,1.16888,1.1696900000000001,1.16864,1.1687400000000001,1736,8,0
2025-08-28 21:00:00,1.1687400000000001,1.16896,1.16843,1.16885,1299,8,0
2025-08-28 22:00:00,1.16885,1.16896,1.16817,1.16821,1158,8,0
2025-08-28 23:00:00,1.16821,1.16829,1.16757,1.16812,964,8,0
2025-08-29 00:00:00,1.168,1.16809,1.16746,1.16775,831,24,0
2025-08-29 01:00:00,1.1677,1.16802,1.16731,1.1673499999999999,1112,8,0
2025-08-29 02:00:00,1.1673499999999999,1.16814,1.16732,1.16781,824,8,0
2025-08-29 03:00:00,1.16782,1.16816,1.16722,1.16742,1402,8,0
2025-08-29 04:00:00,1.16742,1.16759,1.16557,1.16582,1999,8,0
2025-08-29 05:00:00,1.16584,1.16646,1.16584,1.1661299999999999,1452,8,0
2025-08-29 06:00:00,1.1661299999999999,1.16643,1.16594,1.16621,984,8,0
2025-08-29 07:00:00,1.16621,1.16642,1.1657899999999999,1.16642,855,8,0
2025-08-29 08:00:00,1.16642,1.16697,1.16608,1.16693,1217,8,0
2025-08-29 09:00:00,1.16693,1.167,1.16607,1.16676,2019,8,0
2025-08-29 10:00:00,1.16667,1.16765,1.16623,1.16753,2786,8,0
2025-08-29 11:00:00,1.16753,1.16897,1.1669,1.1675200000000001,2904,8,0
2025-08-29 12:00:00,1.1675200000000001,1.1682,1.16684,1.16724,2348,8,0
2025-08-29 13:00:00,1.1672500000000001,1.16739,1.16646,1.16672,2031,8,0
2025-08-29 14:00:00,1.16672,1.16676,1.16606,1.16624,1915,8,0
2025-08-29 15:00:00,1.16624,1.16635,1.16504,1.1658,3639,8,0
2025-08-29 16:00:00,1.1658,1.16726,1.16529,1.16682,3663,8,0
2025-08-29 17:00:00,1.16687,1.17045,1.16687,1.17039,5097,8,0
2025-08-29 18:00:00,1.17039,1.17083,1.16939,1.16939,3583,8,0
2025-08-29 19:00:00,1.16939,1.17066,1.16931,1.17011,2158,8,0
2025-08-29 20:00:00,1.17009,1.17025,1.16957,1.16959,1400,8,0
2025-08-29 21:00:00,1.16959,1.1699,1.16929,1.1697899999999999,1197,8,0
2025-08-29 22:00:00,1.16978,1.1699,1.16927,1.16977,1302,8,0
2025-08-29 23:00:00,1.16978,1.17001,1.16804,1.16825,1082,8,0
2025-09-01 00:00:00,1.16943,1.16946,1.16846,1.16865,412,23,0
2025-09-01 01:00:00,1.16865,1.16901,1.1685699999999999,1.1688,720,8,0
2025-09-01 02:00:00,1.1688,1.16899,1.16863,1.16897,776,9,0
2025-09-01 03:00:00,1.16897,1.16974,1.16894,1.16966,1299,8,0
2025-09-01 04:00:00,1.16967,1.16968,1.16875,1.16942,1656,8,0
2025-09-01 05:00:00,1.16942,1.17132,1.16942,1.17112,1921,8,0
2025-09-01 06:00:00,1.17114,1.17138,1.17042,1.17077,1238,8,0
2025-09-01 07:00:00,1.17076,1.17096,1.17043,1.17078,1120,8,0
2025-09-01 08:00:00,1.17078,1.1715,1.17078,1.1714,1409,8,0
2025-09-01 09:00:00,1.17135,1.17328,1.17129,1.17246,2608,8,0
2025-09-01 10:00:00,1.1724700000000001,1.17273,1.17146,1.17248,2530,8,0
2025-09-01 11:00:00,1.17248,1.17357,1.17156,1.17348,2280,8,0
2025-09-01 12:00:00,1.17347,1.17356,1.17182,1.1719,2242,8,0
2025-09-01 13:00:00,1.1719,1.17254,1.17176,1.1718899999999999,1725,8,0
2025-09-01 14:00:00,1.1718899999999999,1.17287,1.17126,1.1714,2049,8,0
2025-09-01 15:00:00,1.17135,1.17173,1.17062,1.17068,2094,8,0
2025-09-01 16:00:00,1.1707,1.17156,1.17045,1.17073,2000,0,0
2025-09-01 17:00:00,1.17073,1.17137,1.1705,1.17103,2226,0,0
2025-09-01 18:00:00,1.17105,1.1711,1.16991,1.16992,1551,8,0
2025-09-01 19:00:00,1.16992,1.17042,1.16961,1.17042,1158,8,0
2025-09-01 20:00:00,1.17041,1.17046,1.17008,1.17038,679,8,0
2025-09-01 21:00:00,1.17039,1.1707,1.17033,1.17069,686,10,0
2025-09-01 22:00:00,1.17069,1.17132,1.1706699999999999,1.17123,706,8,0
2025-09-01 23:00:00,1.17123,1.1713,1.17083,1.17106,848,8,0
2025-09-02 00:00:00,1.17061,1.17084,1.17046,1.17066,424,22,0
2025-09-02 01:00:00,1.17068,1.17132,1.17064,1.17105,731,8,0
2025-09-02 02:00:00,1.17109,1.17177,1.17103,1.17143,832,2,0
2025-09-02 03:00:00,1.17143,1.17153,1.17027,1.17039,1810,8,0
2025-09-02 04:00:00,1.1703999999999999,1.17064,1.16989,1.17031,2459,8,0
2025-09-02 05:00:00,1.17031,1.17035,1.1691799999999999,1.16978,1766,8,0
2025-09-02 06:00:00,1.1697899999999999,1.16987,1.16925,1.16946,1245,8,0
2025-09-02 07:00:00,1.16946,1.16955,1.16894,1.16928,1127,8,0
2025-09-02 08:00:00,1.16928,1.16965,1.16867,1.16938,1447,2,0
2025-09-02 09:00:00,1.1694,1.17058,1.1694,1.17027,2325,8,0
2025-09-02 10:00:00,1.17026,1.1706,1.16424,1.16452,5233,1,0
2025-09-02 11:00:00,1.1645699999999999,1.16551,1.16332,1.16446,4845,8,0
2025-09-02 12:00:00,1.16445,1.1648,1.16234,1.16371,3964,8,0
2025-09-02 13:00:00,1.16371,1.16413,1.16262,1.16313,3384,8,0
2025-09-02 14:00:00,1.16313,1.1649,1.16275,1.16462,3527,8,0
2025-09-02 15:00:00,1.16462,1.16525,1.16125,1.16167,4578,8,0
2025-09-02 16:00:00,1.16167,1.1650800000000001,1.16145,1.1649,4678,8,0
2025-09-02 17:00:00,1.16502,1.16821,1.16497,1.16619,5690,8,0
2025-09-02 18:00:00,1.16619,1.16679,1.16489,1.1652,3884,8,0
2025-09-02 19:00:00,1.1652,1.1654200000000001,1.1642299999999999,1.16436,2415,8,0
2025-09-02 20:00:00,1.16437,1.16478,1.16409,1.16419,1680,8,0
2025-09-02 21:00:00,1.16419,1.16429,1.16289,1.1633,2008,8,0
2025-09-02 22:00:00,1.16331,1.16407,1.16315,1.16403,1410,2,0
2025-09-02 23:00:00,1.16411,1.16429,1.16376,1.16402,1051,8,0
2025-09-03 00:00:00,1.16339,1.16414,1.16326,1.16405,405,10,0
2025-09-03 01:00:00,1.16405,1.16436,1.1636199999999999,1.16365,950,8,0
2025-09-03 02:00:00,1.16366,1.16375,1.16321,1.16323,786,8,0
2025-09-03 03:00:00,1.16323,1.1635900000000001,1.16284,1.16326,1624,8,0
2025-09-03 04:00:00,1.16326,1.16349,1.16258,1.1629800000000001,1914,8,0
2025-09-03 05:00:00,1.1629800000000001,1.16348,1.16243,1.16268,1483,8,0
2025-09-03 06:00:00,1.16268,1.16297,1.16225,1.16229,1247,8,0
2025-09-03 07:00:00,1.16229,1.16312,1.1621299999999999,1.16312,1137,8,0
2025-09-03 08:00:00,1.16312,1.16339,1.16257,1.16295,1229,8,0
2025-09-03 09:00:00,1.16295,1.16424,1.16279,1.16328,2218,8,0
2025-09-03 10:00:00,1.16324,1.16355,1.16077,1.16351,3745,8,0
2025-09-03 11:00:00,1.16351,1.1657,1.16351,1.16559,2903,8,0
2025-09-03 12:00:00,1.16559,1.16642,1.16516,1.16558,2291,8,0
2025-09-03 13:00:00,1.16558,1.16572,1.16393,1.16429,2157,8,0
2025-09-03 14:00:00,1.16428,1.1654,1.16393,1.16512,2141,0,0
2025-09-03 15:00:00,1.16512,1.16583,1.16442,1.16477,3012,8,0
2025-09-03 16:00:00,1.16477,1.16536,1.16382,1.1648399999999999,3937,8,0
2025-09-03 17:00:00,1.1648100000000001,1.16798,1.1648100000000001,1.16631,5342,8,0
2025-09-03 18:00:00,1.16631,1.16816,1.16626,1.16744,3339,8,0
2025-09-03 19:00:00,1.16746,1.1677,1.16661,1.16748,1999,8,0
2025-09-03 20:00:00,1.16748,1.16767,1.16582,1.16605,1667,2,0
2025-09-03 21:00:00,1.16605,1.16673,1.16576,1.16612,1833,8,0
2025-09-03 22:00:00,1.16612,1.16622,1.16553,1.16574,1336,8,0
2025-09-03 23:00:00,1.16574,1.1663999999999999,1.16551,1.16602,873,8,0
2025-09-04 00:00:00,1.16584,1.16621,1.16552,1.16594,1018,17,0
2025-09-04 01:00:00,1.16597,1.16627,1.16593,1.16596,745,8,0
2025-09-04 02:00:00,1.16596,1.16618,1.16559,1.16604,785,2,0
2025-09-04 03:00:00,1.16609,1.16617,1.16541,1.16582,1993,2,0
2025-09-04 04:00:00,1.16583,1.16689,1.16519,1.16578,2099,8,0
2025-09-04 05:00:00,1.16576,1.16584,1.16505,1.16524,1530,8,0
2025-09-04 06:00:00,1.16526,1.16551,1.16498,1.16526,1273,8,0
2025-09-04 07:00:00,1.16526,1.16544,1.16499,1.1651,1002,9,0
2025-09-04 08:00:00,1.1651,1.16547,1.16479,1.16546,1298,8,0
2025-09-04 09:00:00,1.16548,1.16608,1.16499,1.16517,2267,1,0
2025-09-04 10:00:00,1.1651799999999999,1.16588,1.16439,1.16505,2590,1,0
2025-09-04 11:00:00,1.16504,1.16595,1.1648100000000001,1.16572,2451,1,0
2025-09-04 12:00:00,1.16573,1.16599,1.16395,1.16433,2497,1,0
2025-09-04 13:00:00,1.16434,1.16598,1.1643,1.1653,2298,1,0
2025-09-04 14:00:00,1.1653,1.16531,1.16392,1.16429,2298,0,0
2025-09-04 15:00:00,1.16431,1.16584,1.16302,1.16461,5033,0,0
2025-09-04 16:00:00,1.1646,1.16555,1.16373,1.165,3694,0,0
2025-09-04 17:00:00,1.16486,1.1651799999999999,1.16316,1.16348,4659,0,0
2025-09-04 18:00:00,1.16352,1.165,1.16311,1.1648,2415,0,0
2025-09-04 19:00:00,1.16479,1.1648399999999999,1.16336,1.16398,1858,2,0
2025-09-04 20:00:00,1.16398,1.16403,1.16343,1.16378,1226,2,0
2025-09-04 21:00:00,1.16379,1.1648,1.16364,1.16435,1317,2,0
2025-09-04 22:00:00,1.16439,1.1652,1.16436,1.16505,1096,2,0
2025-09-04 23:00:00,1.16498,1.1651799999999999,1.16477,1.16498,539,4,0
2025-09-05 00:00:00,1.16459,1.16496,1.16427,1.16491,434,21,0
2025-09-05 01:00:00,1.16492,1.16531,1.16479,1.16482,496,4,0
2025-09-05 02:00:00,1.1649,1.1657899999999999,1.16485,1.16564,733,2,0
2025-09-05 03:00:00,1.16564,1.1661,1.1652,1.16595,1373,2,0
2025-09-05 04:00:00,1.16593,1.16717,1.16593,1.16704,1275,2,0
2025-09-05 05:00:00,1.16703,1.16745,1.16679,1.16679,1030,2,0
2025-09-05 06:00:00,1.16679,1.16736,1.16659,1.16709,906,2,0
2025-09-05 07:00:00,1.1671,1.1672,1.16647,1.16672,816,2,0
2025-09-05 08:00:00,1.16672,1.1678,1.16663,1.16772,1003,2,0
2025-09-05 09:00:00,1.16771,1.16776,1.16647,1.16695,2198,1,0
2025-09-05 10:00:00,1.16693,1.1679,1.16662,1.16781,2173,1,0
2025-09-05 11:00:00,1.1678,1.16845,1.16751,1.16831,1841,1,0
2025-09-05 12:00:00,1.16831,1.16923,1.16812,1.16882,2100,1,0
2025-09-05 13:00:00,1.16881,1.16966,1.16869,1.16913,1781,1,0
2025-09-05 14:00:00,1.16911,1.16917,1.16775,1.16869,2345,0,0
2025-09-05 15:00:00,1.16871,1.17503,1.16859,1.17347,8562,0,0
2025-09-05 16:00:00,1.1735,1.17504,1.1714,1.1749100000000001,7273,0,0
2025-09-05 17:00:00,1.1749100000000001,1.17595,1.17231,1.1736900000000001,6004,0,0
2025-09-05 18:00:00,1.17367,1.17593,1.17346,1.17586,3557,0,0
2025-09-05 19:00:00,1.17586,1.17597,1.17363,1.17391,2660,2,0
2025-09-05 20:00:00,1.17393,1.17394,1.17245,1.17255,2244,2,0
2025-09-05 21:00:00,1.17254,1.17266,1.17142,1.17174,1585,2,0
2025-09-05 22:00:00,1.17173,1.17232,1.1712799999999999,1.17174,1340,2,0
2025-09-05 23:00:00,1.1717,1.17211,1.17141,1.17167,835,4,0
2025-09-08 00:00:00,1.17089,1.17173,1.17071,1.17165,318,16,0
2025-09-08 01:00:00,1.17171,1.17209,1.17027,1.17055,1405,17,0
2025-09-08 02:00:00,1.17063,1.17161,1.17056,1.17118,1168,2,0
2025-09-08 03:00:00,1.17119,1.17133,1.17046,1.17126,1588,2,0
2025-09-08 04:00:00,1.17127,1.17174,1.17073,1.17123,1740,2,0
2025-09-08 05:00:00,1.1712500000000001,1.17166,1.17102,1.17146,1454,2,0
2025-09-08 06:00:00,1.17146,1.1716,1.1708,1.17097,1022,2,0
2025-09-08 07:00:00,1.17096,1.17143,1.17058,1.17132,887,2,0
2025-09-08 08:00:00,1.17131,1.17212,1.17122,1.17147,1341,2,0
2025-09-08 09:00:00,1.17147,1.17279,1.17117,1.1727,2731,1,0
2025-09-08 10:00:00,1.17271,1.17342,1.17205,1.17331,2960,1,0
2025-09-08 11:00:00,1.17332,1.1743000000000001,1.17257,1.17315,2911,1,0
2025-09-08 12:00:00,1.17311,1.17315,1.17207,1.17235,2173,1,0
2025-09-08 13:00:00,1.17234,1.1729,1.17199,1.17259,2141,1,0
2025-09-08 14:00:00,1.1726,1.1732,1.17245,1.17295,1887,0,0
2025-09-08 15:00:00,1.17293,1.17416,1.17228,1.17378,3160,0,0
2025-09-08 16:00:00,1.17375,1.17564,1.17363,1.17509,3189,0,0
2025-09-08 17:00:00,1.17509,1.17545,1.17397,1.1745700000000001,3456,0,0
2025-09-08 18:00:00,1.1745700000000001,1.17525,1.17433,1.175,2433,0,0
2025-09-08 19:00:00,1.17499,1.1752,1.17348,1.17402,1953,2,0
2025-09-08 20:00:00,1.17403,1.17472,1.17347,1.17395,1572,2,0
2025-09-08 21:00:00,1.1739600000000001,1.17629,1.17394,1.17614,1676,2,0
2025-09-08 22:00:00,1.17609,1.17658,1.17595,1.17628,1434,2,0
2025-09-08 23:00:00,1.1762,1.17631,1.17585,1.17622,959,4,0
2025-09-09 00:00:00,1.17588,1.1761300000000001,1.17556,1.17604,607,8,0
2025-09-09 01:00:00,1.17606,1.1764999999999999,1.17605,1.1761300000000001,758,4,0
2025-09-09 02:00:00,1.17621,1.17729,1.17621,1.17685,1026,2,0
2025-09-09 03:00:00,1.17685,1.1774499999999999,1.17653,1.1771,1331,2,0
2025-09-09 04:00:00,1.1771,1.17777,1.17656,1.17749,1302,2,0
2025-09-09 05:00:00,1.17748,1.1777,1.17676,1.17687,1356,2,0
2025-09-09 06:00:00,1.17687,1.17702,1.17633,1.17639,885,2,0
2025-09-09 07:00:00,1.1764000000000001,1.17758,1.17637,1.17725,941,2,0
2025-09-09 08:00:00,1.17724,1.17803,1.1771099999999999,1.17787,1482,2,0
2025-09-09 09:00:00,1.17784,1.1779600000000001,1.1756,1.1764999999999999,2738,1,0
2025-09-09 10:00:00,1.1764999999999999,1.17686,1.17475,1.17526,2985,1,0
2025-09-09 11:00:00,1.17524,1.1762299999999999,1.17441,1.17593,3851,1,0
2025-09-09 12:00:00,1.17593,1.17723,1.17591,1.17675,2811,1,0
2025-09-09 13:00:00,1.17673,1.17714,1.17524,1.17537,2452,1,0
2025-09-09 14:00:00,1.17539,1.17547,1.1741,1.17421,1986,0,0
2025-09-09 15:00:00,1.17424,1.17453,1.17275,1.17376,3273,0,0
2025-09-09 16:00:00,1.17377,1.1749,1.17338,1.17419,3488,0,0
2025-09-09 17:00:00,1.17424,1.17622,1.17226,1.17305,6915,0,0
2025-09-09 18:00:00,1.17306,1.17315,1.17156,1.17217,3292,0,0
2025-09-09 19:00:00,1.17216,1.17301,1.17185,1.17192,2325,2,0
2025-09-09 20:00:00,1.17193,1.17238,1.17083,1.17097,2383,2,0
2025-09-09 21:00:00,1.17096,1.17149,1.17039,1.17064,2054,2,0
2025-09-09 22:00:00,1.17063,1.17093,1.17037,1.17069,1282,2,0
2025-09-09 23:00:00,1.17061,1.17106,1.17034,1.17094,920,4,0
2025-09-10 00:00:00,1.17027,1.17108,1.17027,1.17108,784,10,0
2025-09-10 01:00:00,1.17109,1.17134,1.17076,1.17115,565,4,0
2025-09-10 02:00:00,1.17122,1.17123,1.16972,1.1702,1158,2,0
2025-09-10 03:00:00,1.17019,1.17026,1.16958,1.16972,1269,2,0
2025-09-10 04:00:00,1.16974,1.17027,1.16892,1.16997,1728,2,0
2025-09-10 05:00:00,1.16999,1.17085,1.16993,1.17068,1327,2,0
2025-09-10 06:00:00,1.17069,1.17103,1.17066,1.17082,911,2,0
2025-09-10 07:00:00,1.17084,1.17155,1.17072,1.17153,958,2,0
2025-09-10 08:00:00,1.17153,1.17161,1.17047,1.17081,1480,2,0
2025-09-10 09:00:00,1.17081,1.17181,1.16915,1.16981,2942,1,0
2025-09-10 10:00:00,1.16981,1.17079,1.16826,1.17026,3679,1,0
2025-09-10 11:00:00,1.17027,1.1703999999999999,1.16909,1.16998,2650,1,0
2025-09-10 12:00:00,1.16997,1.17168,1.16982,1.17132,2434,1,0
2025-09-10 13:00:00,1.17132,1.17147,1.16962,1.17001,2130,1,0
2025-09-10 14:00:00,1.17001,1.17071,1.16951,1.17044,2012,0,0
2025-09-10 15:00:00,1.17045,1.17275,1.16915,1.17,6037,0,0
2025-09-10 16:00:00,1.17002,1.17248,1.16956,1.17199,4832,0,0
2025-09-10 17:00:00,1.17199,1.17307,1.17148,1.17275,4065,0,0
2025-09-10 18:00:00,1.17276,1.17303,1.17129,1.17144,2357,0,0
2025-09-10 19:00:00,1.1714,1.17164,1.17023,1.17059,1941,2,0
2025-09-10 20:00:00,1.17058,1.17115,1.17016,1.17056,1590,2,0
2025-09-10 21:00:00,1.17054,1.17124,1.17023,1.17049,1521,2,0
2025-09-10 22:00:00,1.17047,1.17049,1.16932,1.17005,1329,2,0
2025-09-10 23:00:00,1.16998,1.17007,1.16929,1.16939,830,4,0
2025-09-11 00:00:00,1.1693,1.17007,1.16926,1.16996,753,21,0
2025-09-11 01:00:00,1.16998,1.17028,1.16975,1.17022,482,4,0
2025-09-11 02:00:00,1.1703000000000001,1.17071,1.1701,1.17028,551,2,0
2025-09-11 03:00:00,1.17028,1.17028,1.16933,1.16939,998,2,0
2025-09-11 04:00:00,1.16938,1.1703000000000001,1.16927,1.16972,1057,2,0
2025-09-11 05:00:00,1.16973,1.16991,1.16934,1.16968,779,2,0
2025-09-11 06:00:00,1.16967,1.17004,1.16944,1.1696,788,2,0
2025-09-11 07:00:00,1.16959,1.16994,1.16938,1.1699,717,2,0
2025-09-11 08:00:00,1.16991,1.16997,1.16891,1.16896,1195,2,0
2025-09-11 09:00:00,1.16895,1.1696900000000001,1.16835,1.16911,3040,1,0
2025-09-11 10:00:00,1.16909,1.16966,1.16866,1.16928,2967,1,0
2025-09-11 11:00:00,1.16929,1.16954,1.1688399999999999,1.1692,2135,1,0
2025-09-11 12:00:00,1.16917,1.16931,1.16775,1.1685699999999999,2549,1,0
2025-09-11 13:00:00,1.1685699999999999,1.1688399999999999,1.16799,1.16829,2133,1,0
2025-09-11 14:00:00,1.16829,1.16914,1.16782,1.1684,2708,0,0
2025-09-11 15:00:00,1.16839,1.17211,1.16604,1.17148,9427,0,0
2025-09-11 16:00:00,1.17148,1.17411,1.17138,1.17391,7589,0,0
2025-09-11 17:00:00,1.17386,1.17445,1.17251,1.17277,5016,0,0
2025-09-11 18:00:00,1.17276,1.17463,1.1726,1.17315,3299,0,0
2025-09-11 19:00:00,1.17314,1.17398,1.1730800000000001,1.17367,2132,2,0
2025-09-11 20:00:00,1.17368,1.17389,1.17276,1.17316,2110,2,0
2025-09-11 21:00:00,1.17316,1.17384,1.17303,1.17352,1420,2,0
2025-09-11 22:00:00,1.17352,1.17392,1.17332,1.17367,1347,2,0
2025-09-11 23:00:00,1.1736,1.17387,1.17352,1.17352,1087,4,0
2025-09-12 00:00:00,1.17307,1.17353,1.1729,1.17342,771,21,0
2025-09-12 01:00:00,1.17346,1.17401,1.17337,1.17381,668,4,0
2025-09-12 02:00:00,1.17388,1.17401,1.17327,1.17333,903,2,0
2025-09-12 03:00:00,1.17333,1.17343,1.17272,1.17333,1542,2,0
2025-09-12 04:00:00,1.17334,1.17346,1.1724999999999999,1.17252,1198,2,0
2025-09-12 05:00:00,1.17254,1.17293,1.17235,1.1727,936,2,0
2025-09-12 06:00:00,1.1727,1.17273,1.17225,1.17255,880,2,0
2025-09-12 07:00:00,1.17253,1.17272,1.17206,1.17258,914,2,0
2025-09-12 08:00:00,1.1726,1.17336,1.17238,1.17306,1123,2,0
2025-09-12 09:00:00,1.17311,1.1740599999999999,1.17218,1.17394,3014,1,0
2025-09-12 10:00:00,1.17395,1.17479,1.1736900000000001,1.17409,3239,1,0
2025-09-12 11:00:00,1.17409,1.17415,1.17154,1.17171,3358,1,0
2025-09-12 12:00:00,1.1717,1.17253,1.17126,1.1722,2426,1,0
2025-09-12 13:00:00,1.17221,1.17348,1.17219,1.17337,2118,1,0
2025-09-12 14:00:00,1.17337,1.17356,1.17205,1.17214,2440,0,0
2025-09-12 15:00:00,1.17216,1.17231,1.17011,1.17126,3629,0,0
2025-09-12 16:00:00,1.17126,1.17171,1.17033,1.17129,3481,0,0
2025-09-12 17:00:00,1.1712500000000001,1.17285,1.17122,1.17248,4051,0,0
2025-09-12 18:00:00,1.17248,1.17281,1.17132,1.17137,2531,0,0
2025-09-12 19:00:00,1.17137,1.17317,1.17097,1.17266,1899,2,0
2025-09-12 20:00:00,1.17266,1.17381,1.17266,1.17317,1540,2,0
2025-09-12 21:00:00,1.17319,1.17418,1.17318,1.17414,1266,2,0
2025-09-12 22:00:00,1.17415,1.17415,1.17337,1.17368,1097,2,0
2025-09-12 23:00:00,1.17357,1.17357,1.1728,1.1734,1294,4,0
2025-09-15 00:00:00,1.17269,1.1735,1.17269,1.17319,432,8,0
2025-09-15 01:00:00,1.17313,1.1734499999999999,1.17267,1.17276,683,4,0
2025-09-15 02:00:00,1.17283,1.17314,1.17249,1.17256,618,2,0
2025-09-15 03:00:00,1.17254,1.1728,1.17215,1.17266,1067,2,0
2025-09-15 04:00:00,1.17267,1.17295,1.17226,1.17278,1205,2,0
2025-09-15 05:00:00,1.17278,1.17293,1.17245,1.17278,856,2,0
2025-09-15 06:00:00,1.17279,1.1734499999999999,1.17271,1.17314,947,2,0
2025-09-15 07:00:00,1.17315,1.17353,1.17306,1.17343,767,2,0
2025-09-15 08:00:00,1.1734499999999999,1.17346,1.17277,1.17287,891,2,0
2025-09-15 09:00:00,1.17287,1.17302,1.1716,1.17249,2230,1,0
2025-09-15 10:00:00,1.17248,1.17444,1.17241,1.17334,3268,1,0
2025-09-15 11:00:00,1.17333,1.17438,1.17298,1.1736900000000001,3717,1,0
2025-09-15 12:00:00,1.17367,1.17519,1.17364,1.1746,2556,1,0
2025-09-15 13:00:00,1.1746,1.1763,1.1746,1.17524,2246,1,0
2025-09-15 14:00:00,1.17525,1.17635,1.17525,1.17614,1912,0,0
2025-09-15 15:00:00,1.17614,1.1771099999999999,1.1761,1.17693,2933,0,0
2025-09-15 16:00:00,1.17698,1.17733,1.17575,1.17586,3160,0,0
2025-09-15 17:00:00,1.17585,1.17608,1.17506,1.17581,3124,0,0
2025-09-15 18:00:00,1.1758,1.17724,1.17563,1.17712,2370,0,0
2025-09-15 19:00:00,1.1771,1.17747,1.17559,1.17587,2083,2,0
2025-09-15 20:00:00,1.17585,1.1773,1.17577,1.17706,1397,2,0
2025-09-15 21:00:00,1.17706,1.17725,1.1766,1.17691,1295,2,0
2025-09-15 22:00:00,1.17693,1.17717,1.1764000000000001,1.17656,1133,2,0
2025-09-15 23:00:00,1.17647,1.17681,1.17594,1.17605,827,4,0
2025-09-16 00:00:00,1.17593,1.17654,1.17592,1.17646,587,21,0
2025-09-16 01:00:00,1.17649,1.17664,1.1761,1.17627,564,5,0
2025-09-16 02:00:00,1.17628,1.1766,1.17628,1.1763,444,2,0
2025-09-16 03:00:00,1.17629,1.17662,1.1757,1.17622,1334,2,0
2025-09-16 04:00:00,1.17624,1.17695,1.1758,1.17672,1357,2,0
2025-09-16 05:00:00,1.17673,1.17775,1.17671,1.1776200000000001,1230,2,0
2025-09-16 06:00:00,1.1776200000000001,1.17871,1.17739,1.17799,1479,2,0
2025-09-16 07:00:00,1.178,1.17805,1.17737,1.17765,1200,2,0
2025-09-16 08:00:00,1.17764,1.17803,1.17734,1.17778,1398,2,0
2025-09-16 09:00:00,1.17778,1.17916,1.17778,1.17872,3080,1,0
2025-09-16 10:00:00,1.17873,1.1802,1.17866,1.17942,3218,1,0
2025-09-16 11:00:00,1.17942,1.18042,1.179,1.17947,2905,1,0
2025-09-16 12:00:00,1.17948,1.18182,1.17948,1.18139,3379,1,0
2025-09-16 13:00:00,1.1814,1.18157,1.1804000000000001,1.18079,2565,1,0
2025-09-16 14:00:00,1.18079,1.18216,1.1801300000000001,1.18143,3111,0,0
2025-09-16 15:00:00,1.18144,1.18156,1.1789399999999999,1.18043,4686,0,0
2025-09-16 16:00:00,1.18044,1.18272,1.18038,1.18238,4588,0,0
2025-09-16 17:00:00,1.18238,1.18533,1.1821,1.18515,5348,0,0
2025-09-16 18:00:00,1.18515,1.18534,1.18354,1.1847,3747,0,0
2025-09-16 19:00:00,1.18469,1.1872,1.1846,1.18642,2925,2,0
2025-09-16 20:00:00,1.18639,1.18787,1.18632,1.1865700000000001,2437,2,0
2025-09-16 21:00:00,1.18659,1.18712,1.18615,1.1867,1659,2,0
2025-09-16 22:00:00,1.18669,1.18692,1.18581,1.18606,1439,2,0
2025-09-16 23:00:00,1.18597,1.18682,1.1857199999999999,1.18659,1051,4,0
2025-09-17 00:00:00,1.18588,1.18652,1.18503,1.18632,642,21,0
2025-09-17 01:00:00,1.18632,1.18682,1.18627,1.18652,598,4,0
2025-09-17 02:00:00,1.18659,1.18731,1.18659,1.18705,674,2,0
2025-09-17 03:00:00,1.18708,1.18731,1.18576,1.18586,1462,2,0
2025-09-17 04:00:00,1.18584,1.18595,1.18519,1.1856,1427,2,0
2025-09-17 05:00:00,1.18559,1.18579,1.18509,1.18555,1041,2,0
2025-09-17 06:00:00,1.18554,1.18578,1.1851099999999999,1.18523,783,2,0
2025-09-17 07:00:00,1.18522,1.18556,1.1851,1.1853799999999999,794,2,0
2025-09-17 08:00:00,1.1853799999999999,1.1859899999999999,1.1853799999999999,1.18583,1082,2,0
2025-09-17 09:00:00,1.18583,1.186,1.18513,1.18558,2111,1,0
2025-09-17 10:00:00,1.18557,1.18564,1.18381,1.18408,2718,1,0
2025-09-17 11:00:00,1.18407,1.18514,1.18397,1.18484,2016,1,0
2025-09-17 12:00:00,1.18485,1.18496,1.18412,1.18453,1896,1,0
2025-09-17 13:00:00,1.18453,1.1847,1.18327,1.1836,2158,1,0
2025-09-17 14:00:00,1.1836,1.18461,1.18348,1.18392,2081,0,0
2025-09-17 15:00:00,1.18393,1.18452,1.18341,1.18432,2274,0,0
2025-09-17 16:00:00,1.18433,1.18531,1.18422,1.18497,2643,0,0
2025-09-17 17:00:00,1.18497,1.18595,1.18458,1.18494,3109,0,0
2025-09-17 18:00:00,1.18493,1.1852800000000001,1.18434,1.18449,2161,0,0
2025-09-17 19:00:00,1.18447,1.18563,1.1842,1.1852800000000001,1969,2,0
2025-09-17 20:00:00,1.18527,1.18553,1.18468,1.1852,1722,2,0
2025-09-17 21:00:00,1.18525,1.19185,1.18188,1.18346,13863,2,0
2025-09-17 22:00:00,1.1835,1.18567,1.18202,1.18241,7523,2,0
2025-09-17 23:00:00,1.1823299999999999,1.18269,1.18069,1.1812,2053,5,0
2025-09-18 00:00:00,1.18102,1.18163,1.18095,1.18152,447,19,0
2025-09-18 01:00:00,1.18156,1.18217,1.18116,1.1818,1097,5,0
2025-09-18 02:00:00,1.18187,1.18289,1.1818,1.18248,1026,2,0
2025-09-18 03:00:00,1.18254,1.18278,1.18153,1.18249,1974,2,0
2025-09-18 04:00:00,1.18248,1.18282,1.18072,1.18132,2311,2,0
2025-09-18 05:00:00,1.1813500000000001,1.18227,1.18129,1.18194,1217,2,0
2025-09-18 06:00:00,1.18194,1.18222,1.18114,1.18118,975,2,0
2025-09-18 07:00:00,1.18119,1.18139,1.17934,1.17951,1387,2,0
2025-09-18 08:00:00,1.17953,1.18004,1.17856,1.17911,1930,2,0
2025-09-18 09:00:00,1.17913,1.17997,1.17803,1.17946,3240,1,0
2025-09-18 10:00:00,1.17945,1.18387,1.17936,1.18315,4132,1,0
2025-09-18 11:00:00,1.18314,1.1834500000000001,1.18207,1.1828,3274,1,0
2025-09-18 12:00:00,1.1828,1.18484,1.18269,1.18381,3140,1,0
2025-09-18 13:00:00,1.18381,1.18404,1.18308,1.18371,2152,1,0
2025-09-18 14:00:00,1.18371,1.18373,1.18198,1.18251,3208,0,0
2025-09-18 15:00:00,1.18256,1.18263,1.17951,1.17953,4719,0,0
2025-09-18 16:00:00,1.17953,1.17963,1.17503,1.17669,6213,0,0
2025-09-18 17:00:00,1.17668,1.17819,1.17627,1.17752,5280,0,0
2025-09-18 18:00:00,1.17752,1.17879,1.17693,1.17799,3807,0,0
2025-09-18 19:00:00,1.17797,1.17881,1.17718,1.17873,2501,2,0
2025-09-18 20:00:00,1.17872,1.1794,1.17854,1.1788,1994,2,0
2025-09-18 21:00:00,1.17879,1.17898,1.17817,1.17879,1519,2,0
2025-09-18 22:00:00,1.17877,1.17911,1.17822,1.17846,1374,2,0
2025-09-18 23:00:00,1.17838,1.1785700000000001,1.17802,1.17856,966,4,0
2025-09-19 00:00:00,1.17828,1.17886,1.17808,1.1786699999999999,735,21,0
2025-09-19 01:00:00,1.17869,1.17887,1.17831,1.17861,1493,4,0
2025-09-19 02:00:00,1.17868,1.17904,1.17864,1.17886,507,2,0
2025-09-19 03:00:00,1.17887,1.17906,1.1775,1.17864,1366,2,0
2025-09-19 04:00:00,1.17863,1.17869,1.17744,1.17757,1417,2,0
2025-09-19 05:00:00,1.17754,1.17808,1.17718,1.17795,1163,2,0
2025-09-19 06:00:00,1.17795,1.17927,1.17792,1.17815,1956,2,0
2025-09-19 07:00:00,1.17816,1.17897,1.177,1.17742,2173,2,0
2025-09-19 08:00:00,1.17741,1.17782,1.17706,1.17733,1414,2,0
2025-09-19 09:00:00,1.17734,1.17776,1.17631,1.17665,3678,1,0
2025-09-19 10:00:00,1.17666,1.17784,1.17574,1.1770100000000001,3762,1,0
2025-09-19 11:00:00,1.1770100000000001,1.1771099999999999,1.17513,1.1761300000000001,2977,1,0
2025-09-19 12:00:00,1.17612,1.17691,1.1756199999999999,1.17599,2223,1,0
2025-09-19 13:00:00,1.176,1.17653,1.17583,1.17614,1808,1,0
2025-09-19 14:00:00,1.17615,1.1762,1.17349,1.1737,2805,0,0
2025-09-19 15:00:00,1.17371,1.17434,1.17286,1.17363,3431,0,0
2025-09-19 16:00:00,1.17363,1.17639,1.17352,1.1757900000000001,4195,0,0
2025-09-19 17:00:00,1.17577,1.17679,1.17556,1.17575,3783,0,0
2025-09-19 18:00:00,1.17574,1.17594,1.17371,1.17524,3373,0,0
2025-09-19 19:00:00,1.17526,1.17554,1.17408,1.17534,1840,2,0
2025-09-19 20:00:00,1.17533,1.17554,1.17484,1.17508,1448,2,0
2025-09-19 21:00:00,1.17507,1.17512,1.1746699999999999,1.17482,1065,2,0
2025-09-19 22:00:00,1.17481,1.17511,1.1745,1.17477,981,2,0
2025-09-19 23:00:00,1.17468,1.17471,1.17382,1.17419,996,4,0
2025-09-22 00:00:00,1.17338,1.17466,1.1733500000000001,1.17465,470,29,0
2025-09-22 01:00:00,1.17471,1.17479,1.17381,1.17407,806,4,0
2025-09-22 02:00:00,1.17408,1.17419,1.17358,1.17366,865,2,0
2025-09-22 03:00:00,1.17361,1.1738,1.17258,1.17348,1456,2,0
2025-09-22 04:00:00,1.17348,1.1741,1.17313,1.17321,1738,2,0
2025-09-22 05:00:00,1.17321,1.17339,1.17271,1.17277,1341,2,0
2025-09-22 06:00:00,1.17276,1.17351,1.17275,1.17326,1000,2,0
2025-09-22 07:00:00,1.17325,1.17325,1.17262,1.17309,898,2,0
2025-09-22 08:00:00,1.17309,1.17387,1.17296,1.17381,1143,2,0
2025-09-22 09:00:00,1.17381,1.17489,1.17357,1.17435,2594,1,0
2025-09-22 10:00:00,1.17439,1.17545,1.17391,1.17482,2964,1,0
2025-09-22 11:00:00,1.17481,1.17693,1.17468,1.17625,2759,1,0
2025-09-22 12:00:00,1.17626,1.1776200000000001,1.17615,1.1776200000000001,2402,1,0
2025-09-22 13:00:00,1.17761,1.1786,1.1773500000000001,1.17742,2325,1,0
2025-09-22 14:00:00,1.17743,1.17825,1.17691,1.17778,2087,0,0
2025-09-22 15:00:00,1.17779,1.17872,1.17733,1.17834,3004,0,0
2025-09-22 16:00:00,1.17835,1.17882,1.17748,1.17765,1658,0,0
2025-09-22 17:00:00,1.17764,1.17771,1.17625,1.1770100000000001,3035,0,0
2025-09-22 18:00:00,1.177,1.17757,1.1764000000000001,1.17725,2194,0,0
2025-09-22 19:00:00,1.17724,1.17903,1.17713,1.17878,2235,2,0
2025-09-22 20:00:00,1.17879,1.17974,1.17852,1.17968,1405,2,0
2025-09-22 21:00:00,1.17969,1.17994,1.17919,1.17964,1293,2,0
2025-09-22 22:00:00,1.17964,1.18024,1.1795200000000001,1.17988,1066,2,0
2025-09-22 23:00:00,1.17984,1.18024,1.1797,1.1801,801,4,0
2025-09-23 00:00:00,1.17913,1.18002,1.17789,1.17988,1421,18,0
2025-09-23 01:00:00,1.17988,1.18035,1.17986,1.1801,547,2,0
2025-09-23 02:00:00,1.18012,1.18026,1.17994,1.18001,493,2,0
2025-09-23 03:00:00,1.18001,1.1807699999999999,1.17966,1.1806,1052,2,0
2025-09-23 04:00:00,1.1806,1.18202,1.18039,1.18151,1666,2,0
2025-09-23 05:00:00,1.1815,1.18169,1.18012,1.18039,1451,2,0
2025-09-23 06:00:00,1.18041,1.18065,1.17964,1.1806,1057,2,0
2025-09-23 07:00:00,1.18057,1.18081,1.17971,1.17976,981,2,0
2025-09-23 08:00:00,1.17975,1.18052,1.17945,1.17985,1473,2,0
2025-09-23 09:00:00,1.17984,1.18047,1.17899,1.17951,2619,1,0
2025-09-23 10:00:00,1.1795200000000001,1.18001,1.17791,1.1791,4289,1,0
2025-09-23 11:00:00,1.17906,1.18056,1.17838,1.1803,3552,1,0
2025-09-23 12:00:00,1.18029,1.18126,1.18001,1.1802,2440,1,0
2025-09-23 13:00:00,1.1802,1.18069,1.17906,1.17957,2469,1,0
2025-09-23 14:00:00,1.17958,1.18003,1.17913,1.1792,2065,0,0
2025-09-23 15:00:00,1.17921,1.17987,1.17843,1.17966,2551,0,0
2025-09-23 16:00:00,1.17965,1.18048,1.17841,1.17997,4293,0,0
2025-09-23 17:00:00,1.17997,1.18055,1.17924,1.17957,3952,0,0
2025-09-23 18:00:00,1.1795499999999999,1.17995,1.17879,1.17981,2440,0,0
2025-09-23 19:00:00,1.1798,1.18096,1.17913,1.18045,3178,2,0
2025-09-23 20:00:00,1.18043,1.18179,1.18026,1.18121,2633,2,0
2025-09-23 21:00:00,1.1812,1.1817,1.18081,1.18114,1806,2,0
2025-09-23 22:00:00,1.18113,1.18177,1.18072,1.18168,1616,2,0
2025-09-23 23:00:00,1.18157,1.18177,1.18112,1.18141,692,4,0
2025-09-24 00:00:00,1.18117,1.18143,1.18073,1.18128,601,12,0
2025-09-24 01:00:00,1.1813,1.18184,1.1813,1.18139,1303,4,0
2025-09-24 02:00:00,1.18147,1.18174,1.18124,1.18153,714,2,0
2025-09-24 03:00:00,1.18151,1.18168,1.18034,1.18039,1479,2,0
2025-09-24 04:00:00,1.1804000000000001,1.18055,1.17973,1.18002,1955,2,0
2025-09-24 05:00:00,1.18003,1.18041,1.17959,1.1797,1337,2,0
2025-09-24 06:00:00,1.17966,1.18001,1.17947,1.1797,1005,2,0
2025-09-24 07:00:00,1.17971,1.18047,1.17954,1.1803,1006,2,0
2025-09-24 08:00:00,1.18029,1.18054,1.17922,1.1798,1477,2,0
2025-09-24 09:00:00,1.17982,1.18031,1.17859,1.17876,2648,1,0
2025-09-24 10:00:00,1.17875,1.1795,1.17843,1.17885,2816,1,0
2025-09-24 11:00:00,1.17883,1.17886,1.17662,1.1772,3419,1,0
2025-09-24 12:00:00,1.17718,1.17752,1.1762299999999999,1.17676,2416,1,0
2025-09-24 13:00:00,1.17675,1.1770100000000001,1.17508,1.17516,2366,1,0
2025-09-24 14:00:00,1.17515,1.17555,1.17463,1.1749,2450,0,0
2025-09-24 15:00:00,1.17489,1.17583,1.17397,1.1743000000000001,3592,0,0
2025-09-24 16:00:00,1.17429,1.17438,1.173,1.17382,3760,0,0
2025-09-24 17:00:00,1.17387,1.17464,1.17279,1.17426,4190,0,0
2025-09-24 18:00:00,1.17428,1.1746,1.17368,1.17414,2927,0,0
2025-09-24 19:00:00,1.17413,1.17439,1.17299,1.17322,2301,2,0
2025-09-24 20:00:00,1.17323,1.17407,1.17321,1.17375,1542,2,0
2025-09-24 21:00:00,1.17372,1.17388,1.17321,1.17362,1471,2,0
2025-09-24 22:00:00,1.17363,1.17391,1.17318,1.17376,1294,2,0
2025-09-24 23:00:00,1.17368,1.17386,1.1734,1.1737,1004,4,0
2025-09-25 00:00:00,1.17358,1.17399,1.17354,1.17387,452,21,0
2025-09-25 01:00:00,1.17388,1.17446,1.17384,1.17439,687,4,0
2025-09-25 02:00:00,1.17445,1.17462,1.17424,1.17424,589,2,0
2025-09-25 03:00:00,1.17423,1.17483,1.17403,1.17476,1222,2,0
2025-09-25 04:00:00,1.17477,1.17496,1.17403,1.17446,1271,2,0
2025-09-25 05:00:00,1.17443,1.1752,1.1743000000000001,1.1750099999999999,1248,2,0
2025-09-25 06:00:00,1.175,1.17537,1.17473,1.1752,868,2,0
2025-09-25 07:00:00,1.17521,1.17537,1.17485,1.17519,761,2,0
2025-09-25 08:00:00,1.17519,1.17525,1.17403,1.17425,1220,2,0
2025-09-25 09:00:00,1.17425,1.17526,1.17378,1.17461,2405,1,0
2025-09-25 10:00:00,1.1746,1.17482,1.17314,1.17331,3049,1,0
2025-09-25 11:00:00,1.17332,1.17447,1.17304,1.1743000000000001,2777,1,0
2025-09-25 12:00:00,1.17428,1.17519,1.17388,1.17452,2401,1,0
2025-09-25 13:00:00,1.17455,1.17541,1.17444,1.17465,1785,1,0
2025-09-25 14:00:00,1.17471,1.17474,1.17344,1.174,2572,0,0
2025-09-25 15:00:00,1.174,1.1745700000000001,1.16875,1.16983,6112,0,0
2025-09-25 16:00:00,1.16985,1.17102,1.16829,1.16861,5287,0,0
2025-09-25 17:00:00,1.16862,1.16948,1.16734,1.16765,5053,0,0
2025-09-25 18:00:00,1.16764,1.16805,1.16665,1.1672500000000001,3411,0,0
2025-09-25 19:00:00,1.16726,1.16836,1.16684,1.16703,2480,2,0
2025-09-25 20:00:00,1.16702,1.16723,1.16519,1.16577,2726,2,0
2025-09-25 21:00:00,1.16578,1.16602,1.16452,1.16523,2227,2,0
2025-09-25 22:00:00,1.16524,1.16631,1.1652,1.16609,1501,2,0
2025-09-25 23:00:00,1.16601,1.16684,1.16585,1.16645,1107,4,0
2025-09-26 00:00:00,1.1657,1.1666,1.1651,1.16583,5655,21,0
2025-09-26 01:00:00,1.1659,1.16682,1.16584,1.16671,722,4,0
2025-09-26 02:00:00,1.16678,1.16684,1.16595,1.16619,916,2,0
2025-09-26 03:00:00,1.16618,1.16712,1.16575,1.1671,1325,2,0
2025-09-26 04:00:00,1.16709,1.16737,1.16653,1.1668,1314,2,0
2025-09-26 05:00:00,1.16681,1.16795,1.16671,1.16767,1000,2,0
2025-09-26 06:00:00,1.16773,1.16788,1.16746,1.16782,809,2,0
2025-09-26 07:00:00,1.16782,1.16822,1.16742,1.16801,933,2,0
2025-09-26 08:00:00,1.16801,1.16821,1.1676,1.16767,1129,2,0
2025-09-26 09:00:00,1.16767,1.16841,1.16716,1.16799,2503,1,0
2025-09-26 10:00:00,1.16798,1.16834,1.16683,1.16732,2841,1,0
2025-09-26 11:00:00,1.16734,1.1688,1.16706,1.16808,2604,1,0
2025-09-26 12:00:00,1.16807,1.16841,1.16758,1.16787,2261,1,0
2025-09-26 13:00:00,1.16783,1.1681300000000001,1.16615,1.16633,2155,1,0
2025-09-26 14:00:00,1.16633,1.1676,1.16626,1.16675,2204,0,0
2025-09-26 15:00:00,1.1667399999999999,1.16864,1.16665,1.16827,4187,0,0
2025-09-26 16:00:00,1.16828,1.16946,1.1678,1.16836,4272,0,0
2025-09-26 17:00:00,1.16829,1.1705,1.16829,1.16909,4712,0,0
2025-09-26 18:00:00,1.1690800000000001,1.17001,1.1687,1.16912,2824,0,0
2025-09-26 19:00:00,1.16911,1.16971,1.16863,1.1693,1915,2,0
2025-09-26 20:00:00,1.16932,1.1702,1.16905,1.16995,1603,2,0
2025-09-26 21:00:00,1.16994,1.17061,1.16956,1.17034,1567,2,0
2025-09-26 22:00:00,1.17034,1.1706,1.16984,1.17057,1347,2,0
2025-09-26 23:00:00,1.17049,1.1706699999999999,1.16977,1.1699,1069,4,0
2025-09-29 00:00:00,1.16993,1.17032,1.16978,1.17016,881,22,0
2025-09-29 01:00:00,1.17031,1.17055,1.17019,1.17036,654,4,0
2025-09-29 02:00:00,1.17044,1.171,1.17039,1.17045,609,2,0
2025-09-29 03:00:00,1.17047,1.17232,1.17042,1.17215,1439,2,0
2025-09-29 04:00:00,1.17215,1.17256,1.17141,1.17228,1522,2,0
2025-09-29 05:00:00,1.17226,1.17286,1.17221,1.17257,1348,2,0
2025-09-29 06:00:00,1.17258,1.17295,1.17246,1.1724700000000001,1029,2,0
2025-09-29 07:00:00,1.17246,1.17326,1.17224,1.17266,957,2,0
2025-09-29 08:00:00,1.17267,1.17334,1.17237,1.1728399999999999,1608,2,0
2025-09-29 09:00:00,1.1728399999999999,1.17288,1.17181,1.17199,2122,1,0
2025-09-29 10:00:00,1.17195,1.17333,1.17175,1.1727,2474,1,0
2025-09-29 11:00:00,1.17271,1.17289,1.1708,1.17239,2383,1,0
2025-09-29 12:00:00,1.17239,1.17264,1.17166,1.17175,1854,1,0
2025-09-29 13:00:00,1.17176,1.1722,1.17154,1.17197,1623,1,0
2025-09-29 14:00:00,1.17197,1.17311,1.1709,1.17294,2073,0,0
2025-09-29 15:00:00,1.17291,1.17514,1.17183,1.17498,3875,0,0
2025-09-29 16:00:00,1.17497,1.17547,1.17366,1.17407,3937,0,0
2025-09-29 17:00:00,1.17407,1.17448,1.17293,1.17305,3512,0,0
2025-09-29 18:00:00,1.17299,1.17344,1.17228,1.17289,2791,0,0
2025-09-29 19:00:00,1.17288,1.17333,1.17253,1.1729,1476,2,0
2025-09-29 20:00:00,1.1728399999999999,1.17314,1.17211,1.17212,1261,2,0
2025-09-29 21:00:00,1.1721300000000001,1.17331,1.17198,1.17313,1321,2,0
2025-09-29 22:00:00,1.17312,1.17319,1.17257,1.17276,966,2,0
2025-09-29 23:00:00,1.17267,1.17272,1.17225,1.17261,727,4,0
2025-09-30 00:00:00,1.17238,1.17307,1.17141,1.17261,794,21,0
2025-09-30 01:00:00,1.17265,1.17282,1.17237,1.17267,472,4,0
2025-09-30 02:00:00,1.17275,1.17326,1.1727,1.17302,577,2,0
2025-09-30 03:00:00,1.17304,1.17315,1.1712500000000001,1.17204,1583,2,0
2025-09-30 04:00:00,1.17206,1.17258,1.17132,1.17144,1593,2,0
2025-09-30 05:00:00,1.17143,1.17239,1.17119,1.1722,972,2,0
2025-09-30 06:00:00,1.17221,1.17266,1.17201,1.1724,1019,2,0
2025-09-30 07:00:00,1.17238,1.17289,1.17182,1.17286,1177,2,0
2025-09-30 08:00:00,1.17289,1.17373,1.17278,1.17329,1499,2,0
2025-09-30 09:00:00,1.17329,1.17441,1.17307,1.1738,2403,1,0
2025-09-30 10:00:00,1.17376,1.17486,1.17364,1.1742,2687,1,0
2025-09-30 11:00:00,1.17422,1.17616,1.17422,1.17553,2774,1,0
2025-09-30 12:00:00,1.17554,1.17583,1.17449,1.1748,2208,1,0
2025-09-30 13:00:00,1.1748,1.17517,1.17403,1.17459,2226,1,0
2025-09-30 14:00:00,1.17459,1.17488,1.17364,1.17422,1908,0,0
2025-09-30 15:00:00,1.17421,1.17472,1.17329,1.17374,2697,0,0
2025-09-30 16:00:00,1.1736900000000001,1.17395,1.17164,1.17306,3864,0,0
2025-09-30 17:00:00,1.17306,1.17525,1.17241,1.17496,4808,0,0
2025-09-30 18:00:00,1.17495,1.17507,1.17256,1.17338,3644,0,0
2025-09-30 19:00:00,1.17339,1.17593,1.1733500000000001,1.17561,2343,2,0
2025-09-30 20:00:00,1.17563,1.17615,1.17465,1.1749,1939,2,0
2025-09-30 21:00:00,1.17488,1.17497,1.17355,1.17403,1694,2,0
2025-09-30 22:00:00,1.1740599999999999,1.17414,1.17361,1.17397,1315,2,0
2025-09-30 23:00:00,1.17392,1.17398,1.17321,1.1733,905,4,0
2025-10-01 00:00:00,1.17339,1.17375,1.17287,1.17349,3077,21,0
2025-10-01 01:00:00,1.1735,1.17419,1.17323,1.17332,788,5,0
2025-10-01 02:00:00,1.1734,1.17425,1.17337,1.17346,834,2,0
2025-10-01 03:00:00,1.17344,1.1738,1.17293,1.17356,1376,2,0
2025-10-01 04:00:00,1.17356,1.17405,1.173,1.17389,934,2,0
2025-10-01 05:00:00,1.17392,1.17398,1.17323,1.17374,991,2,0
2025-10-01 06:00:00,1.17375,1.17391,1.17336,1.17375,860,2,0
2025-10-01 07:00:00,1.17376,1.17582,1.17376,1.17577,1249,2,0
2025-10-01 08:00:00,1.1758,1.1767,1.17519,1.17521,1960,2,0
2025-10-01 09:00:00,1.1752,1.17748,1.17503,1.17682,3190,1,0
2025-10-01 10:00:00,1.1768,1.17789,1.17421,1.1750099999999999,4912,1,0
2025-10-01 11:00:00,1.17504,1.17658,1.17487,1.17492,3601,1,0
2025-10-01 12:00:00,1.17495,1.17544,1.17307,1.17332,2752,1,0
2025-10-01 13:00:00,1.17331,1.17337,1.17158,1.17255,3171,1,0
2025-10-01 14:00:00,1.17256,1.17403,1.1724999999999999,1.17344,2390,0,0
2025-10-01 15:00:00,1.17344,1.17688,1.1722299999999999,1.17489,7795,0,0
2025-10-01 16:00:00,1.17494,1.17617,1.17463,1.1755,4751,0,0
2025-10-01 17:00:00,1.17545,1.17638,1.17311,1.17463,6721,0,0
2025-10-01 18:00:00,1.17459,1.17496,1.17211,1.17229,4492,0,0
2025-10-01 19:00:00,1.17229,1.17269,1.1715200000000001,1.1723,2764,2,0
2025-10-01 20:00:00,1.17232,1.17325,1.17226,1.1724,2007,2,0
2025-10-01 21:00:00,1.17241,1.17418,1.17211,1.1735,2059,2,0
2025-10-01 22:00:00,1.17353,1.17371,1.17295,1.17306,1295,2,0
2025-10-01 23:00:00,1.173,1.17305,1.17252,1.173,1045,4,0
2025-10-02 00:00:00,1.17279,1.17329,1.17248,1.17315,1895,21,0
2025-10-02 01:00:00,1.1732,1.17364,1.17311,1.1733,701,4,0
2025-10-02 02:00:00,1.17338,1.17372,1.17327,1.17327,486,2,0
2025-10-02 03:00:00,1.17327,1.17348,1.17243,1.17301,1230,2,0
2025-10-02 04:00:00,1.17299,1.17394,1.17239,1.17384,1270,2,0
2025-10-02 05:00:00,1.17384,1.1742,1.17368,1.17373,816,2,0
2025-10-02 06:00:00,1.17374,1.17391,1.17324,1.17344,751,2,0
2025-10-02 07:00:00,1.1735,1.17361,1.17298,1.17342,713,2,0
2025-10-02 08:00:00,1.17347,1.1737,1.17292,1.17349,1196,2,0
2025-10-02 09:00:00,1.17352,1.17451,1.17341,1.17424,2659,1,0
2025-10-02 10:00:00,1.17428,1.17568,1.17408,1.17498,3005,1,0
2025-10-02 11:00:00,1.175,1.17569,1.17447,1.17534,2506,1,0
2025-10-02 12:00:00,1.17539,1.17584,1.17505,1.17547,2214,1,0
2025-10-02 13:00:00,1.17546,1.17547,1.17459,1.1751800000000001,2162,1,0
2025-10-02 14:00:00,1.1751800000000001,1.17568,1.17471,1.17507,2001,0,0
2025-10-02 15:00:00,1.17506,1.17585,1.17343,1.17377,3026,0,0
2025-10-02 16:00:00,1.17373,1.17441,1.17134,1.17219,4401,0,0
2025-10-02 17:00:00,1.17225,1.17225,1.17042,1.17131,4877,0,0
2025-10-02 18:00:00,1.17127,1.17136,1.1683,1.16964,4155,0,0
2025-10-02 19:00:00,1.16962,1.17151,1.16946,1.17145,2701,2,0
2025-10-02 20:00:00,1.17144,1.17207,1.1712,1.17133,1818,2,0
2025-10-02 21:00:00,1.17132,1.17222,1.17122,1.17208,1325,2,0
2025-10-02 22:00:00,1.17208,1.1727,1.17173,1.17188,1163,2,0
2025-10-02 23:00:00,1.1718,1.17237,1.17135,1.17161,839,4,0
2025-10-03 00:00:00,1.17123,1.17184,1.17115,1.1717,691,8,0
2025-10-03 01:00:00,1.17168,1.1721,1.17158,1.17183,562,4,0
2025-10-03 02:00:00,1.1719,1.17257,1.1718600000000001,1.17248,585,2,0
2025-10-03 03:00:00,1.17249,1.1724999999999999,1.1718600000000001,1.17242,1125,2,0
2025-10-03 04:00:00,1.17241,1.17295,1.1716,1.17263,1682,2,0
2025-10-03 05:00:00,1.17264,1.17275,1.17205,1.17241,1447,2,0
2025-10-03 06:00:00,1.17245,1.17269,1.17194,1.17265,842,2,0
2025-10-03 07:00:00,1.17264,1.17283,1.17176,1.17176,836,2,0
2025-10-03 08:00:00,1.17175,1.17214,1.17146,1.17172,1499,2,0
2025-10-03 09:00:00,1.17173,1.17289,1.1716,1.17201,1639,1,0
2025-10-03 10:00:00,1.17202,1.17343,1.17202,1.17325,2033,1,0
2025-10-03 11:00:00,1.17325,1.17447,1.17314,1.17404,2476,1,0
2025-10-03 12:00:00,1.174,1.1740599999999999,1.1731,1.1737,1793,1,0
2025-10-03 13:00:00,1.17371,1.17397,1.17336,1.17367,1305,1,0
2025-10-03 14:00:00,1.17367,1.17431,1.1731,1.17336,2049,0,0
2025-10-03 15:00:00,1.17343,1.17411,1.17272,1.17392,2978,0,0
2025-10-03 16:00:00,1.17391,1.17445,1.17325,1.17381,3264,0,0
2025-10-03 17:00:00,1.17385,1.17591,1.17339,1.17411,5783,0,0
2025-10-03 18:00:00,1.17412,1.1749,1.17367,1.17464,2656,0,0
2025-10-03 19:00:00,1.17464,1.17486,1.17374,1.17401,1464,2,0
2025-10-03 20:00:00,1.17394,1.17418,1.17316,1.17341,1439,2,0
2025-10-03 21:00:00,1.17342,1.17404,1.17265,1.1739600000000001,1450,2,0
2025-10-03 22:00:00,1.17392,1.1742,1.1736900000000001,1.1740599999999999,973,2,0
2025-10-03 23:00:00,1.17398,1.17439,1.17379,1.1741,922,4,0
2025-10-06 00:00:00,1.17141,1.17296,1.17137,1.17272,974,8,0
2025-10-06 01:00:00,1.17273,1.17285,1.17147,1.17157,2236,4,0
2025-10-06 02:00:00,1.17164,1.17167,1.17061,1.1712,3203,2,0
2025-10-06 03:00:00,1.17122,1.17192,1.171,1.17164,1959,2,0
2025-10-06 04:00:00,1.17166,1.1724999999999999,1.17098,1.17236,1487,2,0
2025-10-06 05:00:00,1.17237,1.1731,1.17235,1.17267,1091,2,0
2025-10-06 06:00:00,1.17266,1.17302,1.1723,1.1724,914,2,0
2025-10-06 07:00:00,1.17242,1.17276,1.17193,1.17205,1283,2,0
2025-10-06 08:00:00,1.17204,1.17255,1.17136,1.17174,1364,2,0
2025-10-06 09:00:00,1.17174,1.17199,1.16901,1.16937,3126,1,0
2025-10-06 10:00:00,1.16938,1.17123,1.16625,1.16629,5774,1,0
2025-10-06 11:00:00,1.16627,1.1679599999999999,1.1652,1.16675,4603,1,0
2025-10-06 12:00:00,1.16675,1.16699,1.16568,1.1666400000000001,2885,1,0
2025-10-06 13:00:00,1.16665,1.16671,1.16524,1.16635,2446,1,0
2025-10-06 14:00:00,1.16635,1.16791,1.16574,1.16751,2407,0,0
2025-10-06 15:00:00,1.1675,1.16899,1.16728,1.16894,3875,0,0
2025-10-06 16:00:00,1.16889,1.17032,1.16838,1.16991,3298,0,0
2025-10-06 17:00:00,1.1699,1.17178,1.1695,1.1716199999999999,3828,0,0
2025-10-06 18:00:00,1.17163,1.17212,1.17027,1.17068,2737,0,0
2025-10-06 19:00:00,1.1706699999999999,1.17124,1.17029,1.17116,1559,2,0
2025-10-06 20:00:00,1.17116,1.1716,1.17096,1.17106,1350,2,0
2025-10-06 21:00:00,1.17105,1.17159,1.1709100000000001,1.1712500000000001,1178,2,0
2025-10-06 22:00:00,1.17126,1.1717,1.17098,1.17103,1050,2,0
2025-10-06 23:00:00,1.17096,1.17133,1.17073,1.17119,893,4,0
2025-10-07 00:00:00,1.17088,1.1715200000000001,1.16971,1.17103,975,8,0
2025-10-07 01:00:00,1.17085,1.17141,1.17076,1.17087,1169,5,0
2025-10-07 02:00:00,1.17094,1.17145,1.17081,1.17096,796,2,0
2025-10-07 03:00:00,1.17097,1.17111,1.1703999999999999,1.17084,1254,2,0
2025-10-07 04:00:00,1.17084,1.1709,1.16963,1.1697,1019,2,0
2025-10-07 05:00:00,1.16971,1.17061,1.16965,1.17013,891,2,0
2025-10-07 06:00:00,1.17013,1.17073,1.16994,1.1703000000000001,757,2,0
2025-10-07 07:00:00,1.17029,1.17074,1.16941,1.16987,902,2,0
2025-10-07 08:00:00,1.16985,1.16999,1.16871,1.16916,1505,2,0
2025-10-07 09:00:00,1.16916,1.16921,1.16828,1.16867,2624,1,0
2025-10-07 10:00:00,1.16869,1.16881,1.1670099999999999,1.1676199999999999,3302,1,0
2025-10-07 11:00:00,1.16766,1.16833,1.16651,1.16662,2396,1,0
2025-10-07 12:00:00,1.1666,1.16712,1.16604,1.16667,2251,1,0
2025-10-07 13:00:00,1.16667,1.1676,1.1663000000000001,1.16744,2266,1,0
2025-10-07 14:00:00,1.16744,1.16745,1.16537,1.16623,2655,0,0
2025-10-07 15:00:00,1.16623,1.16672,1.16535,1.16672,3153,0,0
2025-10-07 16:00:00,1.16671,1.16705,1.16591,1.166,3471,0,0
2025-10-07 17:00:00,1.16599,1.16658,1.16545,1.16631,3346,0,0
2025-10-07 18:00:00,1.16632,1.16802,1.1661299999999999,1.16733,3399,0,0
2025-10-07 19:00:00,1.16733,1.1681300000000001,1.16696,1.16697,2145,2,0
2025-10-07 20:00:00,1.16703,1.16793,1.16663,1.1667399999999999,1917,2,0
2025-10-07 21:00:00,1.16676,1.1668,1.16564,1.16574,1855,2,0
2025-10-07 22:00:00,1.16575,1.16582,1.16468,1.165,1702,2,0
2025-10-07 23:00:00,1.16492,1.1657899999999999,1.16483,1.16566,861,4,0
2025-10-08 00:00:00,1.16528,1.16586,1.16496,1.1656900000000001,682,21,0
2025-10-08 01:00:00,1.16567,1.16607,1.16567,1.16584,570,4,0
2025-10-08 02:00:00,1.16591,1.16592,1.16526,1.16526,789,2,0
2025-10-08 03:00:00,1.16527,1.16531,1.16453,1.16475,1343,2,0
2025-10-08 04:00:00,1.16471,1.16471,1.16254,1.16263,2675,2,0
2025-10-08 05:00:00,1.16263,1.16273,1.16166,1.16238,1776,2,0
2025-10-08 06:00:00,1.16235,1.16249,1.16178,1.16243,1043,2,0
2025-10-08 07:00:00,1.16245,1.16253,1.16157,1.16191,1020,2,0
2025-10-08 08:00:00,1.16191,1.16195,1.1611799999999999,1.16168,1491,2,0
2025-10-08 09:00:00,1.16175,1.16205,1.16069,1.16167,3080,1,0
2025-10-08 10:00:00,1.1616900000000001,1.16343,1.16116,1.16313,3728,1,0
2025-10-08 11:00:00,1.16312,1.16355,1.16105,1.16143,2852,1,0
2025-10-08 12:00:00,1.16145,1.16205,1.16054,1.16114,3107,1,0
2025-10-08 13:00:00,1.16116,1.16366,1.16089,1.16334,2577,1,0
2025-10-08 14:00:00,1.1633499999999999,1.16347,1.1625,1.16263,2386,0,0
2025-10-08 15:00:00,1.16265,1.16382,1.16245,1.16328,2791,0,0
2025-10-08 16:00:00,1.16327,1.1644700000000001,1.16272,1.16319,3398,0,0
2025-10-08 17:00:00,1.16317,1.16365,1.16201,1.1622,3229,0,0
2025-10-08 18:00:00,1.1622,1.16222,1.1602999999999999,1.1606,3281,0,0
2025-10-08 19:00:00,1.16059,1.16072,1.15981,1.16055,2768,2,0
2025-10-08 20:00:00,1.16055,1.16094,1.16021,1.16068,1437,2,0
2025-10-08 21:00:00,1.16069,1.16223,1.15994,1.16196,3269,2,0
2025-10-08 22:00:00,1.16197,1.16284,1.16197,1.16284,1378,2,0
2025-10-08 23:00:00,1.16275,1.16318,1.16254,1.16278,1022,4,0
2025-10-09 00:00:00,1.16231,1.16284,1.16177,1.1627399999999999,4237,21,0
2025-10-09 01:00:00,1.16276,1.16344,1.1627,1.16326,746,4,0
2025-10-09 02:00:00,1.16332,1.16334,1.16277,1.16292,745,2,0
2025-10-09 03:00:00,1.1629,1.16413,1.16281,1.16367,1229,2,0
2025-10-09 04:00:00,1.16367,1.16456,1.16361,1.16403,1787,2,0
2025-10-09 05:00:00,1.16401,1.16479,1.16387,1.16442,942,2,0
2025-10-09 06:00:00,1.16441,1.16465,1.16402,1.16444,863,2,0
2025-10-09 07:00:00,1.16445,1.16472,1.16417,1.16458,694,2,0
2025-10-09 08:00:00,1.16458,1.1648399999999999,1.1638,1.16382,1226,2,0
2025-10-09 09:00:00,1.16383,1.16389,1.1610800000000001,1.16154,3570,1,0
2025-10-09 10:00:00,1.16154,1.16235,1.16062,1.16111,3959,1,0
2025-10-09 11:00:00,1.1611,1.16147,1.16029,1.16121,3102,1,0
2025-10-09 12:00:00,1.16122,1.1627399999999999,1.1610800000000001,1.16255,3389,1,0
2025-10-09 13:00:00,1.16255,1.16271,1.16131,1.16182,2175,1,0
2025-10-09 14:00:00,1.16183,1.16223,1.1609099999999999,1.16119,2475,0,0
2025-10-09 15:00:00,1.16123,1.16164,1.16049,1.16151,3411,0,0
2025-10-09 16:00:00,1.16155,1.16233,1.15913,1.16025,5526,0,0
2025-10-09 17:00:00,1.16024,1.1602999999999999,1.15765,1.1581299999999999,5456,0,0
2025-10-09 18:00:00,1.15812,1.1582,1.1547,1.1559,4975,0,0
2025-10-09 19:00:00,1.15591,1.15636,1.15522,1.15576,2736,2,0
2025-10-09 20:00:00,1.15577,1.15664,1.15539,1.15597,2478,2,0
2025-10-09 21:00:00,1.1559599999999999,1.15608,1.15418,1.15465,1720,2,0
2025-10-09 22:00:00,1.1547,1.15618,1.15465,1.15595,1610,2,0
2025-10-09 23:00:00,1.15588,1.15662,1.15581,1.15642,1042,4,0
2025-10-10 00:00:00,1.15531,1.15652,1.15435,1.15642,454,21,0
2025-10-10 01:00:00,1.15643,1.15664,1.15609,1.15641,603,4,0
2025-10-10 02:00:00,1.15649,1.15664,1.15567,1.15651,852,2,0
2025-10-10 03:00:00,1.1565,1.15703,1.15604,1.15672,1149,2,0
2025-10-10 04:00:00,1.15672,1.1571500000000001,1.15625,1.15625,1189,2,0
2025-10-10 05:00:00,1.15627,1.15729,1.15627,1.15696,1020,2,0
2025-10-10 06:00:00,1.15696,1.15741,1.1567,1.15732,863,2,0
2025-10-10 07:00:00,1.15731,1.15739,1.15672,1.15737,810,2,0
2025-10-10 08:00:00,1.15737,1.15778,1.15692,1.15696,1262,2,0
2025-10-10 09:00:00,1.15695,1.15748,1.15609,1.15706,2890,1,0
2025-10-10 10:00:00,1.15706,1.15802,1.15638,1.15778,3321,1,0
2025-10-10 11:00:00,1.15777,1.15896,1.15753,1.15791,2665,1,0
2025-10-10 12:00:00,1.1579,1.15801,1.15686,1.15746,2203,1,0
2025-10-10 13:00:00,1.15747,1.15836,1.15702,1.15714,1980,1,0
2025-10-10 14:00:00,1.15713,1.15751,1.15602,1.15607,2629,0,0
2025-10-10 15:00:00,1.15607,1.15764,1.15592,1.15719,2671,0,0
2025-10-10 16:00:00,1.15645,1.15733,1.15622,1.15694,2312,0,0
2025-10-10 17:00:00,1.1569099999999999,1.15826,1.15646,1.15788,3582,0,0
2025-10-10 18:00:00,1.15787,1.16305,1.15777,1.16123,8446,0,0
2025-10-10 19:00:00,1.16122,1.16255,1.16039,1.16061,4133,2,0
2025-10-10 20:00:00,1.1606,1.16096,1.15967,1.1601,2474,2,0
2025-10-10 21:00:00,1.16012,1.1613,1.15998,1.16088,1762,2,0
2025-10-10 22:00:00,1.16087,1.16154,1.16033,1.16126,1448,2,0
2025-10-10 23:00:00,1.1611799999999999,1.16283,1.16031,1.16227,2150,4,0
2025-10-13 00:00:00,1.16112,1.1615,1.16065,1.1610800000000001,1287,4,0
2025-10-13 01:00:00,1.16115,1.16136,1.15911,1.16025,2309,5,0
2025-10-13 02:00:00,1.16032,1.16101,1.15999,1.16012,1720,2,0
2025-10-13 03:00:00,1.16013,1.16161,1.16002,1.16155,2091,2,0
2025-10-13 04:00:00,1.16161,1.16211,1.161,1.16197,2045,2,0
2025-10-13 05:00:00,1.16198,1.16279,1.1617,1.16197,1297,2,0
2025-10-13 06:00:00,1.16197,1.1622,1.16159,1.1620300000000001,882,2,0
2025-10-13 07:00:00,1.16206,1.16252,1.16177,1.16198,839,2,0
2025-10-13 08:00:00,1.16199,1.1623999999999999,1.16126,1.16143,1288,2,0
2025-10-13 09:00:00,1.16147,1.1630099999999999,1.16106,1.16143,2788,1,0
2025-10-13 10:00:00,1.16144,1.1616,1.15977,1.15999,3785,1,0
2025-10-13 11:00:00,1.15999,1.1605,1.1581299999999999,1.15854,3392,1,0
2025-10-13 12:00:00,1.15855,1.15982,1.15845,1.1594,2271,1,0
2025-10-13 13:00:00,1.15939,1.15958,1.1581299999999999,1.15838,2135,1,0
2025-10-13 14:00:00,1.15839,1.15944,1.15656,1.1568100000000001,3465,0,0
2025-10-13 15:00:00,1.15682,1.15763,1.15613,1.15688,3164,0,0
2025-10-13 16:00:00,1.15689,1.15778,1.15644,1.1575,3171,0,0
2025-10-13 17:00:00,1.1575,1.15753,1.15574,1.15616,3224,0,0
2025-10-13 18:00:00,1.15616,1.15757,1.15597,1.15743,2154,0,0
2025-10-13 19:00:00,1.1574200000000001,1.15796,1.15694,1.15751,1753,2,0
2025-10-13 20:00:00,1.15753,1.15773,1.15694,1.15734,1195,2,0
2025-10-13 21:00:00,1.15735,1.1577600000000001,1.15656,1.15684,1094,2,0
2025-10-13 22:00:00,1.15684,1.1574,1.15658,1.15664,981,2,0
2025-10-13 23:00:00,1.15656,1.15701,1.15639,1.15696,793,4,0
2025-10-14 00:00:00,1.15649,1.15728,1.15611,1.15708,546,21,0
2025-10-14 01:00:00,1.1571,1.15737,1.1567,1.15673,621,4,0
2025-10-14 02:00:00,1.1568100000000001,1.15699,1.15633,1.1565400000000001,797,2,0
2025-10-14 03:00:00,1.15653,1.15674,1.15548,1.15608,1688,2,0
2025-10-14 04:00:00,1.15609,1.15736,1.15606,1.15706,1418,2,0
2025-10-14 05:00:00,1.15707,1.15762,1.15702,1.15737,924,2,0
2025-10-14 06:00:00,1.15735,1.15819,1.15713,1.15783,1097,2,0
2025-10-14 07:00:00,1.15784,1.15924,1.1578,1.15916,1725,2,0
2025-10-14 08:00:00,1.15915,1.15939,1.15823,1.1584,2239,2,0
2025-10-14 09:00:00,1.1584,1.15895,1.15629,1.15699,4272,1,0
2025-10-14 10:00:00,1.15698,1.15747,1.15427,1.15493,4930,1,0
2025-10-14 11:00:00,1.15489,1.1561,1.15454,1.1559,3312,1,0
2025-10-14 12:00:00,1.15592,1.15634,1.15517,1.15553,2659,1,0
2025-10-14 13:00:00,1.15552,1.15597,1.1551,1.15533,2548,1,0
2025-10-14 14:00:00,1.15533,1.15586,1.15461,1.15521,2494,0,0
2025-10-14 15:00:00,1.15523,1.1565400000000001,1.15478,1.1555900000000001,3627,0,0
2025-10-14 16:00:00,1.1555900000000001,1.1583,1.15542,1.1574,4751,0,0
2025-10-14 17:00:00,1.15741,1.15976,1.15688,1.15943,4724,0,0
2025-10-14 18:00:00,1.15944,1.16084,1.15866,1.16073,3669,0,0
2025-10-14 19:00:00,1.16074,1.16151,1.1601,1.16093,3744,2,0
2025-10-14 20:00:00,1.16093,1.16123,1.16014,1.16093,2221,2,0
2025-10-14 21:00:00,1.16093,1.1611799999999999,1.16032,1.16053,1472,2,0
2025-10-14 22:00:00,1.16052,1.16114,1.16045,1.1605699999999999,1810,2,0
2025-10-14 23:00:00,1.1605,1.16075,1.15991,1.16073,925,4,0
2025-10-15 00:00:00,1.16041,1.16079,1.16041,1.16071,409,8,0
2025-10-15 01:00:00,1.16073,1.1609099999999999,1.16026,1.16029,623,4,0
2025-10-15 02:00:00,1.16035,1.16056,1.16017,1.16032,656,2,0
2025-10-15 03:00:00,1.16032,1.1614,1.16017,1.16107,1355,2,0
2025-10-15 04:00:00,1.16107,1.16231,1.16067,1.16191,1823,2,0
2025-10-15 05:00:00,1.16191,1.16263,1.1618,1.16228,1398,2,0
2025-10-15 06:00:00,1.16227,1.16244,1.16181,1.16219,1032,2,0
2025-10-15 07:00:00,1.1622,1.16242,1.1616900000000001,1.16183,911,2,0
2025-10-15 08:00:00,1.16183,1.16269,1.16183,1.16195,1316,2,0
2025-10-15 09:00:00,1.16195,1.16387,1.16178,1.16344,3284,1,0
2025-10-15 10:00:00,1.16348,1.16444,1.16292,1.16355,3591,1,0
2025-10-15 11:00:00,1.1635900000000001,1.16455,1.16313,1.16324,4325,1,0
2025-10-15 12:00:00,1.16323,1.16393,1.16278,1.16346,3452,1,0
2025-10-15 13:00:00,1.16345,1.16352,1.16202,1.16244,2052,1,0
2025-10-15 14:00:00,1.16248,1.1632500000000001,1.16196,1.1620300000000001,2292,0,0
2025-10-15 15:00:00,1.16205,1.16279,1.16136,1.16174,3590,0,0
2025-10-15 16:00:00,1.16175,1.16321,1.16103,1.16277,4144,0,0
2025-10-15 17:00:00,1.16276,1.16303,1.16193,1.16243,2962,0,0
2025-10-15 18:00:00,1.16244,1.16472,1.16183,1.16367,3800,0,0
2025-10-15 19:00:00,1.16367,1.1641,1.16283,1.1639599999999999,2633,2,0
2025-10-15 20:00:00,1.16395,1.164,1.16271,1.16296,2421,2,0
2025-10-15 21:00:00,1.16297,1.16373,1.16275,1.16332,1444,2,0
2025-10-15 22:00:00,1.16331,1.16451,1.16331,1.1644,1304,2,0
2025-10-15 23:00:00,1.16433,1.16474,1.16418,1.16466,1110,4,0
2025-10-16 00:00:00,1.16418,1.16461,1.1636199999999999,1.16425,501,8,0
2025-10-16 01:00:00,1.16429,1.16515,1.16429,1.16453,825,4,0
2025-10-16 02:00:00,1.1646,1.16472,1.1644700000000001,1.16458,628,2,0
2025-10-16 03:00:00,1.16458,1.16669,1.16428,1.16635,2128,2,0
2025-10-16 04:00:00,1.16636,1.16756,1.16608,1.1670099999999999,2066,2,0
2025-10-16 05:00:00,1.16702,1.16744,1.16642,1.1666400000000001,1419,2,0
2025-10-16 06:00:00,1.16663,1.1667,1.16614,1.1662,973,2,0
2025-10-16 07:00:00,1.16621,1.16624,1.16555,1.16556,944,2,0
2025-10-16 08:00:00,1.16557,1.16615,1.16535,1.16597,1707,2,0
2025-10-16 09:00:00,1.16597,1.1668,1.16519,1.16541,2993,1,0
2025-10-16 10:00:00,1.16543,1.16566,1.16429,1.16522,5519,1,0
2025-10-16 11:00:00,1.16527,1.16601,1.16488,1.16591,3631,1,0
2025-10-16 12:00:00,1.16592,1.1663999999999999,1.16522,1.16581,2239,1,0
2025-10-16 13:00:00,1.1658,1.16632,1.16529,1.16552,2019,1,0
2025-10-16 14:00:00,1.16551,1.16564,1.16461,1.1654,2439,0,0
2025-10-16 15:00:00,1.1654200000000001,1.16615,1.16488,1.16608,3054,0,0
2025-10-16 16:00:00,1.16608,1.16645,1.16504,1.16581,3614,0,0
2025-10-16 17:00:00,1.16578,1.16783,1.16535,1.16773,3725,0,0
2025-10-16 18:00:00,1.16773,1.16784,1.16609,1.16647,3176,0,0
2025-10-16 19:00:00,1.16646,1.16791,1.16639,1.16773,3566,2,0
2025-10-16 20:00:00,1.16773,1.16939,1.16765,1.16879,3336,2,0
2025-10-16 21:00:00,1.16878,1.16936,1.16801,1.16895,2276,2,0
2025-10-16 22:00:00,1.16897,1.16941,1.16869,1.16886,1826,2,0
2025-10-16 23:00:00,1.16878,1.16909,1.16838,1.16868,940,4,0
2025-10-17 00:00:00,1.1682299999999999,1.169,1.1681,1.16881,879,11,0
2025-10-17 01:00:00,1.1688399999999999,1.16953,1.16864,1.16936,1042,4,0
2025-10-17 02:00:00,1.16943,1.16998,1.16929,1.16991,1051,2,0
2025-10-17 03:00:00,1.16988,1.17116,1.16951,1.17071,1706,2,0
2025-10-17 04:00:00,1.17069,1.17099,1.16998,1.17005,1978,2,0
2025-10-17 05:00:00,1.1700599999999999,1.17113,1.16949,1.17051,1514,2,0
2025-10-17 06:00:00,1.17052,1.17126,1.17045,1.17095,1130,2,0
2025-10-17 07:00:00,1.17096,1.17118,1.1706,1.17095,986,2,0
2025-10-17 08:00:00,1.17095,1.17281,1.17094,1.17227,1929,2,0
2025-10-17 09:00:00,1.17228,1.17268,1.17087,1.17106,3713,1,0
2025-10-17 10:00:00,1.17102,1.17156,1.1693500000000001,1.17118,5794,1,0
2025-10-17 11:00:00,1.17119,1.17163,1.16914,1.1697,3630,1,0
2025-10-17 12:00:00,1.16972,1.1708,1.16962,1.17012,2244,1,0
2025-10-17 13:00:00,1.1701,1.17029,1.1687400000000001,1.16899,2690,1,0
2025-10-17 14:00:00,1.169,1.16972,1.16801,1.16853,3540,0,0
2025-10-17 15:00:00,1.16854,1.16865,1.16669,1.16768,3965,0,0
2025-10-17 16:00:00,1.16766,1.1681300000000001,1.1669,1.16708,3668,0,0
2025-10-17 17:00:00,1.16707,1.16734,1.16565,1.16672,4194,0,0
2025-10-17 18:00:00,1.16673,1.16736,1.16606,1.16731,2980,0,0
2025-10-17 19:00:00,1.16736,1.16797,1.16695,1.16706,2112,2,0
2025-10-17 20:00:00,1.16705,1.16759,1.16669,1.1667399999999999,1861,2,0
2025-10-17 21:00:00,1.16675,1.16744,1.16635,1.16681,1628,2,0
2025-10-17 22:00:00,1.16683,1.16714,1.1666,1.16708,1163,2,0
2025-10-17 23:00:00,1.167,1.167,1.16495,1.16502,1504,4,0
2025-10-20 00:00:00,1.16622,1.16646,1.16554,1.16566,603,8,0
2025-10-20 01:00:00,1.16574,1.16585,1.16507,1.16556,944,4,0
2025-10-20 02:00:00,1.16563,1.16619,1.16545,1.16581,851,2,0
2025-10-20 03:00:00,1.16582,1.16661,1.16575,1.1666,1459,2,0
2025-10-20 04:00:00,1.16661,1.1667399999999999,1.16563,1.166,1320,2,0
2025-10-20 05:00:00,1.16601,1.16708,1.16598,1.1666,962,2,0
2025-10-20 06:00:00,1.16659,1.16687,1.16648,1.16681,720,2,0
2025-10-20 07:00:00,1.16682,1.16741,1.16654,1.16715,899,2,0
2025-10-20 08:00:00,1.16713,1.16757,1.16698,1.1674,1104,2,0
2025-10-20 09:00:00,1.1673499999999999,1.1673499999999999,1.16568,1.16586,2430,1,0
2025-10-20 10:00:00,1.16582,1.16683,1.16536,1.16627,2662,1,0
2025-10-20 11:00:00,1.16629,1.16666,1.1658,1.16637,2330,1,0
2025-10-20 12:00:00,1.16636,1.16679,1.16592,1.16617,2434,1,0
2025-10-20 13:00:00,1.16616,1.16632,1.1651,1.16536,2013,1,0
2025-10-20 14:00:00,1.16536,1.16564,1.16443,1.16561,2247,0,0
2025-10-20 15:00:00,1.16563,1.16606,1.165,1.16536,2802,0,0
2025-10-20 16:00:00,1.16537,1.16547,1.16462,1.16493,2987,0,0
2025-10-20 17:00:00,1.16495,1.16645,1.16473,1.16537,2978,0,0
2025-10-20 18:00:00,1.16535,1.16647,1.16528,1.16553,2489,0,0
2025-10-20 19:00:00,1.16552,1.16583,1.16492,1.165,1696,2,0
2025-10-20 20:00:00,1.16499,1.16532,1.16411,1.16437,1409,2,0
2025-10-20 21:00:00,1.16436,1.16487,1.16384,1.16466,1340,2,0
2025-10-20 22:00:00,1.16467,1.16494,1.1639599999999999,1.16411,996,2,0
2025-10-20 23:00:00,1.16403,1.16443,1.16392,1.16404,792,4,0
2025-10-21 00:00:00,1.16389,1.16445,1.16369,1.16439,481,12,0
2025-10-21 01:00:00,1.1644,1.1645,1.16418,1.16422,485,4,0
2025-10-21 02:00:00,1.1643,1.16455,1.1642299999999999,1.16441,564,2,0
2025-10-21 03:00:00,1.1644,1.16553,1.16432,1.1653,1272,2,0
2025-10-21 04:00:00,1.16529,1.16531,1.16419,1.16452,1317,2,0
2025-10-21 05:00:00,1.16453,1.16453,1.1632500000000001,1.1634,1411,2,0
2025-10-21 06:00:00,1.16341,1.1636199999999999,1.16327,1.16344,912,2,0
2025-10-21 07:00:00,1.16346,1.1637,1.16317,1.16356,1113,2,0
2025-10-21 08:00:00,1.16356,1.16379,1.16241,1.16256,1816,2,0
2025-10-21 09:00:00,1.16255,1.16341,1.16184,1.16318,2577,1,0
2025-10-21 10:00:00,1.16316,1.16355,1.16215,1.16257,3290,1,0
2025-10-21 11:00:00,1.16253,1.16277,1.16127,1.16214,3102,1,0
2025-10-21 12:00:00,1.16215,1.16275,1.16161,1.16202,2310,1,0
2025-10-21 13:00:00,1.16204,1.16236,1.16066,1.16181,2749,1,0
2025-10-21 14:00:00,1.16182,1.1626,1.16094,1.16131,2714,0,0
2025-10-21 15:00:00,1.16125,1.1616900000000001,1.16018,1.16114,3634,0,0
2025-10-21 16:00:00,1.16113,1.16171,1.16024,1.16124,4207,0,0
2025-10-21 17:00:00,1.16123,1.16184,1.15975,1.16045,4117,0,0
2025-10-21 18:00:00,1.16048,1.16168,1.1604,1.16149,2526,0,0
2025-10-21 19:00:00,1.16147,1.16248,1.16074,1.16093,2973,2,0
2025-10-21 20:00:00,1.16092,1.16103,1.16014,1.16042,1787,2,0
2025-10-21 21:00:00,1.16042,1.16087,1.16034,1.16046,1247,2,0
2025-10-21 22:00:00,1.1604700000000001,1.16078,1.15997,1.1601,1207,2,0
2025-10-21 23:00:00,1.16001,1.16021,1.15979,1.15988,759,4,0
2025-10-22 00:00:00,1.15965,1.16037,1.15955,1.16023,489,11,0
2025-10-22 01:00:00,1.1602999999999999,1.1604,1.15987,1.15993,636,4,0
2025-10-22 02:00:00,1.16,1.1602000000000001,1.15987,1.15997,495,2,0
2025-10-22 03:00:00,1.1599599999999999,1.1608100000000001,1.15994,1.16048,1439,2,0
2025-10-22 04:00:00,1.16048,1.16094,1.16016,1.16045,1164,2,0
2025-10-22 05:00:00,1.16044,1.16107,1.16044,1.1608100000000001,819,2,0
2025-10-22 06:00:00,1.1608100000000001,1.1609099999999999,1.16046,1.1607,766,2,0
2025-10-22 07:00:00,1.16068,1.16097,1.1605,1.1609099999999999,770,2,0
2025-10-22 08:00:00,1.16094,1.16159,1.1609,1.16131,1122,2,0
2025-10-22 09:00:00,1.16132,1.1615,1.16037,1.16096,3063,1,0
2025-10-22 10:00:00,1.16095,1.16131,1.15995,1.16009,2702,1,0
2025-10-22 11:00:00,1.16005,1.16009,1.15897,1.15979,3332,1,0
2025-10-22 12:00:00,1.15978,1.16022,1.15922,1.15948,1742,1,0
2025-10-22 13:00:00,1.15947,1.15972,1.15826,1.15861,2080,1,0
2025-10-22 14:00:00,1.1586,1.15892,1.1582,1.15828,2349,0,0
2025-10-22 15:00:00,1.15827,1.15916,1.15768,1.15833,3253,0,0
2025-10-22 16:00:00,1.15833,1.15977,1.15823,1.15951,3122,0,0
2025-10-22 17:00:00,1.1595,1.16117,1.15924,1.16109,3333,0,0
2025-10-22 18:00:00,1.1611,1.16171,1.16083,1.16113,3489,0,0
2025-10-22 19:00:00,1.16112,1.16224,1.16101,1.16191,2694,2,0
2025-10-22 20:00:00,1.16192,1.16202,1.16123,1.1614200000000001,1836,2,0
2025-10-22 21:00:00,1.1614200000000001,1.16156,1.16072,1.16097,1258,2,0
2025-10-22 22:00:00,1.16093,1.16114,1.1604700000000001,1.16055,1123,2,0
2025-10-22 23:00:00,1.1604700000000001,1.16107,1.1604700000000001,1.16089,642,4,0
2025-10-23 00:00:00,1.16079,1.16122,1.16058,1.16114,483,11,0
2025-10-23 01:00:00,1.1611,1.16138,1.16101,1.16115,478,4,0
2025-10-23 02:00:00,1.16123,1.16128,1.16065,1.16071,586,2,0
2025-10-23 03:00:00,1.1607,1.16074,1.15974,1.16045,1265,2,0
2025-10-23 04:00:00,1.16044,1.1605699999999999,1.15975,1.15978,1106,2,0
2025-10-23 05:00:00,1.15978,1.1599599999999999,1.15949,1.15966,886,2,0
2025-10-23 06:00:00,1.15966,1.15987,1.15917,1.1593,759,2,0
2025-10-23 07:00:00,1.15931,1.15993,1.15902,1.15992,902,2,0
2025-10-23 08:00:00,1.15989,1.1604,1.1596899999999999,1.16015,1014,2,0
2025-10-23 09:00:00,1.16013,1.16035,1.15905,1.15944,2249,1,0
2025-10-23 10:00:00,1.15942,1.16017,1.15907,1.16003,2753,1,0
2025-10-23 11:00:00,1.16003,1.16064,1.1593,1.15965,2319,1,0
2025-10-23 12:00:00,1.15964,1.16005,1.1593,1.15936,1913,1,0
2025-10-23 13:00:00,1.15934,1.15951,1.15854,1.15882,1785,1,0
2025-10-23 14:00:00,1.15882,1.15932,1.15852,1.15871,1909,0,0
2025-10-23 15:00:00,1.15872,1.16062,1.15865,1.1601,2860,0,0
2025-10-23 16:00:00,1.1601,1.16109,1.1598,1.1607,3076,0,0
2025-10-23 17:00:00,1.16071,1.16201,1.1605699999999999,1.1613,3348,0,0
2025-10-23 18:00:00,1.16128,1.1616,1.16061,1.16119,2234,0,0
2025-10-23 19:00:00,1.16119,1.16162,1.16061,1.16065,1736,0,0
2025-10-23 20:00:00,1.16064,1.16076,1.16041,1.16066,334,2,0
2025-10-23 22:00:00,1.16176,1.16185,1.16151,1.16161,841,2,0
2025-10-23 23:00:00,1.16154,1.16188,1.16126,1.16175,671,4,0
2025-10-24 00:00:00,1.1615199999999999,1.16178,1.16126,1.16147,746,10,0
2025-10-24 01:00:00,1.16146,1.16211,1.16146,1.16172,597,4,0
2025-10-24 02:00:00,1.1618,1.16189,1.16147,1.16168,467,2,0
2025-10-24 03:00:00,1.16168,1.16217,1.16165,1.16178,898,2,0
2025-10-24 04:00:00,1.1617899999999999,1.16189,1.1609,1.16098,1083,2,0
2025-10-24 05:00:00,1.16097,1.16124,1.16074,1.16079,867,2,0
2025-10-24 06:00:00,1.16078,1.16119,1.1607,1.1609099999999999,626,2,0
2025-10-24 07:00:00,1.1609099999999999,1.16094,1.16054,1.16076,741,2,0
2025-10-24 08:00:00,1.16072,1.16079,1.16014,1.16051,926,2,0
2025-10-24 09:00:00,1.16048,1.16141,1.16008,1.16137,2034,1,0
2025-10-24 10:00:00,1.16134,1.16281,1.16017,1.16185,3939,1,0
2025-10-24 11:00:00,1.16185,1.16239,1.16062,1.16099,2844,1,0
2025-10-24 12:00:00,1.16097,1.16127,1.16051,1.16115,1878,1,0
2025-10-24 13:00:00,1.16116,1.16166,1.1610800000000001,1.16125,1679,1,0
2025-10-24 14:00:00,1.16126,1.16159,1.16067,1.16147,2131,0,0
2025-10-24 15:00:00,1.16149,1.16489,1.1609,1.16339,5983,0,0
2025-10-24 16:00:00,1.1634,1.16434,1.16207,1.16272,4593,0,0
2025-10-24 17:00:00,1.16273,1.1636,1.1618,1.16257,3796,0,0
2025-10-24 18:00:00,1.16261,1.16358,1.16212,1.16254,2637,0,0
2025-10-24 19:00:00,1.16254,1.16279,1.16211,1.16259,1540,2,0
2025-10-24 20:00:00,1.16258,1.16321,1.16241,1.1627399999999999,1149,2,0
2025-10-24 21:00:00,1.1627399999999999,1.16282,1.16246,1.16257,898,2,0
2025-10-24 22:00:00,1.16258,1.1633,1.16257,1.16311,958,2,0
2025-10-24 23:00:00,1.16304,1.16356,1.16198,1.16253,1270,4,0
2025-10-27 00:00:00,1.1629,1.16345,1.16252,1.16277,1221,6,0
2025-10-27 01:00:00,1.16284,1.16327,1.16257,1.16308,890,2,0
2025-10-27 02:00:00,1.16307,1.16378,1.16278,1.16345,1104,2,0
2025-10-27 03:00:00,1.16344,1.16478,1.16332,1.16387,1475,2,0
2025-10-27 04:00:00,1.16388,1.16394,1.16299,1.16313,800,2,0
2025-10-27 05:00:00,1.1631,1.1632500000000001,1.16267,1.1627399999999999,743,2,0
2025-10-27 06:00:00,1.16273,1.1628,1.16204,1.16243,1013,2,0
2025-10-27 07:00:00,1.16245,1.16273,1.16205,1.16259,1223,2,0
2025-10-27 08:00:00,1.1626,1.16326,1.16244,1.16266,1457,2,0
2025-10-27 09:00:00,1.16267,1.16281,1.16196,1.16197,1995,1,0
2025-10-27 10:00:00,1.16196,1.16331,1.16175,1.16285,2558,1,0
2025-10-27 11:00:00,1.16284,1.16401,1.16261,1.1638,2479,1,0
2025-10-27 12:00:00,1.16381,1.16448,1.16352,1.16413,2048,1,0
2025-10-27 13:00:00,1.16412,1.16474,1.16358,1.1645699999999999,2019,1,0
2025-10-27 14:00:00,1.1645699999999999,1.1651799999999999,1.16375,1.16417,2421,0,0
2025-10-27 15:00:00,1.16415,1.16432,1.16313,1.16356,2706,0,0
2025-10-27 16:00:00,1.16357,1.16426,1.16322,1.16407,2329,0,0
2025-10-27 17:00:00,1.16407,1.16414,1.16327,1.16354,2020,0,0
2025-10-27 18:00:00,1.16354,1.16413,1.16323,1.16387,1932,0,0
2025-10-27 19:00:00,1.16387,1.16418,1.16352,1.16382,1138,2,0
2025-10-27 20:00:00,1.16383,1.1652,1.16349,1.16506,1594,2,0
2025-10-27 21:00:00,1.16507,1.16507,1.16438,1.16472,1246,2,0
2025-10-27 22:00:00,1.16464,1.16487,1.1642299999999999,1.16438,660,4,0
2025-10-27 23:00:00,1.16422,1.1646,1.1642000000000001,1.1644700000000001,439,12,0
2025-10-28 00:00:00,1.16467,1.16499,1.16449,1.1649,679,3,0
2025-10-28 01:00:00,1.16497,1.1655,1.16495,1.16507,666,2,0
2025-10-28 02:00:00,1.16507,1.1659,1.16462,1.16555,1242,2,0
2025-10-28 03:00:00,1.16556,1.16638,1.16551,1.16571,1417,2,0
2025-10-28 04:00:00,1.16571,1.16632,1.16535,1.1654,1024,2,0
2025-10-28 05:00:00,1.1654,1.1663000000000001,1.16538,1.16595,992,2,0
2025-10-28 06:00:00,1.16596,1.16677,1.16591,1.16665,1159,2,0
2025-10-28 07:00:00,1.1666400000000001,1.16684,1.16624,1.16634,1117,2,0
2025-10-28 08:00:00,1.16633,1.16668,1.16547,1.1656,1579,2,0
2025-10-28 09:00:00,1.16559,1.16612,1.16509,1.16554,2171,1,0
2025-10-28 10:00:00,1.1655,1.16629,1.16486,1.16521,3198,1,0
2025-10-28 11:00:00,1.16519,1.16589,1.16448,1.16571,2238,1,0
2025-10-28 12:00:00,1.16573,1.16651,1.16548,1.16639,1842,1,0
2025-10-28 13:00:00,1.16643,1.16644,1.16547,1.16594,1855,1,0
2025-10-28 14:00:00,1.16594,1.16602,1.16346,1.16405,3019,0,0
2025-10-28 15:00:00,1.164,1.16407,1.16254,1.16393,3441,0,0
2025-10-28 16:00:00,1.16392,1.16638,1.16371,1.16604,3469,0,0
2025-10-28 17:00:00,1.16604,1.16675,1.16551,1.16586,2660,0,0
2025-10-28 18:00:00,1.16587,1.16681,1.16526,1.16681,2652,0,0
2025-10-28 19:00:00,1.16682,1.16689,1.16596,1.16627,1964,2,0
2025-10-28 20:00:00,1.16628,1.16637,1.16557,1.16619,1356,2,0
2025-10-28 21:00:00,1.1662,1.16654,1.16514,1.16526,1481,2,0
2025-10-28 22:00:00,1.16517,1.1657,1.16499,1.16513,881,4,0
2025-10-28 23:00:00,1.16495,1.16522,1.16493,1.1651,365,11,0
2025-10-29 00:00:00,1.16519,1.16535,1.16489,1.16498,742,3,0
2025-10-29 01:00:00,1.16505,1.16574,1.16482,1.16573,615,2,0
2025-10-29 02:00:00,1.16573,1.16608,1.16528,1.1654200000000001,1995,2,0
2025-10-29 03:00:00,1.1654,1.16561,1.16463,1.1647,1411,2,0
2025-10-29 04:00:00,1.16469,1.1648,1.16412,1.16466,1073,2,0
2025-10-29 05:00:00,1.16467,1.16469,1.16365,1.16367,942,2,0
2025-10-29 06:00:00,1.16366,1.16377,1.16313,1.16343,986,2,0
2025-10-29 07:00:00,1.16344,1.16356,1.16269,1.16316,1433,2,0
2025-10-29 08:00:00,1.16316,1.16328,1.16248,1.1630099999999999,1610,2,0
2025-10-29 09:00:00,1.1630099999999999,1.1638,1.16283,1.16328,2469,1,0
2025-10-29 10:00:00,1.16328,1.16343,1.1623,1.1623,2463,1,0
2025-10-29 11:00:00,1.16234,1.16472,1.16186,1.16411,2900,1,0
2025-10-29 12:00:00,1.1641,1.16489,1.16367,1.16471,1906,1,0
2025-10-29 13:00:00,1.16472,1.16488,1.16328,1.16394,2492,1,0
2025-10-29 14:00:00,1.16394,1.16452,1.16276,1.16336,2931,0,0
2025-10-29 15:00:00,1.16336,1.16461,1.16333,1.16369,3264,0,0
2025-10-29 16:00:00,1.16369,1.16517,1.16317,1.1650800000000001,2927,0,0
2025-10-29 17:00:00,1.16507,1.16648,1.16449,1.16634,3072,0,0
2025-10-29 18:00:00,1.16635,1.16661,1.16554,1.16572,2348,0,0
2025-10-29 19:00:00,1.16571,1.16591,1.1645699999999999,1.1647,1915,2,0
2025-10-29 20:00:00,1.16472,1.16512,1.15842,1.15947,9464,2,0
2025-10-29 21:00:00,1.15946,1.16002,1.15774,1.15991,6101,2,0
2025-10-29 22:00:00,1.15982,1.16067,1.15897,1.16,1824,10,0
2025-10-29 23:00:00,1.1599,1.16037,1.1599,1.16019,419,4,0
2025-10-30 00:00:00,1.16016,1.16051,1.1599599999999999,1.16034,741,5,0
2025-10-30 01:00:00,1.16042,1.16053,1.16014,1.16032,723,2,0
2025-10-30 02:00:00,1.16031,1.16156,1.15965,1.1612,1621,2,0
2025-10-30 03:00:00,1.16117,1.16153,1.16085,1.16137,1345,2,0
2025-10-30 04:00:00,1.16136,1.16201,1.16119,1.16175,1179,2,0
2025-10-30 05:00:00,1.16176,1.162,1.16065,1.1615199999999999,1685,2,0
2025-10-30 06:00:00,1.16151,1.16375,1.16132,1.16318,2616,2,0
2025-10-30 07:00:00,1.16316,1.16337,1.16231,1.16243,1510,2,0
2025-10-30 08:00:00,1.16242,1.16299,1.1617899999999999,1.16198,2348,2,0
2025-10-30 09:00:00,1.16197,1.1623,1.16093,1.16184,3106,1,0
2025-10-30 10:00:00,1.16183,1.16204,1.16071,1.16174,3093,1,0
2025-10-30 11:00:00,1.16174,1.16285,1.16141,1.16168,2939,1,0
2025-10-30 12:00:00,1.1617,1.162,1.16058,1.16066,2189,1,0
2025-10-30 13:00:00,1.16066,1.16113,1.1596,1.15982,2404,1,0
2025-10-30 14:00:00,1.15981,1.1599599999999999,1.1553,1.15553,4484,0,0
2025-10-30 15:00:00,1.15553,1.15796,1.1547,1.15796,5147,0,0
2025-10-30 16:00:00,1.15797,1.15863,1.15677,1.15727,4660,0,0
2025-10-30 17:00:00,1.1573,1.15772,1.15604,1.15638,2652,0,0
2025-10-30 18:00:00,1.15637,1.15716,1.15591,1.15695,2091,0,0
2025-10-30 19:00:00,1.15695,1.15699,1.15601,1.15662,1615,2,0
2025-10-30 20:00:00,1.15663,1.15703,1.15643,1.1568100000000001,1413,2,0
2025-10-30 21:00:00,1.1568100000000001,1.15712,1.15618,1.15644,1423,2,0
2025-10-30 22:00:00,1.15637,1.1571500000000001,1.15625,1.15642,869,4,0
2025-10-30 23:00:00,1.15627,1.1569,1.15627,1.15684,664,9,0
2025-10-31 00:00:00,1.15683,1.1569,1.15648,1.15673,842,3,0
2025-10-31 01:00:00,1.1568,1.15734,1.15656,1.15716,623,2,0
2025-10-31 02:00:00,1.15717,1.15772,1.15701,1.15738,1444,2,0
2025-10-31 03:00:00,1.15737,1.15775,1.15661,1.15672,1377,2,0
2025-10-31 04:00:00,1.15673,1.15747,1.15646,1.1568,1573,2,0
2025-10-31 05:00:00,1.1568,1.1571,1.1565699999999999,1.15674,1203,2,0
2025-10-31 06:00:00,1.15674,1.15735,1.1566,1.1571799999999999,1136,2,0
2025-10-31 07:00:00,1.1572,1.15723,1.15659,1.1568,1460,2,0
2025-10-31 08:00:00,1.1568100000000001,1.15736,1.15605,1.15615,2187,2,0
2025-10-31 09:00:00,1.15615,1.15661,1.15546,1.1565,2905,1,0
2025-10-31 10:00:00,1.15649,1.15716,1.15597,1.15709,2913,1,0
2025-10-31 11:00:00,1.1571,1.1577,1.15648,1.15763,2725,1,0
2025-10-31 12:00:00,1.15763,1.15764,1.15672,1.15708,2471,1,0
2025-10-31 13:00:00,1.15711,1.15745,1.15577,1.15668,2654,1,0
2025-10-31 14:00:00,1.15666,1.15666,1.15538,1.15556,2846,0,0
2025-10-31 15:00:00,1.15557,1.15565,1.15303,1.15387,3803,0,0
2025-10-31 16:00:00,1.15387,1.15428,1.15218,1.15343,4545,0,0
2025-10-31 17:00:00,1.15338,1.15433,1.15235,1.15407,4125,0,0
2025-10-31 18:00:00,1.15405,1.1543700000000001,1.15279,1.15304,3620,0,0
2025-10-31 19:00:00,1.15304,1.15314,1.1522000000000001,1.15243,2064,2,0
2025-10-31 20:00:00,1.1524,1.1527,1.15211,1.15246,1736,2,0
2025-10-31 21:00:00,1.15248,1.1531500000000001,1.1522999999999999,1.15258,1443,2,0
2025-10-31 22:00:00,1.15259,1.15388,1.15242,1.15361,1319,2,0
2025-11-03 00:00:00,1.1529099999999999,1.15369,1.15278,1.15332,1517,8,0
2025-11-03 01:00:00,1.15337,1.15388,1.1525400000000001,1.15274,2494,2,0
2025-11-03 02:00:00,1.15274,1.15311,1.15238,1.1526,1213,2,0
2025-11-03 03:00:00,1.1526,1.15292,1.15211,1.15275,1185,2,0
2025-11-03 04:00:00,1.15274,1.1534200000000001,1.1526,1.1531500000000001,1168,2,0
2025-11-03 05:00:00,1.15314,1.15343,1.15304,1.15337,850,2,0
2025-11-03 06:00:00,1.15337,1.15374,1.15317,1.15339,1102,2,0
2025-11-03 07:00:00,1.15339,1.15378,1.15322,1.15354,963,2,0
2025-11-03 08:00:00,1.1535199999999999,1.1541299999999999,1.1534200000000001,1.15381,1375,2,0
2025-11-03 09:00:00,1.15378,1.1541299999999999,1.15335,1.15394,2395,1,0
2025-11-03 10:00:00,1.15395,1.154,1.15094,1.15136,3711,1,0
2025-11-03 11:00:00,1.15136,1.1521,1.15109,1.15147,2802,1,0
2025-11-03 12:00:00,1.15143,1.15201,1.15078,1.15155,2213,1,0
2025-11-03 13:00:00,1.15157,1.15201,1.15123,1.15156,1792,1,0
2025-11-03 14:00:00,1.15157,1.15224,1.15139,1.15175,1950,0,0
2025-11-03 15:00:00,1.15174,1.1518,1.15056,1.15113,3132,0,0
2025-11-03 16:00:00,1.15113,1.15131,1.15049,1.15102,3443,0,0
2025-11-03 17:00:00,1.1510799999999999,1.1525400000000001,1.15059,1.15249,4444,0,0
2025-11-03 18:00:00,1.15248,1.15321,1.15213,1.15306,2575,0,0
2025-11-03 19:00:00,1.15305,1.1538,1.1526399999999999,1.15274,2440,2,0
2025-11-03 20:00:00,1.15277,1.15313,1.15202,1.15234,1593,2,0
2025-11-03 21:00:00,1.15235,1.15252,1.15165,1.15198,1589,2,0
2025-11-03 22:00:00,1.15197,1.15236,1.15175,1.15194,1214,2,0
2025-11-03 23:00:00,1.15186,1.15198,1.1515,1.15187,888,5,0
2025-11-04 00:00:00,1.15158,1.15204,1.15158,1.15198,1291,4,0
2025-11-04 01:00:00,1.15196,1.15211,1.15182,1.15188,876,2,0
2025-11-04 02:00:00,1.15188,1.15188,1.15057,1.15084,1624,2,0
2025-11-04 03:00:00,1.15083,1.15103,1.14975,1.15102,2329,2,0
2025-11-04 04:00:00,1.15102,1.15113,1.1504699999999999,1.15107,1499,2,0
2025-11-04 05:00:00,1.15107,1.15179,1.15106,1.15137,1316,2,0
2025-11-04 06:00:00,1.15136,1.15178,1.15089,1.15097,1186,2,0
2025-11-04 07:00:00,1.15091,1.1514199999999999,1.1507100000000001,1.15127,1693,2,0
2025-11-04 08:00:00,1.15128,1.15269,1.15111,1.15234,2301,2,0
2025-11-04 09:00:00,1.15233,1.15339,1.15222,1.15269,2622,1,0
2025-11-04 10:00:00,1.15268,1.15289,1.15135,1.15139,3504,1,0
2025-11-04 11:00:00,1.15136,1.15172,1.14999,1.15011,3286,1,0
2025-11-04 12:00:00,1.15012,1.15101,1.1498599999999999,1.15042,2782,1,0
2025-11-04 13:00:00,1.15038,1.15058,1.1489099999999999,1.14903,2705,1,0
2025-11-04 14:00:00,1.14904,1.14933,1.14767,1.14895,4373,0,0
2025-11-04 15:00:00,1.14896,1.14971,1.1488,1.1492,3483,0,0
2025-11-04 16:00:00,1.14919,1.1495,1.14728,1.14813,4541,0,0
2025-11-04 17:00:00,1.14809,1.14926,1.14744,1.14917,4082,0,0
2025-11-04 18:00:00,1.14918,1.14971,1.14872,1.14897,3114,0,0
2025-11-04 19:00:00,1.14896,1.14904,1.14832,1.14842,1608,2,0
2025-11-04 20:00:00,1.14836,1.14865,1.14807,1.14843,1626,2,0
2025-11-04 21:00:00,1.14841,1.14873,1.14787,1.14787,1741,2,0
2025-11-04 22:00:00,1.14787,1.14836,1.14749,1.14798,1715,2,0
2025-11-04 23:00:00,1.14789,1.14822,1.14779,1.14821,1058,4,0
2025-11-05 00:00:00,1.1480299999999999,1.14843,1.14778,1.14822,724,8,0
2025-11-05 01:00:00,1.14824,1.14862,1.14824,1.14852,1338,2,0
2025-11-05 02:00:00,1.14852,1.14853,1.14804,1.14838,2003,2,0
2025-11-05 03:00:00,1.14838,1.14981,1.14794,1.14893,2435,2,0
2025-11-05 04:00:00,1.14894,1.14921,1.14849,1.14884,1443,2,0
2025-11-05 05:00:00,1.14884,1.14927,1.14856,1.1489099999999999,1577,2,0
2025-11-05 06:00:00,1.14889,1.14921,1.14875,1.14904,1031,2,0
2025-11-05 07:00:00,1.14904,1.14944,1.1489099999999999,1.14914,1325,2,0
2025-11-05 08:00:00,1.1491500000000001,1.14942,1.14868,1.14879,1650,2,0
2025-11-05 09:00:00,1.14879,1.14912,1.1482999999999999,1.14866,3124,1,0
2025-11-05 10:00:00,1.14866,1.14956,1.14857,1.1489,3544,1,0
2025-11-05 11:00:00,1.14887,1.14928,1.14812,1.14847,2942,1,0
2025-11-05 12:00:00,1.14847,1.1485400000000001,1.1476,1.14831,2771,1,0
2025-11-05 13:00:00,1.14831,1.14894,1.14786,1.14882,2825,1,0
2025-11-05 14:00:00,1.14884,1.14924,1.14868,1.14913,2318,0,0
2025-11-05 15:00:00,1.14912,1.14938,1.14727,1.14738,4429,0,0
2025-11-05 16:00:00,1.14738,1.14934,1.14688,1.14876,4257,0,0
2025-11-05 17:00:00,1.14869,1.14875,1.14698,1.14789,5069,0,0
2025-11-05 18:00:00,1.1479,1.14859,1.14698,1.14837,3519,0,0
2025-11-05 19:00:00,1.14835,1.14861,1.14761,1.14807,2539,2,0
2025-11-05 20:00:00,1.14804,1.1484,1.14787,1.1482,1707,2,0
2025-11-05 21:00:00,1.14821,1.14879,1.14801,1.14862,1598,2,0
2025-11-05 22:00:00,1.14865,1.1492,1.14858,1.14884,1389,2,0
2025-11-05 23:00:00,1.14875,1.14935,1.14866,1.14924,762,4,0
2025-11-06 00:00:00,1.14895,1.14927,1.14893,1.14912,715,11,0
2025-11-06 01:00:00,1.14913,1.14972,1.14909,1.14954,1178,2,0
2025-11-06 02:00:00,1.14954,1.15021,1.14929,1.15004,1560,2,0
2025-11-06 03:00:00,1.15006,1.15091,1.15005,1.15072,1510,2,0
2025-11-06 04:00:00,1.1507100000000001,1.15088,1.15029,1.15049,1250,2,0
2025-11-06 05:00:00,1.1505,1.1508099999999999,1.15031,1.15066,1147,2,0
2025-11-06 06:00:00,1.15066,1.15085,1.15036,1.15066,1062,2,0
2025-11-06 07:00:00,1.15066,1.15112,1.15034,1.15104,1049,2,0
2025-11-06 08:00:00,1.15101,1.1514,1.15054,1.15067,1601,2,0
2025-11-06 09:00:00,1.15066,1.15135,1.15065,1.15085,2021,1,0
2025-11-06 10:00:00,1.15086,1.15234,1.15057,1.15209,3046,1,0
2025-11-06 11:00:00,1.15209,1.15241,1.1511,1.15134,2482,1,0
2025-11-06 12:00:00,1.15133,1.15176,1.151,1.15106,1875,1,0
2025-11-06 13:00:00,1.15105,1.1521,1.15105,1.15201,2001,1,0
2025-11-06 14:00:00,1.15201,1.15328,1.15141,1.15311,2851,0,0
2025-11-06 15:00:00,1.15311,1.15443,1.15288,1.15359,3080,0,0
2025-11-06 16:00:00,1.1536,1.15377,1.1520299999999999,1.15207,3138,0,0
2025-11-06 17:00:00,1.152,1.15428,1.15189,1.15398,3672,0,0
2025-11-06 18:00:00,1.15398,1.15417,1.15314,1.1538,2754,0,0
2025-11-06 19:00:00,1.15381,1.15429,1.15297,1.15409,2483,2,0
2025-11-06 20:00:00,1.15411,1.15502,1.1539,1.1547399999999999,1841,2,0
2025-11-06 21:00:00,1.15473,1.15523,1.15418,1.1544,1659,2,0
2025-11-06 22:00:00,1.15439,1.15492,1.15426,1.15473,1559,2,0
2025-11-06 23:00:00,1.15465,1.15484,1.15436,1.15465,1325,4,0
2025-11-07 00:00:00,1.15357,1.15479,1.15357,1.15443,2067,12,0
2025-11-07 01:00:00,1.15448,1.15517,1.15443,1.15485,1141,2,0
2025-11-07 02:00:00,1.15488,1.15492,1.15374,1.15391,1511,2,0
2025-11-07 03:00:00,1.15397,1.15415,1.1536,1.15377,1951,2,0
2025-11-07 04:00:00,1.15378,1.15431,1.15378,1.15402,1597,2,0
2025-11-07 05:00:00,1.1540300000000001,1.1541299999999999,1.15347,1.15382,1383,2,0
2025-11-07 06:00:00,1.15379,1.15383,1.15321,1.15362,1387,2,0
2025-11-07 07:00:00,1.15368,1.15387,1.1532499999999999,1.15343,1158,2,0
2025-11-07 08:00:00,1.15344,1.15359,1.15293,1.15313,1533,2,0
2025-11-07 09:00:00,1.15312,1.15363,1.15306,1.1533,1877,1,0
2025-11-07 10:00:00,1.15328,1.1540300000000001,1.15294,1.15346,2572,1,0
2025-11-07 11:00:00,1.15345,1.15424,1.15344,1.15384,2016,1,0
2025-11-07 12:00:00,1.15383,1.15518,1.15372,1.15499,2002,1,0
2025-11-07 13:00:00,1.1549800000000001,1.15611,1.15493,1.15578,2207,1,0
2025-11-07 14:00:00,1.15578,1.15655,1.15537,1.15561,2114,0,0
2025-11-07 15:00:00,1.15562,1.15699,1.15555,1.15673,3146,0,0
2025-11-07 16:00:00,1.15674,1.1579,1.15652,1.15728,2813,0,0
2025-11-07 17:00:00,1.15732,1.15912,1.15713,1.15719,3557,0,0
2025-11-07 18:00:00,1.1572,1.15823,1.15711,1.1578,2330,0,0
2025-11-07 19:00:00,1.15778,1.15823,1.1571500000000001,1.15801,1913,2,0
2025-11-07 20:00:00,1.15799,1.1583700000000001,1.15673,1.15685,1532,2,0
2025-11-07 21:00:00,1.15684,1.15723,1.15554,1.15597,1889,2,0
2025-11-07 22:00:00,1.15597,1.1567,1.15573,1.1564,1643,2,0
2025-11-07 23:00:00,1.15633,1.15663,1.15586,1.15637,1042,4,0
2025-11-10 00:00:00,1.15545,1.15599,1.15541,1.15567,764,8,0
2025-11-10 01:00:00,1.15573,1.1559599999999999,1.15415,1.15436,2004,2,0
2025-11-10 02:00:00,1.15436,1.15594,1.1543,1.15546,2063,2,0
2025-11-10 03:00:00,1.1555,1.15606,1.15467,1.15583,1664,2,0
2025-11-10 04:00:00,1.15582,1.15603,1.15548,1.15583,1184,2,0
2025-11-10 05:00:00,1.15582,1.15589,1.15511,1.15548,1047,2,0
2025-11-10 06:00:00,1.15549,1.15627,1.15549,1.15612,1016,2,0
2025-11-10 07:00:00,1.15613,1.15667,1.15576,1.15616,1194,2,0
2025-11-10 08:00:00,1.15615,1.1565,1.15511,1.15543,1606,2,0
2025-11-10 09:00:00,1.15542,1.1571799999999999,1.15534,1.15679,2683,1,0
2025-11-10 10:00:00,1.15679,1.15831,1.1565,1.15725,2773,1,0
2025-11-10 11:00:00,1.15726,1.1574,1.15639,1.1568,2466,1,0
2025-11-10 12:00:00,1.15679,1.15717,1.15609,1.15629,2209,1,0
2025-11-10 13:00:00,1.15628,1.15644,1.1554,1.15631,2050,1,0
2025-11-10 14:00:00,1.1562999999999999,1.15758,1.15625,1.15678,2272,0,0
2025-11-10 15:00:00,1.15683,1.15782,1.15668,1.15677,2611,0,0
2025-11-10 16:00:00,1.15678,1.15687,1.15591,1.15648,2832,0,0
2025-11-10 17:00:00,1.15643,1.15672,1.15449,1.15456,3012,0,0
2025-11-10 18:00:00,1.15457,1.15549,1.15428,1.15452,2488,0,0
2025-11-10 19:00:00,1.15453,1.15612,1.15408,1.15609,2160,2,0
2025-11-10 20:00:00,1.15608,1.1565,1.15577,1.15587,1488,2,0
2025-11-10 21:00:00,1.15586,1.15632,1.15576,1.15609,1556,2,0
2025-11-10 22:00:00,1.15605,1.15649,1.15601,1.15636,1181,2,0
2025-11-10 23:00:00,1.15628,1.15629,1.15542,1.15564,955,5,0
2025-11-11 00:00:00,1.15531,1.1559,1.15464,1.15578,847,10,0
2025-11-11 01:00:00,1.15574,1.15605,1.15562,1.15564,1306,2,0
2025-11-11 02:00:00,1.15568,1.15598,1.15516,1.15525,1469,2,0
2025-11-11 03:00:00,1.15525,1.1555,1.15467,1.15544,1603,2,0
2025-11-11 04:00:00,1.15544,1.15572,1.15515,1.15533,1334,2,0
2025-11-11 05:00:00,1.1553200000000001,1.15583,1.15529,1.15563,1317,2,0
2025-11-11 06:00:00,1.15563,1.15594,1.15551,1.15582,1174,2,0
2025-11-11 07:00:00,1.15583,1.1565400000000001,1.15576,1.15612,1330,2,0
2025-11-11 08:00:00,1.15613,1.15631,1.15502,1.15523,1597,2,0
2025-11-11 09:00:00,1.15526,1.15608,1.15493,1.15602,2679,1,0
2025-11-11 10:00:00,1.15603,1.15684,1.15544,1.15544,2586,1,0
2025-11-11 11:00:00,1.15542,1.15686,1.1553499999999999,1.15647,2352,1,0
2025-11-11 12:00:00,1.15645,1.15749,1.15623,1.15732,2039,1,0
2025-11-11 13:00:00,1.15734,1.15779,1.15698,1.15717,1915,1,0
2025-11-11 14:00:00,1.15717,1.15773,1.15683,1.15707,1800,0,0
2025-11-11 15:00:00,1.15711,1.16061,1.15709,1.16006,3956,0,0
2025-11-11 16:00:00,1.16007,1.16052,1.15933,1.16009,2992,0,0
2025-11-11 17:00:00,1.16008,1.16034,1.15912,1.15947,3119,0,0
2025-11-11 18:00:00,1.15947,1.15998,1.15905,1.1593499999999999,2170,0,0
2025-11-11 19:00:00,1.1593499999999999,1.15994,1.15905,1.15947,1435,2,0
2025-11-11 20:00:00,1.15945,1.1595900000000001,1.1591,1.15928,1297,2,0
2025-11-11 21:00:00,1.15927,1.15931,1.15834,1.1584699999999999,1392,2,0
2025-11-11 22:00:00,1.1584,1.15892,1.15829,1.1583,1691,2,0
2025-11-11 23:00:00,1.15822,1.1585,1.158,1.15818,1198,4,0
2025-11-12 00:00:00,1.15809,1.15854,1.15809,1.15851,993,8,0
2025-11-12 01:00:00,1.1586,1.1587399999999999,1.15818,1.15867,1335,2,0
2025-11-12 02:00:00,1.15867,1.1587,1.15788,1.15796,1393,2,0
2025-11-12 03:00:00,1.15797,1.15821,1.1574200000000001,1.15756,1647,2,0
2025-11-12 04:00:00,1.15756,1.15799,1.15751,1.15791,1229,2,0
2025-11-12 05:00:00,1.15792,1.15816,1.15754,1.15775,1149,2,0
2025-11-12 06:00:00,1.15772,1.15787,1.15698,1.15723,1141,2,0
2025-11-12 07:00:00,1.15722,1.15787,1.15708,1.1576,1413,2,0
2025-11-12 08:00:00,1.15757,1.15826,1.15749,1.15824,1411,2,0
2025-11-12 09:00:00,1.15824,1.15886,1.1581,1.15838,2124,1,0
2025-11-12 10:00:00,1.15842,1.15878,1.15768,1.15775,2592,1,0
2025-11-12 11:00:00,1.1577600000000001,1.15807,1.15678,1.15702,2598,1,0
2025-11-12 12:00:00,1.15698,1.15756,1.15649,1.157,2471,1,0
2025-11-12 13:00:00,1.157,1.15779,1.1565400000000001,1.15778,2019,1,0
2025-11-12 14:00:00,1.15777,1.15805,1.15717,1.15766,2466,0,0
2025-11-12 15:00:00,1.15766,1.15797,1.1566,1.15724,2636,0,0
2025-11-12 16:00:00,1.15722,1.15759,1.15627,1.15757,3159,0,0
2025-11-12 17:00:00,1.15756,1.15956,1.15727,1.15943,3299,0,0
2025-11-12 18:00:00,1.15942,1.15981,1.15882,1.1591,2498,0,0
2025-11-12 19:00:00,1.1590799999999999,1.15973,1.1590799999999999,1.15933,1828,2,0
2025-11-12 20:00:00,1.15933,1.15945,1.15886,1.15897,1443,2,0
2025-11-12 21:00:00,1.15896,1.15905,1.15844,1.15863,1443,2,0
2025-11-12 22:00:00,1.15861,1.1590799999999999,1.15851,1.15896,1481,2,0
2025-11-12 23:00:00,1.15888,1.15926,1.15838,1.1592500000000001,1151,5,0
2025-11-13 00:00:00,1.15907,1.15921,1.15888,1.15891,915,8,0
2025-11-13 01:00:00,1.159,1.15944,1.15892,1.15919,1306,2,0
2025-11-13 02:00:00,1.15919,1.15922,1.158,1.15802,1789,2,0
2025-11-13 03:00:00,1.158,1.15897,1.15789,1.1589,1760,2,0
2025-11-13 04:00:00,1.15891,1.15931,1.1585,1.15895,1445,2,0
2025-11-13 05:00:00,1.15897,1.15918,1.1586400000000001,1.15894,1364,2,0
2025-11-13 06:00:00,1.15897,1.15919,1.1587,1.15904,1191,2,0
2025-11-13 07:00:00,1.15903,1.1591,1.15801,1.15821,1225,2,0
2025-11-13 08:00:00,1.1582,1.15861,1.1581,1.15861,1419,2,0
2025-11-13 09:00:00,1.15859,1.16125,1.15829,1.16112,2512,1,0
2025-11-13 10:00:00,1.16116,1.16296,1.16099,1.16284,3072,1,0
2025-11-13 11:00:00,1.16284,1.1635,1.16105,1.16168,3318,1,0
2025-11-13 12:00:00,1.16167,1.16237,1.16112,1.1616,2328,1,0
2025-11-13 13:00:00,1.1616,1.16206,1.16048,1.16065,2235,1,0
2025-11-13 14:00:00,1.16065,1.16233,1.16059,1.16225,2593,0,0
2025-11-13 15:00:00,1.16226,1.16252,1.16113,1.16202,2810,0,0
2025-11-13 16:00:00,1.1620300000000001,1.16313,1.16168,1.16283,3516,0,0
2025-11-13 17:00:00,1.16281,1.16432,1.1623,1.1639,3591,0,0
2025-11-13 18:00:00,1.16389,1.16491,1.16364,1.16486,2939,0,0
2025-11-13 19:00:00,1.16486,1.16564,1.16455,1.1650800000000001,2546,2,0
2025-11-13 20:00:00,1.16509,1.1652,1.16367,1.16385,2257,2,0
2025-11-13 21:00:00,1.16384,1.16415,1.16352,1.16353,1610,2,0
2025-11-13 22:00:00,1.16352,1.1639599999999999,1.1632500000000001,1.16332,1491,2,0
2025-11-13 23:00:00,1.1632500000000001,1.16373,1.16296,1.16338,1160,4,0
2025-11-14 00:00:00,1.16296,1.16373,1.16296,1.16352,1056,4,0
2025-11-14 01:00:00,1.16354,1.16378,1.16235,1.16299,1530,2,0
2025-11-14 02:00:00,1.16297,1.16339,1.16266,1.16331,1919,2,0
2025-11-14 03:00:00,1.16332,1.16392,1.1629800000000001,1.16336,2087,2,0
2025-11-14 04:00:00,1.1633499999999999,1.16376,1.16294,1.1635900000000001,1762,2,0
2025-11-14 05:00:00,1.1636,1.16451,1.16351,1.1638,1461,2,0
2025-11-14 06:00:00,1.16379,1.16431,1.16376,1.1642299999999999,1512,2,0
2025-11-14 07:00:00,1.16421,1.16482,1.1639,1.16474,1665,2,0
2025-11-14 08:00:00,1.16475,1.16489,1.1633,1.16371,1774,2,0
2025-11-14 09:00:00,1.16374,1.16459,1.16316,1.16327,2668,1,0
2025-11-14 10:00:00,1.16327,1.16372,1.16204,1.16297,3985,1,0
2025-11-14 11:00:00,1.16296,1.16316,1.16201,1.16221,2644,1,0
2025-11-14 12:00:00,1.16217,1.16221,1.16124,1.16135,2237,1,0
2025-11-14 13:00:00,1.16133,1.16201,1.16086,1.16197,2376,1,0
2025-11-14 14:00:00,1.16197,1.16528,1.16171,1.16528,3328,0,0
2025-11-14 15:00:00,1.1653,1.16539,1.16342,1.16379,3790,0,0
2025-11-14 16:00:00,1.1638,1.1638600000000001,1.16208,1.16231,3992,0,0
2025-11-14 17:00:00,1.1623,1.16258,1.16062,1.16129,3715,0,0
2025-11-14 18:00:00,1.16127,1.16228,1.16097,1.16167,2767,0,0
2025-11-14 19:00:00,1.16165,1.16181,1.16075,1.16143,2209,2,0
2025-11-14 20:00:00,1.16144,1.16182,1.16094,1.16166,1644,2,0
2025-11-14 21:00:00,1.16168,1.16198,1.16155,1.16182,1608,2,0
2025-11-14 22:00:00,1.16183,1.16232,1.16168,1.162,1540,2,0
2025-11-14 23:00:00,1.16193,1.1623,1.16164,1.16201,1214,4,0
2025-11-17 00:00:00,1.16109,1.16234,1.16109,1.16226,936,14,0
2025-11-17 01:00:00,1.16228,1.16248,1.16111,1.16149,1674,2,0
2025-11-17 02:00:00,1.16149,1.1615,1.1604700000000001,1.16066,2456,2,0
2025-11-17 03:00:00,1.16067,1.16102,1.1605,1.16061,2018,2,0
2025-11-17 04:00:00,1.16061,1.16068,1.16012,1.16024,2021,2,0
2025-11-17 05:00:00,1.16018,1.16023,1.1596,1.15989,1775,2,0
2025-11-17 06:00:00,1.15988,1.16036,1.15974,1.1602999999999999,1442,2,0
2025-11-17 07:00:00,1.1602999999999999,1.16053,1.15988,1.16006,1400,2,0
2025-11-17 08:00:00,1.16007,1.16089,1.15949,1.16077,2562,2,0
2025-11-17 09:00:00,1.16071,1.1615199999999999,1.16063,1.1613,3171,1,0
2025-11-17 10:00:00,1.1613,1.1615199999999999,1.15994,1.16034,2578,1,0
2025-11-17 11:00:00,1.16034,1.16045,1.1596899999999999,1.16016,2226,1,0
2025-11-17 12:00:00,1.16015,1.16083,1.1595900000000001,1.15963,2223,1,0
2025-11-17 13:00:00,1.15964,1.16032,1.15948,1.16014,2114,1,0
2025-11-17 14:00:00,1.16009,1.16049,1.15955,1.15991,2036,0,0
2025-11-17 15:00:00,1.15992,1.15998,1.15886,1.15915,3020,0,0
2025-11-17 16:00:00,1.15916,1.15952,1.1583,1.1586,2688,0,0
2025-11-17 17:00:00,1.1586,1.15983,1.15822,1.15974,2927,0,0
2025-11-17 18:00:00,1.15972,1.16021,1.1593499999999999,1.15971,2334,0,0
2025-11-17 19:00:00,1.1597,1.15995,1.1591,1.1593499999999999,1723,2,0
2025-11-17 20:00:00,1.15941,1.15949,1.15878,1.15907,1883,2,0
2025-11-17 21:00:00,1.15905,1.15953,1.15834,1.15836,1973,2,0
2025-11-17 22:00:00,1.1583700000000001,1.15911,1.15822,1.15885,1893,2,0
2025-11-17 23:00:00,1.15877,1.1592,1.1586,1.15916,1265,4,0
2025-11-18 00:00:00,1.1589,1.15921,1.15871,1.1589,684,8,0
2025-11-18 01:00:00,1.15892,1.15942,1.15886,1.15901,1240,2,0
2025-11-18 02:00:00,1.159,1.159,1.15848,1.1587399999999999,1658,2,0
2025-11-18 03:00:00,1.15872,1.15934,1.15843,1.15905,1584,2,0
2025-11-18 04:00:00,1.15904,1.15941,1.15878,1.15933,1407,2,0
2025-11-18 05:00:00,1.15934,1.15961,1.1590799999999999,1.15923,1459,2,0
2025-11-18 06:00:00,1.15921,1.16033,1.15885,1.15998,1765,2,0
2025-11-18 07:00:00,1.15992,1.16007,1.15949,1.15982,1376,2,0
2025-11-18 08:00:00,1.15981,1.16007,1.15928,1.15939,1590,2,0
2025-11-18 09:00:00,1.1594,1.15998,1.1590799999999999,1.15912,2402,1,0
2025-11-18 10:00:00,1.15912,1.16064,1.15896,1.15917,2749,1,0
2025-11-18 11:00:00,1.15916,1.15956,1.15871,1.15892,2189,1,0
2025-11-18 12:00:00,1.15893,1.15911,1.15797,1.15816,2201,1,0
2025-11-18 13:00:00,1.15818,1.15888,1.15799,1.15845,2150,1,0
2025-11-18 14:00:00,1.15845,1.15927,1.15829,1.15917,2316,0,0
2025-11-18 15:00:00,1.15923,1.16022,1.15883,1.1597,3618,0,0
2025-11-18 16:00:00,1.15971,1.16025,1.15928,1.16005,3077,0,0
2025-11-18 17:00:00,1.16004,1.1608,1.15815,1.15823,3626,0,0
2025-11-18 18:00:00,1.15823,1.15842,1.15723,1.15787,3303,0,0
2025-11-18 19:00:00,1.15787,1.15808,1.15712,1.15751,1956,2,0
2025-11-18 20:00:00,1.15753,1.15856,1.15747,1.15817,1641,2,0
2025-11-18 21:00:00,1.15816,1.15873,1.15801,1.15853,1426,2,0
2025-11-18 22:00:00,1.15851,1.15872,1.15785,1.15802,1436,2,0
2025-11-18 23:00:00,1.15795,1.1583,1.1577,1.15797,1210,4,0
2025-11-19 00:00:00,1.15737,1.15827,1.15732,1.15775,1044,13,0
2025-11-19 01:00:00,1.1577600000000001,1.15819,1.1577600000000001,1.15804,1180,2,0
2025-11-19 02:00:00,1.15804,1.15843,1.15783,1.15819,1606,2,0
2025-11-19 03:00:00,1.15817,1.15851,1.15757,1.15763,1676,2,0
2025-11-19 04:00:00,1.15765,1.15819,1.15728,1.15791,1623,2,0
2025-11-19 05:00:00,1.15791,1.15842,1.15767,1.15835,1292,2,0
2025-11-19 06:00:00,1.15834,1.15841,1.15777,1.15839,1239,2,0
2025-11-19 07:00:00,1.15838,1.1591,1.15829,1.15893,1451,2,0
2025-11-19 08:00:00,1.15893,1.15917,1.1586400000000001,1.15871,1274,2,0
2025-11-19 09:00:00,1.1587,1.15975,1.15772,1.15812,2989,1,0
2025-11-19 10:00:00,1.15816,1.15888,1.1571,1.15735,2939,1,0
2025-11-19 11:00:00,1.15731,1.15801,1.15656,1.15735,2608,1,0
2025-11-19 12:00:00,1.15735,1.1577600000000001,1.15675,1.15695,2606,1,0
2025-11-19 13:00:00,1.15694,1.15878,1.15683,1.15866,2512,1,0
2025-11-19 14:00:00,1.15869,1.15894,1.15757,1.1578,2039,0,0
2025-11-19 15:00:00,1.15781,1.15911,1.15706,1.15726,2402,0,0
2025-11-19 16:00:00,1.15725,1.15741,1.15546,1.15557,3334,0,0
2025-11-19 17:00:00,1.15556,1.15564,1.15402,1.15467,3505,0,0
2025-11-19 18:00:00,1.15465,1.15478,1.15346,1.15399,2792,0,0
2025-11-19 19:00:00,1.15401,1.15424,1.15256,1.15334,2548,2,0
2025-11-19 20:00:00,1.15328,1.15374,1.15288,1.15295,1735,2,0
2025-11-19 21:00:00,1.15295,1.1531500000000001,1.15181,1.15213,2651,2,0
2025-11-19 22:00:00,1.15214,1.15288,1.15202,1.15259,1713,2,0
2025-11-19 23:00:00,1.15251,1.15381,1.15221,1.15378,1408,4,0
2025-11-20 00:00:00,1.15365,1.15384,1.15363,1.15373,520,5,0
2025-11-20 01:00:00,1.15382,1.1542,1.15363,1.1539,1232,2,0
2025-11-20 02:00:00,1.15389,1.15395,1.15286,1.15347,1790,2,0
2025-11-20 03:00:00,1.15345,1.15356,1.15222,1.15231,1824,2,0
2025-11-20 04:00:00,1.1522999999999999,1.15237,1.15149,1.15204,1603,2,0
2025-11-20 05:00:00,1.1520299999999999,1.15228,1.15097,1.15138,1674,2,0
2025-11-20 06:00:00,1.15137,1.15208,1.15128,1.15195,1132,2,0
2025-11-20 07:00:00,1.15192,1.15199,1.15138,1.1515900000000001,1231,2,0
2025-11-20 08:00:00,1.15158,1.15236,1.15134,1.15201,1680,2,0
2025-11-20 09:00:00,1.152,1.15231,1.15149,1.15194,2366,1,0
2025-11-20 10:00:00,1.15189,1.15233,1.15112,1.15212,2863,1,0
2025-11-20 11:00:00,1.15209,1.15279,1.15171,1.15273,2129,1,0
2025-11-20 12:00:00,1.15277,1.15295,1.15241,1.15271,2212,1,0
2025-11-20 13:00:00,1.15271,1.15273,1.15133,1.15145,2213,1,0
2025-11-20 14:00:00,1.15145,1.1517,1.1507,1.15112,2128,0,0
2025-11-20 15:00:00,1.15111,1.15395,1.15013,1.1528,5988,0,0
2025-11-20 16:00:00,1.15274,1.15501,1.15229,1.1535,4831,0,0
2025-11-20 17:00:00,1.15346,1.15372,1.1520299999999999,1.15274,3542,0,0
2025-11-20 18:00:00,1.15276,1.15412,1.15272,1.15339,3365,0,0
2025-11-20 19:00:00,1.15339,1.15382,1.15248,1.15289,2977,2,0
2025-11-20 20:00:00,1.15288,1.1537,1.15265,1.15361,2198,2,0
2025-11-20 21:00:00,1.15362,1.15408,1.15351,1.15377,2007,2,0
2025-11-20 22:00:00,1.15378,1.15384,1.15256,1.15263,1683,2,0
2025-11-20 23:00:00,1.15256,1.15282,1.15229,1.15279,1251,4,0
2025-11-21 00:00:00,1.15243,1.15304,1.15154,1.15278,1507,18,0
2025-11-21 01:00:00,1.15279,1.15345,1.15234,1.15339,1197,2,0
2025-11-21 02:00:00,1.15339,1.15362,1.15283,1.15349,1502,2,0
2025-11-21 03:00:00,1.15348,1.15385,1.1532,1.15324,2056,2,0
2025-11-21 04:00:00,1.1532499999999999,1.15391,1.15319,1.15356,1545,2,0
2025-11-21 05:00:00,1.15357,1.15378,1.15332,1.1536,995,2,0
2025-11-21 06:00:00,1.15361,1.15419,1.15357,1.15385,1033,2,0
2025-11-21 07:00:00,1.15384,1.15421,1.15343,1.15354,1477,2,0
2025-11-21 08:00:00,1.15355,1.15466,1.15347,1.1541299999999999,1689,2,0
2025-11-21 09:00:00,1.15412,1.15481,1.15385,1.15414,2698,1,0
2025-11-21 10:00:00,1.15417,1.15526,1.15343,1.15412,3626,1,0
2025-11-21 11:00:00,1.1541299999999999,1.15431,1.15249,1.15249,2902,1,0
2025-11-21 12:00:00,1.15248,1.15273,1.15122,1.15198,2888,1,0
2025-11-21 13:00:00,1.152,1.15229,1.15042,1.15061,2534,1,0
2025-11-21 14:00:00,1.15061,1.1526,1.14968,1.15244,4279,0,0
2025-11-21 15:00:00,1.15243,1.1527,1.15154,1.1521,3052,0,0
2025-11-21 16:00:00,1.15209,1.15231,1.15052,1.1514199999999999,3575,0,0
2025-11-21 17:00:00,1.15141,1.15235,1.14988,1.15032,3957,0,0
2025-11-21 18:00:00,1.1503,1.15055,1.14909,1.1504699999999999,3308,0,0
2025-11-21 19:00:00,1.15046,1.15131,1.15003,1.15067,2587,2,0
2025-11-21 20:00:00,1.15069,1.15085,1.15016,1.15045,1988,2,0
2025-11-21 21:00:00,1.15046,1.15176,1.15038,1.15129,1974,2,0
2025-11-21 22:00:00,1.15128,1.15181,1.15088,1.15171,2002,2,0
2025-11-21 23:00:00,1.15164,1.152,1.15119,1.15136,1258,4,0
2025-11-24 00:00:00,1.15097,1.15135,1.15084,1.15117,757,6,0
2025-11-24 01:00:00,1.15122,1.15152,1.15058,1.15069,1593,2,0
2025-11-24 02:00:00,1.15069,1.15083,1.15021,1.15065,1007,2,0
2025-11-24 03:00:00,1.15065,1.15133,1.15046,1.15104,1825,2,0
2025-11-24 04:00:00,1.15105,1.15186,1.151,1.1515900000000001,1987,2,0
2025-11-24 05:00:00,1.1516,1.15192,1.1513200000000001,1.15162,1659,2,0
2025-11-24 06:00:00,1.1515900000000001,1.15219,1.15154,1.15207,1489,2,0
2025-11-24 07:00:00,1.1521,1.1528100000000001,1.15208,1.15221,2455,2,0
2025-11-24 08:00:00,1.15221,1.15272,1.15198,1.1521,1671,2,0
2025-11-24 09:00:00,1.15204,1.15226,1.15111,1.15121,2284,1,0
2025-11-24 10:00:00,1.15123,1.15346,1.15095,1.15276,3217,1,0
2025-11-24 11:00:00,1.15279,1.15346,1.15244,1.153,2746,1,0
2025-11-24 12:00:00,1.15301,1.15421,1.15297,1.15408,2257,1,0
2025-11-24 13:00:00,1.15409,1.15468,1.1536,1.15451,2033,1,0
2025-11-24 14:00:00,1.15452,1.15507,1.15365,1.15477,2513,0,0
2025-11-24 15:00:00,1.15478,1.15499,1.15372,1.15388,2759,0,0
2025-11-24 16:00:00,1.15387,1.15414,1.15261,1.15272,3311,0,0
2025-11-24 17:00:00,1.15266,1.15299,1.15171,1.15293,3177,0,0
2025-11-24 18:00:00,1.15287,1.15309,1.15173,1.15179,2164,0,0
2025-11-24 19:00:00,1.15181,1.15199,1.15113,1.15176,1848,2,0
2025-11-24 20:00:00,1.15176,1.15282,1.1516899999999999,1.15274,1529,2,0
2025-11-24 21:00:00,1.15275,1.15293,1.15227,1.15273,1462,2,0
2025-11-24 22:00:00,1.15274,1.15286,1.15215,1.15227,1567,2,0
2025-11-24 23:00:00,1.15219,1.15228,1.15182,1.15206,1128,4,0
2025-11-25 00:00:00,1.1518,1.1525400000000001,1.15153,1.15239,864,15,0
2025-11-25 01:00:00,1.1525,1.1525400000000001,1.15188,1.15201,1394,2,0
2025-11-25 02:00:00,1.15202,1.15237,1.15186,1.15235,1428,2,0
2025-11-25 03:00:00,1.15234,1.15302,1.15217,1.15253,1604,2,0
2025-11-25 04:00:00,1.1525400000000001,1.1528100000000001,1.1522000000000001,1.1528,1373,2,0
2025-11-25 05:00:00,1.1528100000000001,1.15304,1.15167,1.15181,1472,2,0
2025-11-25 06:00:00,1.15181,1.15181,1.1514,1.15145,1015,2,0
2025-11-25 07:00:00,1.15145,1.15187,1.15114,1.15166,1206,2,0
2025-11-25 08:00:00,1.15165,1.15217,1.15144,1.15182,1709,2,0
2025-11-25 09:00:00,1.15181,1.15305,1.15176,1.15224,2607,1,0
2025-11-25 10:00:00,1.15226,1.15337,1.15205,1.15284,3228,1,0
2025-11-25 11:00:00,1.15286,1.15367,1.1527,1.15339,2703,1,0
2025-11-25 12:00:00,1.15338,1.15412,1.15323,1.15392,2470,1,0
2025-11-25 13:00:00,1.15391,1.15391,1.15246,1.1527,2185,1,0
2025-11-25 14:00:00,1.1527,1.15572,1.15252,1.15443,3390,0,0
2025-11-25 15:00:00,1.15444,1.15627,1.15427,1.15581,4691,0,0
2025-11-25 16:00:00,1.15581,1.15719,1.15523,1.15668,3976,0,0
2025-11-25 17:00:00,1.15674,1.15843,1.15617,1.15627,3738,0,0
2025-11-25 18:00:00,1.15629,1.15721,1.15499,1.1553200000000001,2913,0,0
2025-11-25 19:00:00,1.15531,1.1584,1.15519,1.1582,3815,2,0
2025-11-25 20:00:00,1.15824,1.1586,1.15769,1.15792,2345,2,0
2025-11-25 21:00:00,1.15791,1.15855,1.15741,1.15834,1612,2,0
2025-11-25 22:00:00,1.15835,1.15846,1.15582,1.15653,1977,2,0
2025-11-25 23:00:00,1.15644,1.15716,1.15635,1.15688,1200,4,0
2025-11-26 00:00:00,1.15675,1.15711,1.15665,1.15696,619,13,0
2025-11-26 01:00:00,1.15697,1.15733,1.15641,1.15647,1248,2,0
2025-11-26 02:00:00,1.15647,1.1572,1.15631,1.15684,1856,2,0
2025-11-26 03:00:00,1.1568100000000001,1.15827,1.15651,1.1577,2505,2,0
2025-11-26 04:00:00,1.15768,1.15868,1.15744,1.1581299999999999,2006,2,0
2025-11-26 05:00:00,1.15814,1.15918,1.15806,1.15909,1718,2,0
2025-11-26 06:00:00,1.1590799999999999,1.15915,1.15821,1.15833,1379,2,0
2025-11-26 07:00:00,1.15834,1.15914,1.15823,1.15905,1522,2,0
2025-11-26 08:00:00,1.15904,1.1595900000000001,1.1583700000000001,1.1586,1920,2,0
2025-11-26 09:00:00,1.15861,1.15924,1.1575,1.15791,2765,1,0
2025-11-26 10:00:00,1.15791,1.15812,1.1565699999999999,1.15717,2878,1,0
2025-11-26 11:00:00,1.15717,1.158,1.1568,1.15721,2836,1,0
2025-11-26 12:00:00,1.15724,1.1578,1.1568100000000001,1.15738,2395,1,0
2025-11-26 13:00:00,1.15737,1.1581,1.15679,1.15741,3056,1,0
2025-11-26 14:00:00,1.1574,1.15801,1.1569,1.15722,3903,0,0
2025-11-26 15:00:00,1.15725,1.15842,1.15485,1.15527,5170,0,0
2025-11-26 16:00:00,1.15526,1.1582,1.15469,1.15792,3835,0,0
2025-11-26 17:00:00,1.15792,1.15951,1.15781,1.1589800000000001,3894,0,0
2025-11-26 18:00:00,1.15901,1.1601,1.15886,1.159,3093,0,0
2025-11-26 19:00:00,1.1589800000000001,1.15941,1.15853,1.15926,2295,2,0
2025-11-26 20:00:00,1.15932,1.15967,1.15888,1.1593,1756,2,0
2025-11-26 21:00:00,1.15931,1.15966,1.15901,1.15933,1336,2,0
2025-11-26 22:00:00,1.15933,1.15976,1.15922,1.15944,1293,2,0
2025-11-26 23:00:00,1.15937,1.1596899999999999,1.1592500000000001,1.15967,1073,4,0
2025-11-27 00:00:00,1.15887,1.15963,1.15814,1.1595,568,8,0
2025-11-27 01:00:00,1.15948,1.16023,1.15943,1.16016,1453,2,0
2025-11-27 02:00:00,1.16015,1.1605,1.15997,1.16019,1365,2,0
2025-11-27 03:00:00,1.16018,1.16128,1.16009,1.16087,1893,2,0
2025-11-27 04:00:00,1.16089,1.16136,1.16006,1.16033,1635,2,0
2025-11-27 05:00:00,1.16036,1.16067,1.15997,1.16021,1357,2,0
2025-11-27 06:00:00,1.16021,1.16054,1.16,1.16009,1287,2,0
2025-11-27 07:00:00,1.1601,1.16065,1.16004,1.16018,1513,2,0
2025-11-27 08:00:00,1.16021,1.16055,1.15909,1.1592,2044,2,0
2025-11-27 09:00:00,1.15922,1.15939,1.15856,1.15919,1872,1,0
2025-11-27 10:00:00,1.15923,1.15958,1.15865,1.15931,2685,1,0
2025-11-27 11:00:00,1.15929,1.1594,1.15764,1.15778,2537,1,0
2025-11-27 12:00:00,1.15778,1.15853,1.15769,1.15838,2010,1,0
2025-11-27 13:00:00,1.15841,1.15877,1.15785,1.15859,2441,1,0
2025-11-27 14:00:00,1.15859,1.15907,1.15823,1.15835,2148,0,0
2025-11-27 15:00:00,1.15834,1.15967,1.15829,1.15947,2339,0,0
2025-11-27 16:00:00,1.15948,1.15981,1.15904,1.15946,2225,0,0
2025-11-27 17:00:00,1.15942,1.15997,1.15924,1.15944,1415,0,0
2025-11-27 18:00:00,1.15945,1.16005,1.15921,1.15992,1096,0,0
2025-11-27 19:00:00,1.15992,1.16016,1.15915,1.15946,933,2,0
2025-11-27 20:00:00,1.15946,1.15957,1.15912,1.15921,633,2,0
2025-11-27 21:00:00,1.1592,1.15964,1.15919,1.15951,612,2,0
2025-11-27 22:00:00,1.15951,1.15966,1.1594,1.15945,620,2,0
2025-11-27 23:00:00,1.15937,1.15967,1.15937,1.15951,525,4,0
2025-11-28 00:00:00,1.15923,1.15967,1.15904,1.1595,433,11,0
2025-11-28 01:00:00,1.15951,1.16013,1.15951,1.15993,586,2,0
2025-11-28 02:00:00,1.15993,1.16022,1.15918,1.15942,1392,2,0
2025-11-28 03:00:00,1.15944,1.15989,1.15819,1.15833,1413,2,0
2025-11-28 04:00:00,1.15832,1.15884,1.158,1.15841,3146,2,0
2025-11-28 05:00:00,1.15841,1.1590799999999999,1.15819,1.15869,4744,2,0
2025-11-28 06:00:00,1.15871,1.15924,1.15857,1.15891,3930,2,0
2025-11-28 07:00:00,1.1589,1.1594,1.1582,1.15895,5466,2,0
2025-11-28 08:00:00,1.15891,1.15905,1.1581,1.15835,5586,2,0
2025-11-28 09:00:00,1.15834,1.15901,1.15755,1.15798,5479,1,0
2025-11-28 10:00:00,1.15798,1.15815,1.15667,1.157,6238,1,0
2025-11-28 11:00:00,1.15694,1.15798,1.15669,1.1569,8842,1,0
2025-11-28 12:00:00,1.15684,1.15704,1.15553,1.1559,3851,1,0
2025-11-28 13:00:00,1.15589,1.1569099999999999,1.1555900000000001,1.15679,3234,1,0
2025-11-28 14:00:00,1.1568,1.15729,1.15618,1.15665,3833,0,0
2025-11-28 15:00:00,1.15666,1.15785,1.15624,1.1575,5897,0,0
2025-11-28 16:00:00,1.15749,1.15852,1.1571,1.15848,2917,0,0
2025-11-28 17:00:00,1.15848,1.16077,1.15797,1.16072,3710,0,0
2025-11-28 18:00:00,1.16071,1.16076,1.1592500000000001,1.15988,3216,0,0
2025-11-28 19:00:00,1.15987,1.16046,1.15932,1.16024,1804,2,0
2025-11-28 20:00:00,1.16026,1.16048,1.15954,1.16017,1511,2,0
2025-11-28 21:00:00,1.16015,1.1604,1.16004,1.1602000000000001,1251,2,0
2025-11-28 22:00:00,1.1602000000000001,1.16043,1.16008,1.16008,1276,2,0
2025-11-28 23:00:00,1.16,1.16023,1.15934,1.15983,992,6,0
2025-12-01 00:00:00,1.15891,1.1598600000000001,1.15891,1.15977,1229,15,0
2025-12-01 01:00:00,1.15981,1.16082,1.15956,1.16009,2734,2,0
2025-12-01 02:00:00,1.16011,1.16074,1.15973,1.16027,2777,2,0
2025-12-01 03:00:00,1.16031,1.16161,1.16,1.16053,2663,2,0
2025-12-01 04:00:00,1.16053,1.1606,1.15927,1.15952,1735,2,0
2025-12-01 05:00:00,1.15951,1.15977,1.15891,1.15971,1130,2,0
2025-12-01 06:00:00,1.15972,1.16021,1.15943,1.15983,1119,2,0
2025-12-01 07:00:00,1.15983,1.16016,1.15946,1.15974,1346,2,0
2025-12-01 08:00:00,1.15975,1.15991,1.15901,1.15965,1836,2,0
2025-12-01 09:00:00,1.15966,1.16131,1.15958,1.16072,2199,1,0
2025-12-01 10:00:00,1.16072,1.1622,1.16044,1.16131,3630,1,0
2025-12-01 11:00:00,1.16134,1.16238,1.16134,1.16224,3010,1,0
2025-12-01 12:00:00,1.16224,1.16284,1.16189,1.16275,2600,1,0
2025-12-01 13:00:00,1.1627399999999999,1.1632,1.16244,1.16276,2305,1,0
2025-12-01 14:00:00,1.16275,1.16489,1.1626400000000001,1.16485,2647,0,0
2025-12-01 15:00:00,1.1648399999999999,1.1652,1.16393,1.1644700000000001,3342,0,0
2025-12-01 16:00:00,1.16445,1.16453,1.163,1.16322,3767,0,0
2025-12-01 17:00:00,1.16327,1.16409,1.16225,1.16291,3811,0,0
2025-12-01 18:00:00,1.16292,1.16345,1.16208,1.16225,2590,0,0
2025-12-01 19:00:00,1.16224,1.16289,1.16177,1.16209,1876,2,0
2025-12-01 20:00:00,1.1621,1.16237,1.16112,1.16121,1876,2,0
2025-12-01 21:00:00,1.16121,1.16125,1.16068,1.16089,1385,2,0
2025-12-01 22:00:00,1.16088,1.16101,1.16059,1.16096,1112,2,0
2025-12-01 23:00:00,1.16088,1.16104,1.16068,1.16085,779,4,0
2025-12-02 00:00:00,1.1606,1.1609,1.1605,1.16075,379,4,0
2025-12-02 01:00:00,1.16084,1.16103,1.16062,1.16062,779,2,0
2025-12-02 02:00:00,1.16063,1.16095,1.16036,1.16059,1350,2,0
2025-12-02 03:00:00,1.16058,1.16114,1.16035,1.16088,1268,2,0
2025-12-02 04:00:00,1.16094,1.16121,1.16088,1.16121,857,2,0
2025-12-02 05:00:00,1.16121,1.16126,1.16086,1.16125,967,2,0
2025-12-02 06:00:00,1.16126,1.16143,1.16086,1.1609099999999999,756,2,0
2025-12-02 07:00:00,1.16092,1.16112,1.16068,1.16102,713,2,0
2025-12-02 08:00:00,1.16102,1.16113,1.16046,1.16093,1115,2,0
2025-12-02 09:00:00,1.16094,1.16164,1.16085,1.16125,2151,1,0
2025-12-02 10:00:00,1.16125,1.16164,1.16088,1.16103,2438,1,0
2025-12-02 11:00:00,1.1610800000000001,1.16145,1.16021,1.16102,2464,1,0
2025-12-02 12:00:00,1.16103,1.16124,1.15984,1.16064,2768,1,0
2025-12-02 13:00:00,1.16068,1.16131,1.16034,1.16116,2131,1,0
2025-12-02 14:00:00,1.16115,1.16196,1.16072,1.1618,2256,0,0
2025-12-02 15:00:00,1.16181,1.16198,1.1611,1.1617899999999999,2291,0,0
2025-12-02 16:00:00,1.1617899999999999,1.16235,1.16134,1.16175,3410,0,0
2025-12-02 17:00:00,1.16176,1.16187,1.1593,1.16059,4144,0,0
2025-12-02 18:00:00,1.16064,1.161,1.15914,1.15951,3100,0,0
2025-12-02 19:00:00,1.15951,1.1608,1.15926,1.16075,2095,1,0
2025-12-02 20:00:00,1.16076,1.16135,1.16056,1.16083,1675,2,0
2025-12-02 21:00:00,1.16084,1.1625,1.16084,1.16202,1875,2,0
2025-12-02 22:00:00,1.16202,1.16262,1.16195,1.16248,1645,2,0
2025-12-02 23:00:00,1.1623999999999999,1.16253,1.162,1.16243,1202,5,0
2025-12-03 00:00:00,1.16178,1.16247,1.16178,1.16231,903,7,0
2025-12-03 01:00:00,1.16231,1.1629,1.16231,1.16282,1222,2,0
2025-12-03 02:00:00,1.16286,1.16332,1.16275,1.16305,1515,2,0
2025-12-03 03:00:00,1.16304,1.16379,1.16303,1.16366,1445,2,0
2025-12-03 04:00:00,1.16367,1.16389,1.16352,1.1638,1202,2,0
2025-12-03 05:00:00,1.16383,1.16391,1.16366,1.16377,987,2,0
2025-12-03 06:00:00,1.16376,1.1642299999999999,1.16358,1.16408,1027,2,0
2025-12-03 07:00:00,1.16409,1.1644,1.16405,1.16422,1140,2,0
2025-12-03 08:00:00,1.16422,1.16479,1.16413,1.16426,1606,2,0
2025-12-03 09:00:00,1.16432,1.1653,1.16395,1.16409,2713,1,0
2025-12-03 10:00:00,1.1641,1.1646,1.16355,1.16444,3065,1,0
2025-12-03 11:00:00,1.16443,1.1648100000000001,1.16398,1.16454,3008,1,0
2025-12-03 12:00:00,1.16454,1.16639,1.16448,1.1660300000000001,2719,1,0
2025-12-03 13:00:00,1.16604,1.16661,1.16551,1.16654,2318,1,0
2025-12-03 14:00:00,1.16653,1.16696,1.1662,1.16632,1973,0,0
2025-12-03 15:00:00,1.16633,1.16756,1.16618,1.16661,3488,0,0
2025-12-03 16:00:00,1.16661,1.16672,1.16555,1.16621,3760,0,0
2025-12-03 17:00:00,1.16615,1.16619,1.16548,1.16548,654,0,0
